time_s,mean_thrust_N,fitted_thrust_N,std_thrust_N,ci95_lower_N,ci95_upper_N
0.0,1236.9136354326629,4295.540244841109,114.73152162508646,1094.4556355716563,1379.3716352936694
0.002,1522.9991108404354,4294.046399905958,220.7339647702582,1322.9991108404354,1722.9991108404354
0.004,1790.3710885182134,4292.553709063682,333.1501350533598,1590.3710885182134,1990.3710885182134
0.006,2039.6301416468823,4291.062171775027,435.10371472430967,1839.6301416468823,2239.6301416468823
0.008,2271.376843407328,4289.571787500741,511.8339048188423,2071.376843407328,2471.376843407328
0.01,2486.211766980436,4288.082555701572,552.1493804873962,2286.211766980436,2686.211766980436
0.012,2684.735485547092,4286.5944758382675,549.8347574752139,2484.735485547092,2884.735485547092
0.014,2867.5485722881813,4285.107547371574,505.9441633438311,2667.5485722881813,3067.5485722881813
0.016,3035.2516003845903,4283.62176976224,439.73001822901637,2835.2516003845903,3235.2516003845903
0.018000000000000002,3188.4451430172044,4282.137142471011,391.27679583058017,2988.4451430172044,3388.4451430172044
0.02,3327.729773366909,4280.653664958638,411.23892647460883,3127.729773366909,3527.729773366909
0.022,3453.706064614589,4279.171336685866,502.0958010656282,3253.706064614589,3653.706064614589
0.024,3566.974589941132,4277.690157113442,618.007015345903,3366.974589941132,3766.974589941132
0.026000000000000002,3668.135922527422,4276.210125702116,718.8491469990821,3468.135922527422,3868.135922527422
0.028,3757.7906355543446,4274.731241912634,785.1790930737143,3557.7906355543446,3957.7906355543446
0.03,3836.5393022027865,4273.253505205743,812.2057386498192,3636.5393022027865,4036.5393022027865
0.032,3904.982495653633,4271.776915042191,804.944030208489,3704.982495653633,4104.982495653633
0.034,3963.7207890877694,4270.301470882726,776.0054603369261,3763.7207890877694,4163.720789087769
0.036000000000000004,4013.3547556860817,4268.827172188095,736.5439706224392,3813.3547556860817,4213.354755686081
0.038,4054.4849686294547,4267.354018419045,693.2827237202016,3854.4849686294547,4254.484968629455
0.04,4087.7120010987755,4265.882009036324,649.4628765489366,3887.7120010987755,4287.7120010987755
0.042,4113.636426274928,4264.411143500681,609.1751057285765,3913.6364262749285,4313.636426274928
0.044,4132.8588173388,4262.941421272861,579.6084613692107,3932.8588173388,4332.8588173388
0.046,4145.979747471276,4261.472841813612,570.8636571923495,3945.979747471276,4345.979747471276
0.048,4153.5997898532405,4260.005404583682,583.2976590086781,3953.5997898532405,4353.5997898532405
0.05,4156.319517665508,4258.53910904382,606.0379220789977,3956.319517665508,4356.319517665508
0.052000000000000005,4149.316566575374,4257.07395465477,624.4040893441316,3949.316566575374,4349.316566575374
0.054,4138.636251659348,4255.609940877283,628.235386943753,3938.636251659348,4338.636251659348
0.056,4127.006383543216,4254.1470671721045,615.068751118665,3927.0063835432156,4327.006383543216
0.058,4116.840819614229,4252.685332999983,591.3466373633324,3916.840819614229,4316.840819614229
0.06,4109.9329852527635,4251.224737821665,566.5751343926328,3909.9329852527635,4309.9329852527635
0.062,4107.270983754092,4249.765281097899,550.232391260428,3907.2709837540924,4307.270983754092
0.064,4108.985955304502,4248.306962289431,548.9082184235449,3908.9859553045017,4308.985955304502
0.066,4114.372854244958,4246.849780857011,563.9992289910316,3914.372854244958,4314.372854244958
0.068,4122.253643414158,4245.393736261383,593.6144371129152,3922.2536434141584,4322.253643414158
0.07,4131.226929077308,4243.9388279632985,631.1751027513093,3931.2269290773083,4331.226929077308
0.07200000000000001,4139.957794465748,4242.485055423502,668.2621763783521,3939.9577944657476,4339.957794465748
0.074,4147.509300581264,4241.032418102742,696.1459172817271,3947.509300581264,4347.509300581264
0.076,4153.398877701752,4239.580915461766,709.5909873864739,3953.398877701752,4353.398877701752
0.078,4157.611758986403,4238.130546961322,707.6603369976108,3957.6117589864034,4357.611758986403
0.08,4160.464840744135,4236.681312062156,693.6247470233062,3960.4648407441346,4360.464840744135
0.082,4162.448304125849,4235.2332102250175,674.5482687469128,3962.448304125849,4362.448304125849
0.084,4164.07606477657,4233.786240910653,657.6882558365994,3964.07606477657,4364.07606477657
0.08600000000000001,4165.735162734337,4232.3404035798085,649.0284111113474,3965.735162734337,4365.735162734337
0.088,4167.648773582552,4230.895697693234,650.676960769844,3967.648773582552,4367.648773582552
0.09,4169.8622560311,4229.452122711677,661.1760776246836,3969.8622560310996,4369.8622560311
0.092,4172.295663773598,4228.009678095882,676.1688368293045,3972.295663773598,4372.295663773598
0.094,4174.802085741694,4226.568363306599,689.7965548919074,3974.802085741694,4374.802085741694
0.096,4177.192504987068,4225.128177804576,697.2563004669033,3977.192504987068,4377.192504987068
0.098,4179.334534250817,4223.689121050558,695.7600454310989,3979.3345342508173,4379.334534250817
0.1,4181.146248800606,4222.251192505295,686.124199136335,3981.1462488006064,4381.146248800606
0.10200000000000001,4182.627636594522,4220.814391629533,671.4373458091861,3982.6276365945223,4382.627636594522
0.10400000000000001,4183.8655637841875,4219.37871788402,656.1052976956495,3983.8655637841875,4383.8655637841875
0.106,4185.018645422028,4217.944170729504,644.1852249540464,3985.0186454220284,4385.018645422028
0.108,4186.294776438208,4216.510749626731,637.8911712371718,3986.294776438208,4386.294776438208
0.11,4187.8919073651705,4215.07845403645,637.3370678597142,3987.8919073651705,4387.8919073651705
0.112,4189.950583904771,4213.647283419407,640.2850746746633,3989.9505839047706,4389.950583904771
0.114,4192.4800530167095,4212.217237236352,643.7575978166325,3992.4800530167095,4392.4800530167095
0.116,4195.441103683297,4210.788314948029,644.9461753480118,3995.441103683297,4395.441103683297
0.11800000000000001,4198.655587800264,4209.360516015189,642.5285193609927,3998.6555878002637,4398.655587800264
0.12,4201.878486694629,4207.933839898577,636.8766917986344,4001.878486694629,4401.878486694629
0.122,4204.878353093562,4206.508286058943,629.7475205629787,4004.8783530935616,4404.878353093562
0.124,4207.491606373099,4205.083853957031,623.5209683346504,4007.491606373099,4407.491606373099
0.126,4209.667730616816,4203.660543053591,619.969661911937,4009.667730616816,4409.667730616816
0.128,4211.472777518923,4202.238352809371,619.7502297868765,4011.472777518923,4411.472777518923
0.13,4213.060861005762,4200.817282685116,621.8800356501768,4013.0608610057616,4413.060861005762
0.132,4214.627555746204,4199.397332141575,624.5073898201,4014.627555746204,4414.627555746204
0.134,4216.337021372615,4197.978500639496,625.5182889257233,4016.337021372615,4416.337021372615
0.136,4218.276591130717,4196.560787639625,623.6260484613189,4018.276591130717,4418.276591130717
0.138,4220.4262373960755,4195.144192602711,618.8354218461584,4020.4262373960755,4420.4262373960755
0.14,4222.670590369575,4193.728714989501,612.4908237260578,4022.6705903695747,4422.670590369575
0.14200000000000002,4224.836081835414,4192.314354260742,606.8785582673638,4024.836081835414,4424.836081835414
0.14400000000000002,4226.742959852955,4190.901109877182,604.145560524261,4026.742959852955,4426.742959852955
0.146,4228.267035456791,4189.488981299568,605.6548170512423,4028.267035456791,4428.267035456791
0.148,4229.371392963902,4188.077967988648,610.9699921906603,4029.3713929639016,4429.371392963902
0.15,4230.119375478559,4186.66806940517,618.2740894921245,4030.119375478559,4430.119375478559
0.152,4230.645163207458,4185.259285009881,624.7289243878416,4030.6451632074577,4430.645163207458
0.154,4231.111398168536,4183.851614263527,627.5930012789293,4031.1113981685357,4431.111398168536
0.156,4231.658990723241,4182.445056626858,625.1904801915954,4031.658990723241,4431.658990723241
0.158,4232.3645921579155,4181.03961156062,617.625500908762,4032.3645921579155,4432.3645921579155
0.16,4233.230644004851,4179.635278525561,606.868776173474,4033.2306440048505,4433.230644004851
0.162,4234.196055615916,4178.232056982428,595.7376020513041,4034.1960556159156,4434.196055615916
0.164,4235.177029314902,4176.829946391969,587.1845842038939,4035.177029314902,4435.177029314902
0.166,4236.103092994204,4175.428946214932,583.0184040173091,4036.1030929942044,4436.103092994204
0.168,4236.945811735992,4174.029055912063,583.5588022965499,4036.945811735992,4436.945811735992
0.17,4237.722875645884,4172.63027494411,587.496484851192,4037.7228756458844,4437.722875645884
0.17200000000000001,4238.478948818396,4171.232602771822,592.2755830153102,4038.478948818396,4438.478948818396
0.17400000000000002,4239.255574574695,4169.836038855944,595.2605338787873,4039.255574574695,4439.255574574695
0.176,4240.058084194975,4168.440582657226,594.4959060759253,4040.058084194975,4440.058084194975
0.178,4240.846011234546,4167.0462336364135,589.6706947870105,4040.8460112345456,4440.846011234546
0.18,4241.540857990104,4165.652991254255,581.9155844425408,4041.540857990104,4441.540857990104
0.182,4242.059161738084,4164.260854971498,573.4589479053318,4042.059161738084,4442.059161738084
0.184,4242.34503481037,4162.869824248889,566.7136038364557,4042.3450348103697,4442.34503481037
0.186,4242.39545525908,4161.479898547177,563.3306376361904,4042.3954552590803,4442.39545525908
0.188,4242.261517308629,4160.091077327109,563.7229913661733,4042.2615173086288,4442.261517308629
0.19,4242.027193572179,4158.703360049432,566.7792099333715,4042.0271935721794,4442.027193572179
0.192,4241.775106559205,4157.316746174894,570.599396354832,4041.7751065592047,4441.775106559205
0.194,4241.5502467345395,4155.931235164242,573.0636860316563,4041.5502467345395,4441.5502467345395
0.196,4241.344644835503,4154.546826478224,572.7445886504381,4041.3446448355025,4441.344644835503
0.198,4241.1016051539045,4153.163519577587,569.262148907891,4041.1016051539045,4441.1016051539045
0.2,4240.7476514116015,4151.781313923079,563.3494367516315,4040.7476514116015,4440.7476514116015
0.202,4240.226254186333,4150.400208975448,556.5853308075358,4040.226254186333,4440.226254186333
0.20400000000000001,4239.528295134541,4149.020204195439,550.605638883091,4039.5282951345407,4439.528295134541
0.20600000000000002,4238.696806864824,4147.641299043803,546.6424435176644,4038.696806864824,4438.696806864824
0.20800000000000002,4237.825121055208,4146.263492981285,545.0075813714316,4037.825121055208,4437.825121055208
0.21,4237.012496068511,4144.886785468633,545.2467925245254,4037.0124960685107,4437.012496068511
0.212,4236.323112275664,4143.511175966595,546.3544262264955,4036.3231122756642,4436.323112275664
0.214,4235.7738598146025,4142.1366639359185,547.2208439543349,4035.7738598146025,4435.7738598146025
0.216,4235.329179871056,4140.76324883735,547.0686636415546,4035.329179871056,4435.329179871056
0.218,4234.922172393032,4139.390930131638,545.6254060676641,4034.9221723930323,4434.922172393032
0.22,4234.482958121448,4138.019707279531,543.1928618470016,4034.482958121448,4434.482958121448
0.222,4233.966360302424,4136.649579741774,540.3448522801763,4033.9663603024237,4433.966360302424
0.224,4233.368249804105,4135.280546979116,537.7089570516205,4033.3682498041053,4433.368249804105
0.226,4232.720844178278,4133.912608452304,535.7140435520337,4032.7208441782777,4432.720844178278
0.228,4232.075297835194,4132.545763622085,534.491612121729,4032.075297835194,4432.075297835194
0.23,4231.4743216670895,4131.180011949209,533.9110749464974,4031.4743216670895,4431.4743216670895
0.232,4230.933274917924,4129.81535289442,533.6527838837079,4030.933274917924,4430.933274917924
0.234,4230.431095649508,4128.451785918469,533.4026463455125,4030.4310956495083,4430.431095649508
0.23600000000000002,4229.918251907269,4127.089310482101,532.9436014687905,4029.918251907269,4429.918251907269
0.23800000000000002,4229.333592329283,4125.727926046064,532.236122102224,4029.3335923292834,4429.333592329283
0.24,4228.62492020389,4124.367632071106,531.3885145571136,4028.62492020389,4428.62492020389
0.242,4227.7664600032385,4123.008428017973,530.5768087505583,4027.7664600032385,4427.7664600032385
0.244,4226.764272740607,4121.650313347414,529.934990705014,4026.7642727406073,4426.764272740607
0.246,4225.653092890402,4120.293287520178,529.4893017960364,4025.653092890402,4425.653092890402
0.248,4224.482528676032,4118.937349997009,529.1389943645662,4024.4825286760324,4424.482528676032
0.25,4223.304118057393,4117.582500238656,528.7086847246785,4023.3041180573928,4423.304118057393
0.252,4222.1599599078,4116.228737705868,527.9863810673563,4022.1599599078,4422.1599599078
0.254,4221.077175761564,4114.876061859391,526.7825741014898,4021.077175761564,4421.077175761564
0.256,4220.068505902542,4113.524472159972,525.080268971821,4020.068505902542,4420.068505902542
0.258,4219.13596709103,4112.173968068359,522.7557686747634,4019.1359670910297,4419.13596709103
0.26,4218.276552714299,4110.8245490453,520.0632048388176,4018.276552714299,4418.276552714299
0.262,4217.484318019882,4109.476214551542,517.4954632435889,4017.4843180198823,4417.484318019882
0.264,4216.7504960363085,4108.1289640478335,515.4110234827795,4016.7504960363085,4416.7504960363085
0.266,4216.060572067595,4106.78279699492,514.1451041227302,4016.060572067595,4416.060572067595
0.268,4215.392257813012,4105.437712853551,513.8490412831796,4015.3922578130123,4415.392257813012
0.27,4214.71524597159,4104.0937110844725,514.4926013714428,4014.71524597159,4414.71524597159
0.272,4213.995989165875,4102.750791148434,515.8201302521148,4013.9959891658746,4413.995989165875
0.274,4213.203203736411,4101.40895250618,517.366839551765,4013.2032037364106,4413.203203736411
0.276,4212.316462804134,4100.06819461846,518.5830875780449,4012.316462804134,4412.316462804134
0.278,4211.336565728582,4098.728516946022,518.9295890719671,4011.336565728582,4411.336565728582
0.28,4210.283418266824,4097.3899189496115,518.0896139995557,4010.283418266824,4410.283418266824
0.28200000000000003,4209.194860357251,4096.052400089978,516.0163073498138,4009.194860357251,4409.194860357251
0.28400000000000003,4208.115109108518,4094.7159598278677,512.9935486273633,4008.1151091085176,4408.115109108518
0.28600000000000003,4207.082024644836,4093.3805976240287,509.60556209442404,4007.0820246448357,4407.082024644836
0.28800000000000003,4206.115534765622,4092.0463129392083,506.52436557042176,4006.115534765622,4406.115534765622
0.29,4205.211474026847,4090.713105234154,504.3632919025861,4005.211474026847,4405.211474026847
0.292,4204.343987962405,4089.3809739696135,503.39913265331916,4004.3439879624048,4404.343987962405
0.294,4203.475466515237,4088.049918606334,503.5421816818735,4003.475466515237,4403.475466515237
0.296,4202.5685488427625,4086.719938605063,504.30268638510927,4002.5685488427625,4402.5685488427625
0.298,4201.5985092469155,4085.3910334265483,504.92577037393454,4001.5985092469155,4401.5985092469155
0.3,4200.5603339945665,4084.0632025315367,504.6988624163442,4000.5603339945665,4400.5603339945665
0.302,4199.468248053227,4082.736445380777,503.1866946012542,3999.4682480532274,4399.468248053227
0.304,4198.349943001379,4081.410761435015,500.5322770396944,3998.349943001379,4398.349943001379
0.306,4197.2375401554,4080.086150155,497.34779101513755,3997.2375401554,4397.2375401554
0.308,4196.161996219179,4078.762611001478,494.57990595618975,3996.161996219179,4396.161996219179
0.31,4195.137330889822,4077.440143435197,493.1194671222074,3995.137330889822,4395.137330889822
0.312,4194.168761239371,4076.118746916905,493.4665155968757,3994.1687612393707,4394.168761239371
0.314,4193.261285398823,4074.798420907349,495.531483533131,3993.261285398823,4393.261285398823
0.316,4192.414140644906,4073.4791648672763,498.5380476319108,3992.414140644906,4392.414140644906
0.318,4191.621383007083,4072.1609782574346,501.3773801535152,3991.621383007083,4391.621383007083
0.32,4190.869466547753,4070.843860538572,502.8896370436229,3990.8694665477533,4390.869466547753
0.322,4190.134202548876,4069.527811171435,502.30352938926865,3990.1342025488757,4390.134202548876
0.324,4189.380205770787,4068.2128296167716,499.55923650107326,3989.380205770787,4389.380205770787
0.326,4188.565874228863,4066.8989153353295,495.20641076345095,3988.5658742288633,4388.565874228863
0.328,4187.652371716277,4065.586067787856,490.4576098212379,3987.6523717162772,4387.652371716277
0.33,4186.615165628204,4064.2742864350985,486.37788446233094,3986.6151656282036,4386.615165628204
0.332,4185.4533718075645,4062.9635707378043,483.92618525820586,3985.4533718075645,4385.4533718075645
0.334,4184.192712761176,4061.653920156721,483.36603280981075,3984.192712761176,4384.192712761176
0.336,4182.880493840242,4060.345334152597,484.3817693324688,3982.880493840242,4382.880493840242
0.338,4181.571585533653,4059.0378121861786,486.14019345414243,3981.571585533653,4381.571585533653
0.34,4180.31387987756,4057.7313537182135,487.7207023508866,3980.31387987756,4380.31387987756
0.342,4179.1344394775015,4056.4259582094496,488.4188944574961,3979.1344394775015,4379.1344394775015
0.34400000000000003,4178.034426681207,4055.1216251206342,487.92555462050285,3978.034426681207,4378.034426681207
0.34600000000000003,4176.992813908121,4053.818353912515,486.47559089230714,3976.992813908121,4376.992813908121
0.34800000000000003,4175.977730042487,4052.516144045839,484.54376084794,3975.9777300424867,4375.977730042487
0.35000000000000003,4174.96225562441,4051.2149949813547,482.68727121460915,3974.9622556244103,4374.96225562441
0.352,4173.934778978485,4049.9149061798084,481.27059081237604,3973.934778978485,4373.934778978485
0.354,4172.904134782421,4048.615877101948,480.37996340958045,3972.9041347824214,4372.904134782421
0.356,4171.893166663161,4047.3179072085213,479.83406544256553,3971.8931666631606,4371.893166663161
0.358,4170.928373696095,4046.0209959602757,479.346698776849,3970.928373696095,4370.928373696095
0.36,4170.025961356511,4044.7251428179584,478.73261398752015,3970.0259613565113,4370.025961356511
0.362,4169.181430487418,4043.430347242317,478.0412308335748,3969.181430487418,4369.181430487418
0.364,4168.368422716499,4042.1366086940993,477.56560900053336,3968.3684227164986,4368.368422716499
0.366,4167.544667180039,4040.843926634053,477.6850719884295,3967.544667180039,4367.544667180039
0.368,4166.666833381427,4039.5523005229243,478.6479447329383,3966.666833381427,4366.666833381427
0.37,4165.704475876261,4038.2617298214623,480.34007350172413,3965.7044758762613,4365.704475876261
0.372,4164.652054224323,4036.9722139904134,482.26082159332304,3964.6520542243234,4364.652054224323
0.374,4163.531086140102,4035.6837524905254,483.6048976076238,3963.531086140102,4363.531086140102
0.376,4162.385386813145,4034.3963447825463,483.58484256401897,3962.3853868131446,4362.385386813145
0.378,4161.26767817162,4033.109990327223,481.7034429513679,3961.26767817162,4361.26767817162
0.38,4160.219407448295,4031.824688585303,478.0543546711324,3960.219407448295,4360.219407448295
0.382,4159.260072252712,4030.540439017534,473.3770264825299,3959.2600722527122,4359.260072252712
0.384,4158.375950124508,4029.2572410846637,468.8213557361336,3958.3759501245077,4358.375950124508
0.386,4157.52295760718,4027.975094247439,465.6432214601938,3957.5229576071797,4357.52295760718
0.388,4156.637752588037,4026.693997966608,464.69010146689726,3956.637752588037,4356.637752588037
0.39,4155.654324910403,4025.413951702918,466.18652136066777,3955.6543249104034,4355.654324910403
0.392,4154.523139237258,4024.1349549171164,469.53386339704934,3954.523139237258,4354.523139237258
0.394,4153.223897302142,4022.8570070699507,473.4928162542131,3953.223897302142,4353.223897302142
0.396,4151.771384002463,4021.5801076221683,476.6385029552236,3951.7713840024626,4351.771384002463
0.398,4150.213238608551,4020.3042560345166,477.8145842629499,3950.2132386085514,4350.213238608551
0.4,4148.618435928948,4019.029451767744,476.6379386308627,3948.618435928948,4348.618435928948
0.402,4147.062039287025,4017.755694282597,473.50117578842423,3947.062039287025,4347.062039287025
0.404,4145.608731722458,4016.4829830398235,469.50475893230936,3945.6087317224583,4345.608731722458
0.406,4144.301540890473,4015.211317500171,466.0027642327711,3944.301540890473,4344.301540890473
0.40800000000000003,4143.154925767683,4013.9406971243866,464.0935188852443,3943.1549257676834,4343.154925767683
0.41000000000000003,4142.155766980042,4012.6711213732183,464.2552361367346,3942.1557669800422,4342.155766980042
0.41200000000000003,4141.269152065552,4011.4025897074134,466.1171278653967,3941.2691520655517,4341.269152065552
0.41400000000000003,4140.447933901319,4010.1351015877194,468.6881155773291,3940.4479339013187,4340.447933901319
0.41600000000000004,4139.643736430406,4008.868656474884,470.618575281814,3939.6437364304056,4339.643736430406
0.418,4138.8151227576445,4007.603253829654,470.77765284283447,3938.8151227576445,4338.8151227576445
0.42,4137.934408254494,4006.338893112778,468.60874424145413,3937.934408254494,4337.934408254494
0.422,4136.9903308629955,4005.0755737850027,464.4022436657761,3936.9903308629955,4336.9903308629955
0.424,4135.988237189494,4003.813295307076,459.22338056443937,3935.9882371894937,4335.988237189494
0.426,4134.947472824096,4002.5520571397446,454.4402661265212,3934.9474728240957,4334.947472824096
0.428,4133.896031593891,4001.291858743757,451.3116513909063,3933.896031593891,4333.896031593891
0.43,4132.865066697717,4000.03269957986,450.47525470535027,3932.8650666977173,4332.865066697717
0.432,4131.882240612813,3998.774579108802,451.8825090488381,3931.882240612813,4331.882240612813
0.434,4130.965230644101,3997.517496791329,454.79085673093454,3930.965230644101,4330.965230644101
0.436,4130.1174991109665,3996.26145208819,458.0358537460643,3930.1174991109665,4330.1174991109665
0.438,4129.326737209135,3995.0064444601317,460.47032943625277,3929.326737209135,4329.326737209135
0.44,4128.5657541242845,3993.7524733679015,461.25983688628764,3928.5657541242845,4328.5657541242845
0.442,4127.805275661506,3992.4995382722473,460.1848579310549,3927.805275661506,4327.805275661506
0.444,4127.016693299988,3991.2476386339167,457.5781918593329,3927.016693299988,4327.016693299988
0.446,4126.181468047642,3989.996773913657,454.2181572434305,3926.181468047642,4326.181468047642
0.448,4125.296111906569,3988.7469435722155,451.02130471425784,3925.2961119065694,4325.296111906569
0.45,4124.373148127215,3987.4981470703397,448.72441296463404,3924.3731481272152,4324.373148127215
0.452,4123.435483984909,3986.250383868777,447.69994242670094,3923.4354839849093,4323.435483984909
0.454,4122.509590805575,3985.003653428276,447.8611516902659,3922.5095908055746,4322.509590805575
0.456,4121.6139619485675,3983.7579552095826,448.80404188110117,3921.6139619485675,4321.6139619485675
0.458,4120.752569691334,3982.5132886734455,449.94685904915656,3920.7525696913344,4320.752569691334
0.46,4119.911382720976,3981.2696532806112,450.7498328589025,3919.911382720976,4319.911382720976
0.462,4119.060967580405,3980.0270484918283,450.8516141088077,3919.0609675804053,4319.060967580405
0.464,4118.16613704954,3978.7854737678435,450.13799245930113,3918.1661370495403,4318.16613704954
0.466,4117.194210653331,3977.5449285694044,448.733195539075,3917.1942106533306,4317.194210653331
0.468,4116.126847334082,3976.305412357259,446.86834462005896,3916.1268473340824,4316.126847334082
0.47000000000000003,4114.964350167288,3975.066924592154,444.81250442481564,3914.964350167288,4314.964350167288
0.47200000000000003,4113.725268891696,3973.8294647348375,442.79486310154624,3913.725268891696,4313.725268891696
0.47400000000000003,4112.43954528996,3972.5930322460567,440.98569512788686,3912.43954528996,4312.43954528996
0.47600000000000003,4111.137841054509,3971.357626586559,439.5152840286158,3911.1378410545094,4311.137841054509
0.47800000000000004,4109.842131084055,3970.1232472170923,438.4729316818955,3909.842131084055,4309.842131084055
0.48,4108.557874891977,3968.8898935984043,437.944152798068,3908.557874891977,4308.557874891977
0.482,4107.27365970536,3967.6575651912417,437.9728256905052,3907.27365970536,4307.27365970536
0.484,4105.965966623111,3966.426261456352,438.51498103053626,3905.965966623111,4305.965966623111
0.486,4104.608653188621,3965.1959818544838,439.4457686427331,3904.6086531886212,4304.608653188621
0.488,4103.184674559232,3963.9667258463837,440.5281091304441,3903.184674559232,4303.184674559232
0.49,4101.693809562463,3962.7384928927995,441.5383134107994,3901.693809562463,4301.693809562463
0.492,4100.156938455286,3961.511282454478,442.03695688808074,3900.156938455286,4300.156938455286
0.494,4098.611845656884,3960.2850939921677,441.80391189114323,3898.611845656884,4298.611845656884
0.496,4097.105376526147,3959.0599269666154,440.77437850899645,3897.1053765261468,4297.105376526147
0.498,4095.680902513381,3957.8357808385695,439.0582325092289,3895.680902513381,4295.680902513381
0.5,4094.3661328347152,3956.6126550687763,436.9670342379684,3894.3661328347152,4294.366132834715
0.502,4093.1654393817407,3955.390549117984,434.90293289735223,3893.1654393817407,4293.165439381741
0.504,4092.056936489377,3954.16946244694,433.3087777438893,3892.056936489377,4292.056936489377
0.506,4090.997625934721,3952.9493945163917,432.4177435540848,3890.997625934721,4290.99762593472
0.508,4089.936437681624,3951.730344787087,432.26867574982543,3889.936437681624,4289.936437681624
0.51,4088.816029624137,3950.512312719772,432.6669489338992,3888.816029624137,4288.816029624137
0.512,4087.5990316750185,3949.295297775196,433.18817123124705,3887.5990316750185,4287.5990316750185
0.514,4086.2720465495586,3948.079299414106,433.37275356455615,3886.2720465495586,4286.272046549559
0.516,4084.8493271636153,3946.864317097249,432.7472991211479,3884.8493271636153,4284.849327163615
0.518,4083.368200278548,3945.6503502853725,431.1276678274853,3883.368200278548,4283.368200278548
0.52,4081.8804166561326,3944.4373984392246,428.61042968502164,3881.8804166561326,4281.880416656133
0.522,4080.439270647243,3943.225461019552,425.54816850168373,3880.439270647243,4280.439270647243
0.524,4079.08736836734,3942.014537487103,422.5275551839214,3879.08736836734,4279.08736836734
0.526,4077.8485258338437,3940.8046273026243,420.12983226739937,3877.8485258338437,4277.848525833844
0.528,4076.7235533062453,3939.5957299268644,418.8338346384415,3876.7235533062453,4276.723553306245
0.53,4075.6932160566776,3938.3878448205696,418.8314106495487,3875.6932160566776,4275.693216056678
0.532,4074.7248000246755,3937.1809714444885,419.98221321317914,3874.7248000246755,4274.7248000246755
0.534,4073.780895593126,3935.975109259368,421.88322947895773,3873.780895593126,4273.780895593126
0.536,4072.829348201967,3934.7702577259556,423.9258128795945,3872.829348201967,4272.829348201967
0.538,4071.848816701141,3933.5664163049987,425.51473826568366,3871.848816701141,4271.848816701141
0.54,4070.83155915049,3932.3635844572455,426.20728626273643,3870.83155915049,4270.831559150491
0.542,4069.7843718239974,3931.1617616434423,425.8846609111219,3869.7843718239974,4269.784371823997
0.544,4068.7168097580015,3929.9609473243377,424.77967324558466,3868.7168097580015,4268.716809758002
0.546,4067.6407803559964,3928.761140960679,423.3383472235511,3867.6407803559964,4267.640780355996
0.548,4066.565364104963,3927.5623420132133,422.110030372066,3866.565364104963,4266.565364104963
0.55,4065.494570606257,3926.364549942688,421.497891043477,3865.494570606257,4265.494570606257
0.552,4064.4268466391636,3925.167764209851,421.65182975476756,3864.4268466391636,4264.426846639164
0.554,4063.3568529638296,3923.97198427545,422.3722458771836,3863.3568529638296,4263.35685296383
0.556,4062.276323044269,3922.777209600232,423.1989111196608,3862.276323044269,4262.276323044269
0.558,4061.1775511890096,3921.5834396449445,423.39346407098816,3861.1775511890096,4261.17755118901
0.56,4060.05400392679,3920.3906738703354,422.7889339257575,3860.05400392679,4260.05400392679
0.562,4058.901004692732,3919.198911737152,420.9834879033857,3858.901004692732,4258.901004692732
0.5640000000000001,4057.716379074502,3918.008152706141,418.0684595244784,3857.716379074502,4257.716379074502
0.5660000000000001,4056.499905869172,3916.8183962380517,414.5204689977474,3856.499905869172,4256.499905869172
0.5680000000000001,4055.2554080646896,3915.62964179363,411.0264758779364,3855.2554080646896,4255.25540806469
0.5700000000000001,4053.9893908785443,3914.441888833624,408.2922524280002,3853.9893908785443,4253.989390878544
0.5720000000000001,4052.711377848785,3913.255136818781,406.8227840918469,3852.711377848785,4252.711377848786
0.5740000000000001,4051.4327883526103,3912.069385209849,406.7663818373615,3851.4327883526103,4251.43278835261
0.5760000000000001,4050.165237747489,3910.884633467575,407.93562526242687,3850.165237747489,4250.165237747489
0.578,4048.917318250678,3909.700881052707,409.8285187534644,3848.917318250678,4248.917318250678
0.58,4047.691811185416,3908.518127425991,411.83100990424225,3847.691811185416,4247.691811185416
0.582,4046.48398895002,3907.3363720481766,413.3858482386339,3846.48398895002,4246.48398895002
0.584,4045.2817232119005,3906.15561438001,414.1563619446656,3845.2817232119005,4245.2817232119005
0.586,4044.0672715980236,3904.9758538822393,414.0739240898393,3844.0672715980236,4244.067271598024
0.588,4042.8214504625785,3903.7970900156115,413.28730281009314,3842.8214504625785,4242.8214504625785
0.59,4041.5283646860653,3902.619322240874,412.0889038053895,3841.5283646860653,4241.528364686065
0.592,4040.1793929050004,3901.442550018775,410.76087370972914,3840.1793929050004,4240.179392905
0.594,4038.775258159641,3900.2667728100614,409.476662707551,3838.775258159641,4238.775258159641
0.596,4037.325324700123,3899.091990075481,408.2671477323558,3837.325324700123,4237.325324700123
0.598,4035.8439772665306,3897.9182012757815,407.05837919605426,3835.8439772665306,4235.843977266531
0.6,4034.3458087054114,3896.7454058717094,405.7582665713576,3834.3458087054114,4234.345808705411
0.602,4032.84122014073,3895.5736033240137,404.3509254502175,3832.84122014073,4232.84122014073
0.604,4031.3345642358386,3894.402793093441,402.94106343272745,3831.3345642358386,4231.334564235838
0.606,4029.825180072521,3893.232974640738,401.7356325760507,3829.825180072521,4229.825180072521
0.608,4028.3116661778968,3892.064147426654,400.96297246923825,3828.3116661778968,4228.311666177897
0.61,4026.7925660788737,3890.896310911935,400.76299195080674,3826.7925660788737,4226.792566078873
0.612,4025.2835814238997,3889.7294645573293,401.12706887282275,3825.2835814238997,4225.2835814239
0.614,4023.8061232372806,3888.5636078235843,401.8494441788196,3823.8061232372806,4223.80612323728
0.616,4022.3882463319824,3887.398740171447,402.60640920969934,3822.3882463319824,4222.388246331982
0.618,4021.058195778742,3886.2348610616655,403.0671998801803,3821.058195778742,4221.058195778742
0.62,4019.836517072264,3885.0719699549873,403.02687427042,3819.836517072264,4219.8365170722645
0.622,4018.729536558144,3883.9100663121594,402.496666333331,3818.729536558144,4218.729536558144
0.624,4017.7259719845165,3882.7491495939294,401.6969753924779,3817.7259719845165,4217.725971984517
0.626,4016.7987909687254,3881.589219261045,400.99041456850847,3816.7987909687254,4216.798790968725
0.628,4015.910546545385,3880.430274774254,400.7139118306093,3815.910546545385,4215.910546545385
0.63,4015.0222193082877,3879.272315594303,401.05284564848404,3815.0222193082877,4215.022219308288
0.632,4014.1018628146344,3878.1153411819405,401.9168280006922,3814.1018628146344,4214.101862814634
0.634,4013.130246027839,3876.9593509979136,402.9606253090285,3813.130246027839,4213.130246027838
0.636,4012.104332957374,3875.8043445029693,403.6792890570318,3812.104332957374,4212.104332957374
0.638,4011.034504449741,3874.6503211578556,403.58064160071746,3811.034504449741,4211.034504449741
0.64,4009.9400385452786,3873.4972804233203,402.38144314737264,3809.9400385452786,4209.940038545279
0.642,4008.842977625309,3872.3452217601102,400.0828261019061,3808.842977625309,4208.842977625309
0.644,4007.7625210542415,3871.1941446289734,397.04926706870526,3807.7625210542415,4207.762521054241
0.646,4006.7115838154946,3870.0440484906567,393.86637763955304,3806.7115838154946,4206.711583815495
0.648,4005.6948889293058,3868.8949328059084,391.1704327440017,3805.6948889293058,4205.694888929305
0.65,4004.70982412728,3867.7467970354755,389.44222009930473,3804.70982412728,4204.70982412728
0.652,4003.749503140626,3866.5996406401055,388.8498805556457,3803.749503140626,4203.749503140626
0.654,4002.80348496285,3865.453463080546,389.2513006372297,3802.80348496285,4202.803484962849
0.656,4001.8605696623845,3864.3082638175447,390.1990409460759,3801.8605696623845,4201.8605696623845
0.658,4000.909569896366,3863.164042311849,391.13531323768854,3800.909569896366,4200.9095698963665
0.66,3999.939955245636,3862.0207980242058,391.56006086464413,3799.939955245636,4199.939955245636
0.662,3998.9426382532783,3860.8785304153635,391.2068915099569,3798.9426382532783,4198.942638253278
0.664,3997.9110638799534,3859.737238946069,390.126001070604,3797.9110638799534,4197.911063879954
0.666,3996.842585769162,3858.5969230770697,388.62608254023866,3796.842585769162,4196.842585769162
0.668,3995.7399457805877,3857.4575822691136,387.188694234431,3795.7399457805877,4195.739945780588
0.67,3994.6161415138095,3856.319215982948,386.2596455251693,3794.6161415138095,4194.616141513809
0.672,3993.4744279089864,3855.1818236793206,386.1182083462853,3793.4744279089864,4193.474427908986
0.674,3992.324632743625,3854.0454048189786,386.75247859936,3792.324632743625,4192.3246327436245
0.676,3991.172615862069,3852.9099588626696,387.87447709521877,3791.172615862069,4191.1726158620695
0.678,3990.016534890813,3851.775485271141,389.0266985990835,3790.016534890813,4190.016534890813
0.68,3988.845389507408,3850.64198350514,389.7069674667537,3788.845389507408,4188.845389507408
0.682,3987.6400291168434,3849.5094530254146,389.5452230592097,3787.6400291168434,4187.640029116843
0.684,3986.3782683937097,3848.3778932927125,388.37142537488194,3786.3782683937097,4186.37826839371
0.686,3985.0415257206682,3847.2473037677805,386.295335070998,3785.0415257206682,4185.041525720668
0.6880000000000001,3983.621227169699,3846.117683911367,383.63896362548974,3783.621227169699,4183.621227169699
0.6900000000000001,3982.1238362985905,3844.9890331842184,380.80685630751975,3782.1238362985905,4182.1238362985905
0.6920000000000001,3980.5708847852766,3843.8613510470827,378.215301601234,3780.5708847852766,4180.570884785277
0.6940000000000001,3978.99572780995,3842.7346369607076,376.155681553108,3778.99572780995,4178.99572780995
0.6960000000000001,3977.4352844188393,3841.6088903858404,374.7779764060831,3777.4352844188393,4177.43528441884
0.6980000000000001,3975.921384057149,3840.4841107832285,374.02588527307637,3775.921384057149,4175.921384057149
0.7000000000000001,3974.473052324725,3839.36029761362,373.78809738863214,3774.473052324725,4174.473052324725
0.7020000000000001,3973.0927518946064,3838.2374503377614,373.879762949027,3773.0927518946064,4173.092751894606
0.704,3971.766739477877,3837.115568416401,374.16067942980527,3771.766739477877,4171.766739477876
0.706,3970.4701689421213,3835.994651310286,374.4800935126496,3770.4701689421213,4170.470168942122
0.708,3969.174952325721,3834.8746984801637,374.71548825272095,3769.174952325721,4169.17495232572
0.71,3967.8578352039576,3833.755709386782,374.7534196866663,3767.8578352039576,4167.857835203958
0.712,3966.5060054679493,3832.6376834908883,374.49304509289084,3766.5060054679493,4166.506005467949
0.714,3965.1194984728577,3831.52062025323,373.851588758743,3765.1194984728577,4165.119498472857
0.716,3963.7089726540426,3830.4045191345544,372.82102595964386,3763.7089726540426,4163.708972654043
0.718,3962.290733688658,3829.2893795956093,371.45990551536266,3762.290733688658,4162.290733688658
0.72,3960.879280974143,3828.175201097142,369.7102479584777,3760.879280974143,4160.879280974143
0.722,3959.4814447836347,3827.0619830999,368.27989725292167,3759.4814447836347,4159.481444783634
0.724,3958.0931783243464,3825.949725064631,367.1687327295683,3758.0931783243464,4158.093178324347
0.726,3956.700173902623,3824.8384264520823,366.52524481655666,3756.700173902623,4156.700173902624
0.728,3955.282812848008,3823.7280867230015,366.3353997484348,3755.282812848008,4155.282812848008
0.73,3953.822354851232,3822.6187053381364,366.41890013130524,3753.822354851232,4153.822354851232
0.732,3952.3087793036557,3821.5102817582338,366.45428151730556,3752.3087793036557,4152.308779303656
0.734,3950.7450667448097,3820.4028154440416,366.0726614122328,3750.7450667448097,4150.74506674481
0.736,3949.148441055927,3819.2963058563073,364.9958879964283,3749.148441055927,4149.148441055927
0.738,3947.547245596985,3818.1907524557787,363.1239096807246,3747.547245596985,4147.547245596985
0.74,3945.9741043306267,3817.0861547032027,360.64971988075513,3745.9741043306267,4145.974104330627
0.742,3944.4590955145286,3815.982512059327,357.9762672168907,3744.4590955145286,4144.459095514529
0.744,3943.0213163292397,3814.879823984899,355.6389519252696,3743.0213163292397,4143.021316329239
0.746,3941.6652074297126,3813.7780899406666,354.1240881569135,3741.6652074297126,4141.665207429713
0.748,3940.3800397800937,3812.677309387377,353.7148868617425,3740.3800397800937,4140.380039780093
0.75,3939.1435986396546,3811.5774817857773,354.429536081296,3739.1435986396546,4139.143598639655
0.752,3937.9289308052957,3810.478606596616,355.9030803979751,3737.9289308052957,4137.928930805296
0.754,3936.709517728717,3809.38068328064,357.5531934145772,3736.709517728717,4136.709517728717
0.756,3935.4675522350663,3808.2837112985967,358.6870672287374,3735.4675522350663,4135.467552235066
0.758,3934.195833105957,3807.1876901112337,358.75098190189027,3734.195833105957,4134.195833105957
0.76,3932.8980491613797,3806.0926191792987,357.4898310326695,3732.8980491613797,4132.89804916138
0.762,3931.5858811765065,3804.9984979635387,354.98595145049563,3731.5858811765065,4131.5858811765065
0.764,3930.2735479725397,3803.9053259247016,351.7193043094065,3730.2735479725397,4130.27354797254
0.766,3928.9722443182186,3802.8131025235352,348.3204822511418,3728.9722443182186,4128.972244318218
0.768,3927.684575121397,3801.721827220786,345.4217553185203,3727.684575121397,4127.684575121397
0.77,3926.4016308942355,3800.6314994772024,343.43211558910207,3726.4016308942355,4126.4016308942355
0.772,3925.0969604571596,3799.5421187535317,342.4401324644865,3725.0969604571596,4125.09696045716
0.774,3923.7499493798646,3798.4536845105213,342.2303947656976,3723.7499493798646,4123.749949379864
0.776,3922.333304727854,3797.366196208918,342.3074810538265,3722.333304727854,4122.333304727854
0.778,3920.8246775793077,3796.279653309471,342.1258912085136,3720.8246775793077,4120.824677579308
0.78,3919.213517093627,3795.1940552729266,341.22730945058294,3719.213517093627,4119.213517093627
0.782,3917.504498324679,3794.109401560032,339.4411207128449,3717.504498324679,4117.504498324679
0.784,3915.718692542056,3793.0256916315357,336.90755907922716,3715.718692542056,4115.718692542056
0.786,3913.8901465634913,3791.942924948184,334.0205946938493,3713.8901465634913,4113.890146563492
0.788,3912.05979874615,3790.8611009707256,331.32281712776756,3712.05979874615,4112.05979874615
0.79,3910.268428469492,3789.7802191599076,329.2927104334462,3710.268428469492,4110.2684284694915
0.792,3908.5474930395812,3788.700278976477,328.2503137939789,3708.5474930395812,4108.547493039581
0.794,3906.9135589570865,3787.621279881182,328.20421660578336,3706.9135589570865,4106.913558957087
0.796,3905.3649324993794,3786.5432213347694,328.9036474438108,3705.3649324993794,4105.364932499379
0.798,3903.882558752239,3785.4661027979873,329.90534090716767,3703.882558752239,4103.882558752239
0.8,3902.4343440961256,3784.3899237315827,330.67189079714655,3702.4343440961256,4102.434344096126
0.802,3900.981763668331,3783.3146835963034,330.7567628529939,3700.981763668331,4100.981763668331
0.804,3899.4879723516533,3782.2403818528974,329.8841677416286,3699.4879723516533,4099.487972351653
0.806,3897.925424719243,3781.167017962111,328.0914825181296,3697.925424719243,4097.925424719243
0.808,3896.2800422669884,3780.0945913846926,325.65699092633633,3696.2800422669884,4096.280042266988
0.81,3894.553788076573,3779.0231015813897,323.0117040457358,3694.553788076573,4094.553788076573
0.812,3892.762524179416,3777.952548012949,320.6270663997281,3692.762524179416,4092.762524179416
0.8140000000000001,3890.931918896946,3776.882930140119,318.8476526076593,3690.931918896946,4090.931918896946
0.8160000000000001,3889.0895583230067,3775.814247423646,317.8425408927317,3689.0895583230067,4089.0895583230067
0.8180000000000001,3887.2655916071412,3774.746499324279,317.5230105357704,3687.2655916071412,4087.2655916071412
0.8200000000000001,3885.47545254925,3773.6796853027645,317.6233184735462,3685.47545254925,4085.47545254925
0.8220000000000001,3883.723943280495,3772.61380481985,317.77818391904117,3683.723943280495,4083.723943280495
0.8240000000000001,3882.0063454072183,3771.5488573362836,317.6142417150833,3682.0063454072183,4082.0063454072183
0.8260000000000001,3880.3126667606352,3770.484842312812,316.87445344286334,3680.3126667606352,4080.3126667606352
0.8280000000000001,3878.6342718938467,3769.421759210183,315.44843487985787,3678.6342718938467,4078.6342718938467
0.8300000000000001,3876.968754874207,3768.3596074891448,313.4259564346334,3676.968754874207,4076.968754874207
0.8320000000000001,3875.32182953788,3767.298386610444,311.0281633214383,3675.32182953788,4075.32182953788
0.834,3873.707407300358,3766.2380960348282,308.54593718822167,3673.707407300358,4073.707407300358
0.836,3872.1430873009226,3765.178735223046,306.2843874890899,3672.1430873009226,4072.1430873009226
0.838,3870.6446155425947,3764.120303635843,304.4862732467685,3670.6446155425947,4070.6446155425947
0.84,3869.219323925809,3763.062800733968,303.32150099723015,3669.219323925809,4069.219323925809
0.842,3867.8627751315453,3762.006225978168,302.8284075758971,3667.8627751315453,4067.8627751315453
0.844,3866.5576978011836,3760.950578829191,302.9298138197409,3666.5576978011836,4066.5576978011836
0.846,3865.27808353399,3759.8958587477837,303.45064005301566,3665.27808353399,4065.27808353399
0.848,3863.995390138508,3758.8420651946944,304.1117516484372,3663.995390138508,4063.995390138508
0.85,3862.6851824197747,3757.78919763067,304.6054406635338,3662.6851824197747,4062.6851824197747
0.852,3861.3337791259373,3756.737255516459,304.62308584309187,3661.3337791259373,4061.3337791259373
0.854,3859.9411588992157,3755.6862383128073,303.9455336490324,3659.9411588992157,4059.9411588992157
0.856,3858.5198945103743,3754.6361454804637,302.48540965511063,3658.5198945103743,4058.5198945103743
0.858,3857.0897700768464,3753.5869764801755,300.30362783648036,3657.0897700768464,4057.0897700768464
0.86,3855.671354529131,3752.5387307726896,297.6646442887631,3655.671354529131,4055.671354529131
0.862,3854.279505380901,3751.491407818754,294.9463450637537,3654.279505380901,4054.279505380901
0.864,3852.9174178943836,3750.4450070791154,292.58408006617,3652.9174178943836,4052.9174178943836
0.866,3851.5759455908264,3749.3995280145227,290.85461494629277,3651.5759455908264,4051.5759455908264
0.868,3850.2362338485145,3748.3549700857225,290.35701728078647,3650.2362338485145,4050.2362338485145
0.87,3848.875808923565,3747.3113327534625,290.6870929055206,3648.875808923565,4048.875808923565
0.872,3847.4757936087376,3746.2686154784897,291.5486575259239,3647.4757936087376,4047.4757936087376
0.874,3846.027072524898,3745.2268177215524,292.4815949623312,3646.027072524898,4046.027072524898
0.876,3844.53447597949,3744.1859389433976,293.00216899425436,3644.53447597949,4044.53447597949
0.878,3843.0159706769477,3743.145978604773,292.80361878585825,3643.0159706769477,4043.0159706769477
0.88,3841.4992103838963,3742.106936166426,291.77021767118174,3641.4992103838963,4041.4992103838963
0.882,3840.013703988482,3741.068811089104,290.05289460224725,3640.013703988482,4040.013703988482
0.884,3838.5838443866846,3740.0316028335546,288.00870351428426,3638.5838443866846,4038.5838443866846
0.886,3837.222342030715,3738.995310860526,286.0582741393907,3637.222342030715,4037.222342030715
0.888,3835.926467262627,3737.959934630764,284.5872451035806,3635.926467262627,4035.926467262627
0.89,3834.67882705962,3736.925473605018,283.76724666885144,3634.67882705962,4034.67882705962
0.892,3833.450652268178,3735.891927244034,283.5465834735817,3633.450652268178,4033.450652268178
0.894,3832.208896572284,3734.85929500856,283.6657726503743,3632.208896572284,4032.208896572284
0.896,3830.923373318554,3733.8275763593438,283.71793415619135,3630.923373318554,4030.923373318554
0.898,3829.5726194957306,3732.796770757133,283.3261485578669,3629.5726194957306,4029.5726194957306
0.9,3828.1483409773186,3731.7668776626742,282.2156334072225,3628.1483409773186,4028.1483409773186
0.902,3826.6559572800857,3730.737896536716,280.4014280910737,3626.6559572800857,4026.6559572800857
0.904,3825.113360377161,3729.709826840005,278.0734633246283,3625.113360377161,4025.113360377161
0.906,3823.546677341491,3728.6826680332892,275.60591081487263,3623.546677341491,4023.546677341491
0.908,3821.985732715382,3727.6564195773162,273.4322276362115,3621.985732715382,4021.985732715382
0.91,3820.459748340096,3726.631080932833,271.86313690764916,3620.459748340096,4020.459748340096
0.912,3818.9928592192377,3725.606651560587,271.06330723975503,3618.9928592192377,4018.9928592192377
0.914,3817.6017479683414,3724.5831309213268,270.93349665177874,3617.6017479683414,4017.6017479683414
0.916,3816.294340284388,3723.5605184757987,271.23426577239496,3616.294340284388,4016.294340284388
0.918,3815.071095335933,3722.538813684751,271.62164479352845,3615.071095335933,4015.071095335933
0.92,3813.917984115869,3721.5180160089308,271.7737101198664,3613.917984115869,4013.917984115869
0.922,3812.8206990304843,3720.498124909085,271.49397173432766,3612.8206990304843,4012.8206990304843
0.924,3811.762148908515,3719.479139845963,270.73028912854784,3611.762148908515,4011.762148908515
0.926,3810.7257374221704,3718.46106028031,269.61956764769496,3610.7257374221704,4010.7257374221704
0.928,3809.697371341502,3717.443885672875,268.3773731711531,3609.697371341502,4009.697371341502
0.93,3808.6665649541756,3716.4276154844047,267.2400279401519,3608.6665649541756,4008.6665649541756
0.932,3807.6265444984947,3715.412249175647,266.3751231455145,3607.6265444984947,4007.6265444984947
0.934,3806.5747238479275,3714.3977862073493,265.83212636211937,3606.5747238479275,4006.5747238479275
0.936,3805.5104013510745,3713.3842260402594,265.55641677757063,3605.5104013510745,4005.5104013510745
0.9380000000000001,3804.433608654548,3712.371568135124,265.3939965792178,3604.433608654548,4004.433608654548
0.9400000000000001,3803.343975856083,3711.359811952692,265.1836493546795,3603.343975856083,4003.343975856083
0.9420000000000001,3802.2408468977014,3710.3489569537096,264.79345490130305,3602.2408468977014,4002.2408468977014
0.9440000000000001,3801.1239438960633,3709.3390025989243,264.1701629506093,3601.1239438960633,4001.1239438960633
0.9460000000000001,3799.994655303721,3708.3299483490846,263.329811706086,3599.994655303721,3999.994655303721
0.9480000000000001,3798.857484098125,3707.321793664937,262.3331335826044,3598.857484098125,3998.857484098125
0.9500000000000001,3797.7205259121147,3706.314538007229,261.2648675224009,3597.7205259121147,3997.7205259121147
0.9520000000000001,3796.5951799334357,3705.3081808367097,260.190226922324,3596.5951799334357,3996.5951799334357
0.9540000000000001,3795.494742374711,3704.3027216141245,259.1492865809169,3595.494742374711,3995.494742374711
0.9560000000000001,3794.4313700427256,3703.298159800222,258.164699440342,3594.4313700427256,3994.4313700427256
0.9580000000000001,3793.4141475084652,3702.2944948557492,257.25967485914515,3593.4141475084652,3993.4141475084652
0.96,3792.446657055218,3701.2917262414544,256.4821210272319,3592.446657055218,3992.446657055218
0.962,3791.5257234755754,3700.2898534180845,255.90182869560192,3591.5257234755754,3991.5257234755754
0.964,3790.6416099168505,3699.288875846387,255.59905509314225,3590.6416099168505,3990.6416099168505
0.966,3789.7796824564393,3698.2887929871094,255.6397021638946,3589.7796824564393,3989.7796824564393
0.968,3788.923015989923,3697.289604300999,256.00954342498125,3588.923015989923,3988.923015989923
0.97,3788.054549525943,3696.291309248804,256.6143699552883,3588.054549525943,3988.054549525943
0.972,3787.1600783167155,3695.2939072912714,257.27161055606535,3587.1600783167155,3987.1600783167155
0.974,3786.2297170066477,3694.2973978891487,257.74665716201827,3586.2297170066477,3986.2297170066477
0.976,3785.2586452968576,3693.301780503183,257.8232043478579,3585.2586452968576,3985.2586452968576
0.978,3784.246657512483,3692.3070545941227,257.346147229655,3584.246657512483,3984.246657512483
0.98,3783.196631885938,3691.313219622715,256.3132438668271,3583.196631885938,3983.196631885938
0.982,3782.1126323085773,3690.320275049707,254.84001226612563,3582.1126323085773,3982.1126323085773
0.984,3780.998233054469,3689.3282203358467,253.1434003045831,3580.998233054469,3980.998233054469
0.986,3779.8551561295412,3688.337054941881,251.4931598295557,3579.8551561295412,3979.8551561295412
0.988,3778.68351530467,3687.346778328558,250.11769263893632,3578.68351530467,3978.68351530467
0.99,3777.4829524418005,3686.3573899566245,249.1642541873949,3577.4829524418005,3977.4829524418005
0.992,3776.2547104145992,3685.368889286829,248.62630823305275,3576.2547104145992,3976.2547104145992
0.994,3775.0027114834757,3684.381275779918,248.3857801570499,3575.0027114834757,3975.0027114834757
0.996,3773.7359673486717,3683.3945488966397,248.24146589315595,3573.7359673486717,3973.7359673486717
0.998,3772.467208528799,3682.408708097741,247.97873011090746,3572.467208528799,3972.467208528799
1.0,3771.2119514930005,3681.42375284397,247.4530816420158,3571.2119514930005,3971.2119514930005
1.002,3769.9853867171,3680.439682596074,246.62727068418266,3569.9853867171,3969.9853867171
1.004,3768.8000240109473,3679.4564968148,245.6164729053212,3568.8000240109473,3968.8000240109473
1.006,3767.663450872615,3678.4741949608965,244.62410778435205,3567.663450872615,3967.663450872615
1.008,3766.577062693295,3677.49277649511,243.90518007559666,3566.577062693295,3966.577062693295
1.01,3765.5362003745045,3676.512240878188,243.65880498500212,3565.5362003745045,3965.5362003745045
1.012,3764.5316329645875,3675.532587570879,243.98036698182776,3564.5316329645875,3964.5316329645875
1.014,3763.551256374935,3674.55381603393,244.8394295598047,3563.551256374935,3963.551256374935
1.016,3762.5837126473816,3673.575925728088,246.03058049664145,3562.5837126473816,3962.5837126473816
1.018,3761.611802191946,3672.598916114101,247.2757018304763,3561.611802191946,3961.611802191946
1.02,3760.6220837770907,3671.6227866527165,248.25790668459058,3560.6220837770907,3960.6220837770907
1.022,3759.603253118754,3670.6475368046817,248.73170612099727,3559.603253118754,3959.603253118754
1.024,3758.54723728524,3669.673166030744,248.56888447798056,3558.54723728524,3958.54723728524
1.026,3757.451257980671,3668.6996737916515,247.7677674291276,3557.451257980671,3957.451257980671
1.028,3756.318744387038,3667.727059548152,246.4999551069031,3556.318744387038,3956.318744387038
1.03,3755.1599974125807,3666.7553227609915,244.99708885750948,3555.1599974125807,3955.1599974125807
1.032,3753.9905966167285,3665.784462890919,243.51771493581734,3553.9905966167285,3953.9905966167285
1.034,3752.828753758132,3664.8144793986803,242.27051905870061,3552.828753758132,3952.828753758132
1.036,3751.6921606690776,3663.8453717450247,241.37235697997127,3551.6921606690776,3951.6921606690776
1.038,3750.593610073399,3662.877139390699,240.8476466866982,3550.593610073399,3950.593610073399
1.04,3749.5392450147474,3661.9097817964507,240.59905736579339,3549.5392450147474,3949.5392450147474
1.042,3748.527988317791,3660.943298423027,240.4779443115575,3548.527988317791,3948.527988317791
1.044,3747.552753739029,3659.9776887311755,240.33619113236426,3547.552753739029,3947.552753739029
1.046,3746.6036052167624,3659.0129521816443,240.02669508250696,3546.6036052167624,3946.6036052167624
1.048,3745.670934309607,3658.04908823518,239.48327998282392,3545.670934309607,3945.670934309607
1.05,3744.7489316503156,3657.086096352531,238.7160748270636,3544.7489316503156,3944.7489316503156
1.052,3743.836830455595,3656.1239759944438,237.78985067444893,3543.836830455595,3943.836830455595
1.054,3742.9388868182664,3655.1627266216665,236.81933471209683,3542.9388868182664,3942.9388868182664
1.056,3742.0621103073927,3654.202347694947,235.92511434145013,3542.0621103073927,3942.0621103073927
1.058,3741.2129111133586,3653.2428386750316,235.19131962831085,3541.2129111133586,3941.2129111133586
1.06,3740.3933814011884,3652.2841990226693,234.67894790911194,3540.3933814011884,3940.3933814011884
1.062,3739.5982224008976,3651.326428198606,234.39522110623318,3539.5982224008976,3939.5982224008976
1.064,3738.8131789647878,3650.3695256635906,234.28576868607894,3538.8131789647878,3938.8131789647878
1.066,3738.016986565135,3649.41349087837,234.4165518266488,3538.016986565135,3938.016986565135
1.068,3737.1878950551345,3648.4583233036915,234.31634273541783,3537.1878950551345,3937.1878950551345
1.07,3736.2948116246744,3647.504022400303,234.03121492849388,3536.2948116246744,3936.2948116246744
1.072,3735.3224491378573,3646.5505876289517,233.4886713036366,3535.3224491378573,3935.3224491378573
1.074,3734.268942725956,3645.598018450385,232.65336275793513,3534.268942725956,3934.268942725956
1.076,3733.146505429716,3644.6463143253504,231.57648719201714,3533.146505429716,3933.146505429716
1.078,3731.979953473854,3643.695474714596,230.38270715264122,3531.979953473854,3931.979953473854
1.08,3730.8008018959486,3642.7454990788688,229.2662027739533,3530.8008018959486,3930.8008018959486
1.082,3729.6410640039685,3641.7963868789166,228.44525747781924,3529.6410640039685,3929.6410640039685
1.084,3728.527002608571,3640.8481375754864,228.10955405981326,3528.527002608571,3928.527002608571
1.086,3727.474656036527,3639.9007506293256,228.35997042862317,3527.474656036527,3927.474656036527
1.088,3726.4891021967346,3638.9542255011825,229.13976420217324,3526.4891021967346,3926.4891021967346
1.09,3725.5659395506204,3638.008561651804,230.256795983201,3525.5659395506204,3925.5659395506204
1.092,3724.6959868322697,3637.063758541938,231.38769151745598,3524.6959868322697,3924.6959868322697
1.094,3723.869085178806,3636.1198156323317,232.18000378125078,3523.869085178806,3923.869085178806
1.096,3723.078280822073,3635.1767323837325,232.33574808875625,3523.078280822073,3923.078280822073
1.098,3722.320231076478,3634.234508256888,231.7030168092763,3522.320231076478,3922.320231076478
1.1,3721.5949176569816,3633.293142712546,230.37863426346405,3521.5949176569816,3921.5949176569816
1.102,3720.903184430889,3632.3526352114536,228.64618479025683,3520.903184430889,3920.903184430889
1.104,3720.243633945535,3631.4129852143587,226.93595771062223,3520.243633945535,3920.243633945535
1.106,3719.6106956992435,3630.474192182008,225.68618329737322,3519.6106956992435,3919.6106956992435
1.108,3718.993912613567,3629.53625557515,225.21359784555156,3518.993912613567,3918.993912613567
1.11,3718.3787596867983,3628.599174854531,225.62893584383744,3518.3787596867983,3918.3787596867983
1.112,3717.7492338078937,3627.6629494809004,226.74635033907057,3517.7492338078937,3917.7492338078937
1.114,3717.09005031899,3626.7275789150035,228.19349787343108,3517.09005031899,3917.09005031899
1.116,3716.389845584166,3625.7930626175894,229.45525589908027,3516.389845584166,3916.389845584166
1.118,3715.64019955219,3624.859400049405,230.30711727928096,3515.64019955219,3915.64019955219
1.12,3714.8448123945795,3623.9265906711976,229.63123987063852,3514.8448123945795,3914.8448123945795
1.122,3714.011402483628,3622.9946339437147,227.889967491159,3514.011402483628,3914.011402483628
1.124,3713.151630241181,3622.0635293277046,225.38897589194266,3513.151630241181,3913.151630241181
1.1260000000000001,3712.2784257118938,3621.133276283914,222.60684356144472,3512.2784257118938,3912.2784257118938
1.1280000000000001,3711.4018051009807,3620.20387427309,220.10242402140977,3511.4018051009807,3911.4018051009807
1.1300000000000001,3710.526100011725,3619.2753227559815,218.32651913627953,3510.526100011725,3910.526100011725
1.1320000000000001,3709.6478722155694,3618.347621193335,217.51614417397727,3509.6478722155694,3909.6478722155694
1.1340000000000001,3708.756191979261,3617.420769045898,217.6414076988175,3508.756191979261,3908.756191979261
1.1360000000000001,3707.8353111617203,3616.494765774418,218.38609494001122,3507.8353111617203,3907.8353111617203
1.1380000000000001,3706.8685500786128,3615.569610839643,219.30753425895242,3506.8685500786128,3906.8685500786128
1.1400000000000001,3705.844067744303,3614.64530370232,219.9350549377173,3505.844067744303,3905.844067744303
1.1420000000000001,3704.7586862814114,3613.7218438231967,219.9462292710923,3504.7586862814114,3904.7586862814114
1.1440000000000001,3703.6202411014538,3612.7992306630204,219.22985286752737,3503.6202411014538,3903.6202411014538
1.1460000000000001,3702.4474838400756,3611.877463682539,217.90987225349366,3502.4474838400756,3902.4474838400756
1.1480000000000001,3701.266759929086,3610.9565423424997,216.31605508809102,3501.266759929086,3901.266759929086
1.1500000000000001,3700.10717938651,3610.03646610365,214.82420100347036,3500.10717938651,3900.10717938651
1.1520000000000001,3698.993656866493,3609.117234426738,213.77170610719128,3498.993656866493,3898.993656866493
1.154,3697.941908507673,3608.19884677251,213.32568894932365,3497.941908507673,3897.941908507673
1.156,3696.954508869304,3607.2813026017147,213.48479951659462,3496.954508869304,3896.954508869304
1.158,3696.019627991796,3606.3646013750986,214.082710881723,3496.019627991796,3896.019627991796
1.16,3695.1132987996425,3605.44874255341,214.82391915163058,3495.1132987996425,3895.1132987996425
1.162,3694.206823170983,3604.5337255973955,215.4029141089216,3494.206823170983,3894.206823170983
1.164,3693.2636088058266,3603.6195499678033,215.56034566245273,3493.2636088058266,3893.2636088058266
1.166,3692.2579658281506,3602.7062151253813,215.18976857202065,3492.2579658281506,3892.2579658281506
1.168,3691.1757180382647,3601.793720530876,214.32394538741073,3491.1757180382647,3891.1757180382647
1.17,3690.014732790656,3600.8820656450353,213.1192423109232,3490.014732790656,3890.014732790656
1.172,3688.799894396563,3599.9712499286065,211.80685575865664,3488.799894396563,3888.799894396563
1.174,3687.560789237178,3599.0612728423375,210.5901006965421,3487.560789237178,3887.560789237178
1.176,3686.3296896112793,3598.1521338469756,209.61635857189754,3486.3296896112793,3886.3296896112793
1.178,3685.134272357784,3597.2438324032687,208.92614777901008,3485.134272357784,3885.134272357784
1.18,3683.99039801897,3596.336367971963,208.4843516194936,3483.99039801897,3883.99039801897
1.182,3682.9000568378024,3595.429740013808,208.19448676752864,3482.9000568378024,3882.9000568378024
1.184,3681.849815277987,3594.52394798955,207.91209123730852,3481.849815277987,3881.849815277987
1.186,3680.8162264060475,3593.618991359936,207.49743941293596,3480.8162264060475,3880.8162264060475
1.188,3679.77216527047,3592.714869585714,206.82905847229605,3479.77216527047,3879.77216527047
1.19,3678.6929393551513,3591.8115821276324,205.85062197035307,3478.6929393551513,3878.6929393551513
1.192,3677.5615244115597,3590.909128446437,204.56946379305282,3477.5615244115597,3877.5615244115597
1.194,3676.3699611380034,3590.007508002877,203.06243760949656,3476.3699611380034,3876.3699611380034
1.196,3675.118068114248,3589.1067202576987,201.47684544596677,3475.118068114248,3875.118068114248
1.198,3673.809584305192,3588.2067646716496,199.9836651681097,3473.809584305192,3873.809584305192
1.2,3672.4466420943827,3587.3076407054778,198.7614327335422,3472.4466420943827,3872.4466420943827
1.202,3671.0263863940204,3586.409347819931,197.93663401922836,3471.0263863940204,3871.0263863940204
1.204,3669.5386405396425,3585.5118854757557,197.55734037735954,3469.5386405396425,3869.5386405396425
1.206,3667.967073788133,3584.6152531337,197.5604643134764,3467.967073788133,3867.967073788133
1.208,3666.292255589238,3583.719450254512,197.74616610812234,3466.292255589238,3866.292255589238
1.21,3664.4957907617863,3582.824476298938,197.82893464106945,3464.4957907617863,3864.4957907617863
1.212,3662.5648396499505,3581.9303307277264,197.44706783613168,3462.5648396499505,3862.5648396499505
1.214,3660.495986616763,3581.0370130016245,196.40990038495977,3460.495986616763,3860.495986616763
1.216,3658.288583044188,3580.144522581379,194.54965633886042,3458.288583044188,3858.288583044188
1.218,3655.9555288478405,3579.252858927738,191.9182729342943,3455.9555288478405,3855.9555288478405
1.22,3653.50592296143,3578.36202150145,188.79058635433816,3453.50592296143,3853.50592296143
1.222,3650.948178582706,3577.4720097632608,185.56198175580792,3450.948178582706,3850.948178582706
1.224,3648.284800400488,3576.5828231739188,182.67782074807724,3448.284800400488,3848.284800400488
1.226,3645.510783877569,3575.6944611941713,180.5251152056995,3445.510783877569,3845.510783877569
1.228,3642.614415015749,3574.8069232847656,179.28212300210816,3442.614415015749,3842.614415015749
1.23,3639.5810393222027,3573.9202089064497,178.88593651559748,3439.5810393222027,3839.5810393222027
1.232,3636.397663701478,3573.034317519971,179.1412692579963,3436.397663701478,3836.397663701478
1.234,3633.0580659405655,3572.1492485860763,179.5922425633137,3433.0580659405655,3833.0580659405655
1.236,3629.566903020527,3571.2650015655145,179.8539855064231,3429.566903020527,3829.566903020527
1.238,3625.9409258822047,3570.381575919031,179.6266530502908,3425.9409258822047,3825.9409258822047
1.24,3622.2080707685086,3569.4989711073754,178.76703770273105,3422.2080707685086,3822.2080707685086
1.242,3618.403068348266,3568.617186591294,177.32120545914742,3418.403068348266,3818.403068348266
1.244,3614.5625742155353,3567.7362218315347,175.50675954941494,3414.5625742155353,3814.5625742155353
1.246,3610.718852766975,3566.856076288845,173.60718619390104,3410.718852766975,3810.718852766975
1.248,3606.894885752527,3565.9767494239723,171.91040145610708,3406.894885752527,3806.894885752527
1.25,3603.101925305066,3565.0982406976636,170.62299761200154,3403.101925305066,3803.101925305066
1.252,3599.3388393875452,3564.220549570667,169.84228608494809,3399.3388393875452,3799.3388393875452
1.254,3595.594647766474,3563.34367550373,169.55032543532405,3395.594647766474,3795.594647766474
1.256,3591.851917664618,3562.4676179576004,169.64951313610212,3391.851917664618,3791.851917664618
1.258,3588.090567900307,3561.592376393025,170.02141747545056,3388.090567900307,3788.090567900307
1.26,3584.2915930501276,3560.7179502707513,170.57907842269466,3384.2915930501276,3784.2915930501276
1.262,3580.4390658296916,3559.8443390515276,171.31901166229238,3380.4390658296916,3780.4390658296916
1.264,3576.5176350606853,3558.9715421961005,172.35642027639466,3376.5176350606853,3776.5176350606853
1.266,3572.523470100914,3558.099559165218,173.71051838049485,3372.523470100914,3772.523470100914
1.268,3568.45271154636,3557.2283894196275,175.7177901968735,3368.45271154636,3768.45271154636
1.27,3564.3040804970915,3556.358032420076,178.3484018594713,3364.3040804970915,3764.3040804970915
1.272,3560.0774652205346,3555.488487627312,181.656272786161,3360.0774652205346,3760.0774652205346
1.274,3555.773168546513,3554.6197545020823,185.565342127138,3355.773168546513,3755.773168546513
1.276,3551.3914435631996,3553.7518325051346,189.91966774397855,3351.3914435631996,3751.3914435631996
1.278,3546.932261821289,3552.8847210972162,194.53187409823815,3346.932261821289,3746.932261821289
1.28,3542.396135970553,3552.018419739075,199.23937157851788,3342.396135970553,3742.396135970553
1.282,3537.7850866901513,3551.1529278914577,203.94929532603703,3337.7850866901513,3737.7850866901513
1.284,3533.10168418953,3550.288245015113,208.6646733056904,3333.10168418953,3733.10168418953
1.286,3528.352027354295,3549.4243705707872,213.4806818796694,3328.352027354295,3728.352027354295
1.288,3523.5434544042687,3548.5613040192284,218.55476265442644,3323.5434544042687,3723.5434544042687
1.29,3518.6838129910834,3547.6990448211845,224.05638707553467,3318.6838129910834,3718.6838129910834
1.292,3513.7803482229765,3546.837592437402,230.12989314940015,3313.7803482229765,3713.7803482229765
1.294,3508.837201250936,3545.976946328629,236.85611409929413,3308.837201250936,3708.837201250936
1.296,3503.8539509616603,3545.1171059556127,244.23602764623274,3303.8539509616603,3703.8539509616603
1.298,3498.8247902085486,3544.258070779101,252.19928576014524,3298.8247902085486,3698.8247902085486
1.3,3493.7380573797354,3543.3998402598418,260.6488428797953,3293.7380573797354,3693.7380573797354
1.302,3488.5770677863534,3542.5424138585813,269.46469647511134,3288.5770677863534,3688.5770677863534
1.304,3483.3211448331062,3541.685791036068,278.5318227568925,3283.3211448331062,3683.3211448331062
1.306,3477.9469133875627,3540.829971253049,287.7566174568444,3277.9469133875627,3677.9469133875627
1.308,3472.43007516373,3539.974953970272,297.057723797695,3272.43007516373,3672.43007516373
1.31,3466.747002234142,3539.1207386484843,306.36888090352164,3266.747002234142,3666.747002234142
1.312,3460.8759598365054,3538.2673247484336,315.6336781046595,3260.8759598365054,3660.8759598365054
1.314,3454.7977367285303,3537.414711730867,324.80796727866215,3254.7977367285303,3654.7977367285303
1.316,3448.4935685991863,3536.5628990565324,333.868451192414,3248.4935685991863,3648.4935685991863
1.318,3441.9518326490556,3535.7118861861773,342.8137496623033,3241.9518326490556,3641.9518326490556
1.32,3435.152410565519,3534.861672580549,351.6926462326928,3235.152410565519,3635.152410565519
1.322,3428.0784286918474,3534.012257700395,360.6131652176722,3228.0784286918474,3628.0784286918474
1.324,3420.7082236409306,3533.163641006463,369.74919970963157,3220.7082236409306,3620.7082236409306
1.326,3413.0167690136127,3532.3158219595,379.3422594409002,3213.0167690136127,3613.0167690136127
1.328,3404.9775468390762,3531.468800020254,389.6703298107492,3204.9775468390762,3604.9775468390762
1.33,3396.566286929425,3530.622574649473,401.045770154113,3196.566286929425,3596.566286929425
1.332,3387.7659862127184,3529.777145307903,413.73227128583164,3187.7659862127184,3587.7659862127184
1.334,3378.57038970149,3528.932511456293,427.89968894732647,3178.57038970149,3578.57038970149
1.336,3368.988541337688,3528.0886725553896,443.64746880762493,3168.988541337688,3568.988541337688
1.338,3359.046183368074,3527.2456280659403,460.9146706029955,3159.046183368074,3559.046183368074
1.34,3348.7840984476666,3526.403377448693,479.5266269916276,3148.7840984476666,3548.7840984476666
1.342,3338.255449028923,3525.561920164395,499.2812671796929,3138.255449028923,3538.255449028923
1.344,3327.520567942846,3524.721255673794,519.9420330339092,3127.520567942846,3527.520567942846
1.346,3316.641684803135,3523.8813834376374,541.3235705883095,3116.641684803135,3516.641684803135
1.348,3305.6773070542104,3523.0423029166723,563.3412843603926,3105.6773070542104,3505.6773070542104
1.35,3294.676747559853,3522.2040135716466,585.9742630292218,3094.676747559853,3494.676747559853
1.352,3283.6771756240237,3521.366514863308,609.2458477497761,3083.6771756240237,3483.6771756240237
1.354,3272.69860437022,3520.5298062524034,633.2025344746513,3072.69860437022,3472.69860437022
1.356,3261.7409722557054,3519.693887199681,657.8509955070907,3061.7409722557054,3461.7409722557054
1.358,3250.7827487411287,3518.8587571658873,683.1685950720563,3050.7827487411287,3450.7827487411287
1.36,3239.780644435687,3518.0244156117706,709.1494917042883,3039.780644435687,3439.780644435687
1.362,3228.674188979295,3517.1908619980786,735.8108643447108,3028.674188979295,3428.674188979295
1.364,3217.391477192422,3516.358095785558,763.2213949461682,3017.391477192422,3417.391477192422
1.366,3205.8606845500726,3515.5261164349567,791.5082175389164,3005.8606845500726,3405.8606845500726
1.368,3194.022693265815,3514.6949234070225,820.7617811764346,2994.022693265815,3394.022693265815
1.37,3164.5848034849632,3513.8645161625022,850.9555506113676,2964.5848034849632,3364.5848034849632
1.372,3138.3838378393575,3513.034894162144,881.8899283682442,2938.3838378393575,3338.3838378393575
1.374,3115.375363282419,3512.206056866695,913.1004427173057,2915.375363282419,3315.375363282419
1.3760000000000001,3095.5092447868915,3511.3780037369024,943.9085540176469,2895.5092447868915,3295.5092447868915
1.3780000000000001,3078.724282255594,3510.550734233515,973.4662774471542,2878.724282255594,3278.724282255594
1.3800000000000001,3064.945413759011,3509.7242478172784,1000.9314173271001,2864.945413759011,3264.945413759011
1.3820000000000001,3054.082876409819,3508.8985439489416,1025.6509084025417,2854.082876409819,3254.082876409819
1.3840000000000001,3046.034963175616,3508.0736220892513,1047.191496343685,2846.034963175616,3246.034963175616
1.3860000000000001,3040.6926694407557,3507.2494816989556,1065.6016258466273,2840.6926694407557,3240.6926694407557
1.3880000000000001,3037.9435708032606,3506.4261222388013,1081.386132957595,2837.9435708032606,3237.9435708032606
1.3900000000000001,3037.676507842418,3505.6035431695364,1095.3877093080969,2837.676507842418,3237.676507842418
1.3920000000000001,3039.7833677643953,3504.781743951908,1108.8052799096045,2839.7833677643953,3239.7833677643953
1.3940000000000001,3044.1583872473257,3503.9607240466644,1122.9460750023402,2844.1583872473257,3244.1583872473257
1.3960000000000001,3050.696046928072,3503.140482914552,1139.1225369017093,2850.696046928072,3250.696046928072
1.3980000000000001,3059.287486681895,3502.3210200163194,1158.421939212419,2859.287486681895,3259.287486681895
1.4000000000000001,3069.81727658623,3501.5023348127133,1181.541464076027,2869.81727658623,3269.81727658623
1.4020000000000001,3082.1611560369597,3500.684426764481,1208.8358368336685,2882.1611560369597,3282.1611560369597
1.4040000000000001,3096.1862328244856,3499.867295332371,1240.0230480306425,2896.1862328244856,3296.1862328244856
1.4060000000000001,3111.752508595665,3499.05093997713,1274.240933627794,2911.752508595665,3311.752508595665
1.408,3128.716189921639,3498.235360159506,1310.161948576853,2928.716189921639,3328.716189921639
1.41,3146.932845337606,3497.4205553402458,1345.9335191095417,2946.932845337606,3346.932845337606
1.412,3166.2587466470636,3496.606524980097,1379.4974787002814,2966.2587466470636,3366.2587466470636
1.414,3186.55088684833,3495.793268539808,1408.6926842891041,2986.55088684833,3386.55088684833
1.416,3207.6644577317816,3494.9807854801256,1431.7157783057676,3007.6644577317816,3407.6644577317816
1.418,3229.4496143800793,3494.1690752617974,1447.4482867711167,3029.4496143800793,3429.4496143800793
1.42,3251.74859987136,3493.358137345571,162.9195546903389,3051.74859987136,3451.74859987136
1.422,3274.3943712569253,3492.5479711921935,162.76808932031335,3074.3943712569253,3474.3943712569253
1.424,3297.2128477261003,3491.738576262413,163.05621269634815,3097.2128477261003,3497.2128477261003
1.426,3320.0271930459417,3490.929952016977,163.7386679550686,3120.0271930459417,3520.0271930459417
1.428,3342.665222935092,3490.122097916632,164.64313160892968,3142.665222935092,3542.665222935092
1.43,3364.9666643239934,3489.3150134221264,165.5273355207329,3164.9666643239934,3564.9666643239934
1.432,3386.7892431636033,3488.5086979942075,166.13667130988156,3186.7892431636033,3586.7892431636033
1.434,3408.0104511935556,3487.703151093623,166.28305916898594,3208.0104511935556,3608.0104511935556
1.436,3428.5260823282997,3486.89837218112,165.89880305417353,3228.5260823282997,3628.5260823282997
1.438,3448.242691325203,3486.094360717446,165.03683983480124,3248.242691325203,3648.242691325203
1.44,3467.0670306563616,3485.2911161633488,163.87293616435835,3267.0670306563616,3667.0670306563616
1.442,3484.895668655824,3484.4886379795757,162.63776177845403,3284.895668655824,3684.895668655824
1.444,3501.6034824192557,3483.6869256268747,161.5679456936522,3301.6034824192557,3701.6034824192557
1.446,3517.036594261199,3482.8859785659924,160.84157757189996,3317.036594261199,3717.036594261199
1.448,3531.0080378723264,3482.085796257677,160.54084602379987,3331.0080378723264,3731.0080378723264
1.45,3543.2982275431837,3481.2863781626756,160.65779398465048,3343.2982275431837,3743.2982275431837
1.452,3553.6603958560227,3480.487723741736,161.07542224894047,3353.6603958560227,3753.6603958560227
1.454,3561.8267155087783,3479.689832455605,161.62081210788014,3361.8267155087783,3761.8267155087783
1.456,3567.5203475466647,3478.892703765031,162.11410036869762,3367.5203475466647,3767.5203475466647
1.458,3570.4677047950568,3478.096337130761,162.43538445147357,3370.4677047950568,3770.4677047950568
1.46,3570.41017853472,3477.300732013543,162.57188571577004,3370.41017853472,3770.41017853472
1.462,3567.116041931079,3476.505887874124,162.61296175086198,3367.116041931079,3767.116041931079
1.464,3560.386922893711,3475.711804173252,162.73349482243285,3360.386922893711,3760.386922893711
1.466,3550.062717440725,3474.9184803716735,163.11646190936997,3350.062717440725,3750.062717440725
1.468,3536.0183354192404,3474.1259159301367,163.90771582766482,3336.0183354192404,3736.0183354192404
1.47,3518.1558241208095,3473.3341103093894,165.14342825755273,3318.1558241208095,3718.1558241208095
1.472,3517.39351396663,3472.5430629701787,166.7402037688899,3317.39351396663,3717.39351396663
1.474,3516.55988321065,3471.7527733732513,168.49076095808732,3316.55988321065,3716.55988321065
1.476,3515.640282225218,3470.963240979356,170.0978174331307,3315.640282225218,3715.640282225218
1.478,3514.6208647773524,3470.1744652492403,171.23819395828355,3314.6208647773524,3714.6208647773524
1.48,3513.4942463287275,3469.3864456436504,171.63201501971236,3313.4942463287275,3713.4942463287275
1.482,3512.2634985194427,3468.5991816233354,171.1541988353765,3312.2634985194427,3712.2634985194427
1.484,3510.9439812418377,3467.8126726490414,169.88125451152047,3310.9439812418377,3710.9439812418377
1.486,3509.562035213783,3467.0269181815165,168.05693801037987,3309.562035213783,3709.562035213783
1.488,3508.1505554643227,3466.2419176815083,166.0834073841535,3308.1505554643227,3708.1505554643227
1.49,3506.7437499748157,3465.4576706097646,164.3908737705334,3306.7437499748157,3706.7437499748157
1.492,3505.370623387409,3464.6741764270323,163.34445199837603,3305.370623387409,3705.370623387409
1.494,3504.0505273958115,3463.891434594059,163.14859594317366,3304.0505273958115,3704.0505273958115
1.496,3502.7910125807743,3463.1094445715917,163.80359856735083,3302.7910125807743,3702.7910125807743
1.498,3501.5883638883265,3462.328205820379,165.1432494454343,3301.5883638883265,3701.5883638883265
1.5,3500.4309827834,3461.547717801168,166.86696089070261,3300.4309827834,3700.4309827834
1.502,3499.3033150454994,3460.7679799747057,168.64099167652944,3299.3033150454994,3699.3033150454994
1.504,3498.191198258149,3459.98899180174,170.16885609149395,3298.191198258149,3698.191198258149
1.506,3497.085586926369,3459.210752743019,171.25674198353312,3297.085586926369,3697.085586926369
1.508,3495.9841023535346,3458.4332622592888,171.83478232417477,3295.9841023535346,3695.9841023535346
1.51,3494.8906194951096,3457.6565198112976,171.94017643659944,3294.8906194951096,3694.8906194951096
1.512,3493.8124001595984,3456.8805248597937,171.6995103766398,3293.8124001595984,3693.8124001595984
1.514,3492.7567264475824,3456.1052768655236,171.2745431660064,3292.7567264475824,3692.7567264475824
1.516,3491.7268681552955,3455.3307752892347,170.82781826340735,3291.7268681552955,3691.7268681552955
1.518,3490.7198367352726,3454.557019591675,170.46625497527862,3290.7198367352726,3690.7198367352726
1.52,3489.726251978091,3453.784009233592,170.21878167859353,3289.726251978091,3689.726251978091
1.522,3488.732474484288,3453.0117436757323,170.03656746086804,3288.732474484288,3688.732474484288
1.524,3487.725480013146,3452.240222378845,169.80475705923467,3287.725480013146,3687.725480013146
1.526,3486.6970768029973,3451.469444803676,169.40132742310328,3286.6970768029973,3686.6970768029973
1.528,3485.649111287178,3450.699410410974,168.73601112712174,3285.649111287178,3685.649111287178
1.53,3484.594782945919,3449.9301186614857,167.80544319660848,3284.594782945919,3684.594782945919
1.532,3483.557669020058,3449.1615690159597,166.70182985143006,3283.557669020058,3683.557669020058
1.534,3482.566641318209,3448.393760935142,165.5893243126723,3282.566641318209,3682.566641318209
1.536,3481.6498526750042,3447.6266938797808,164.67387989789964,3281.6498526750042,3681.6498526750042
1.538,3480.8276411229126,3446.8603673106236,164.13832262565018,3280.8276411229126,3680.8276411229126
1.54,3480.107478969265,3446.0947806884183,164.10961169181095,3280.107478969265,3680.107478969265
1.542,3479.4816154555942,3445.3299334739118,164.60587662386737,3279.4816154555942,3679.4816154555942
1.544,3478.927615257248,3444.565825127852,165.53310187559532,3278.927615257248,3678.927615257248
1.546,3478.413101014223,3443.8024551109856,166.71427177715339,3278.413101014223,3678.413101014223
1.548,3477.9018828905964,3443.039822884061,167.91363867412005,3277.9018828905964,3677.9018828905964
1.55,3477.360236420809,3442.277927907825,168.91068774161752,3277.360236420809,3677.360236420809
1.552,3476.763013425005,3441.5167696430262,169.54452308390597,3276.763013425005,3676.763013425005
1.554,3476.096855512256,3440.756347550411,169.7723981752688,3276.096855512256,3676.096855512256
1.556,3475.360974519819,3439.9966610907277,169.67488101282515,3275.360974519819,3675.360974519819
1.558,3474.564617309399,3439.2377097247227,169.41540610109092,3274.564617309399,3674.564617309399
1.56,3473.722677012671,3438.4794929131444,169.20253551566148,3273.722677012671,3673.722677012671
1.562,3472.8509496086926,3437.7220101167404,169.20722803251527,3272.8509496086926,3672.8509496086926
1.564,3471.9611379073203,3436.965260796257,169.52085988019712,3271.9611379073203,3671.9611379073203
1.566,3471.05860840378,3436.2092444124432,170.11973491994897,3271.05860840378,3671.05860840378
1.568,3470.1419272101284,3435.4539604260463,170.87411623896676,3270.1419272101284,3670.1419272101284
1.57,3469.205156184838,3434.6994082978126,171.5877708043868,3269.205156184838,3669.205156184838
1.572,3468.2415012864603,3433.9455874884907,172.04414077245082,3268.2415012864603,3668.2415012864603
1.574,3467.2468100181386,3433.1924974588273,172.07922145206456,3267.2468100181386,3667.2468100181386
1.576,3466.2228705137195,3432.440137669571,171.6213441515739,3266.2228705137195,3666.2228705137195
1.578,3465.177824343045,3431.688507581468,170.74050488348917,3265.177824343045,3665.177824343045
1.58,3464.12499473519,3430.937606655267,169.63191929551067,3264.12499473519,3664.12499473519
1.582,3463.079591335996,3430.1874343517147,168.5610011791246,3263.079591335996,3663.079591335996
1.584,3462.0547530791105,3429.4379901315588,167.82754075817311,3262.0547530791105,3662.0547530791105
1.586,3461.0584803790634,3428.6892734555468,167.61753431805278,3261.0584803790634,3661.0584803790634
1.588,3460.088734247588,3427.9412837844257,168.04627760129083,3260.088734247588,3660.088734247588
1.59,3459.1435670213623,3427.194020578944,169.04273559718598,3259.1435670213623,3659.1435670213623
1.592,3458.213679950927,3426.447483299849,170.40725931398504,3258.213679950927,3658.213679950927
1.594,3457.289390722135,3425.7016714078873,171.85806997153682,3257.289390722135,3657.289390722135
1.596,3456.3643503952303,3424.956584363808,173.10763695299914,3256.3643503952303,3656.3643503952303
1.598,3455.438087693224,3424.212221628357,173.9349038570544,3255.438087693224,3655.438087693224
1.6,3454.517067643756,3423.468582662282,174.2200108539847,3254.517067643756,3654.517067643756
1.602,3453.6134350802895,3422.7256669263315,173.99056350180038,3253.6134350802895,3653.6134350802895
1.604,3452.7426907948757,3421.983473881252,173.38088903623537,3252.7426907948757,3652.7426907948757
1.606,3451.919727808911,3421.2420029877912,172.5912300715349,3251.919727808911,3651.919727808911
1.608,3451.155563097507,3420.5012537066973,171.83863419308327,3251.155563097507,3651.155563097507
1.61,3450.454241952851,3419.761225498717,171.29274341446157,3250.454241952851,3650.454241952851
1.612,3449.8123434077543,3419.021917824598,171.0518044194838,3249.8123434077543,3649.8123434077543
1.614,3449.219557851068,3418.2833301450883,171.10704879573765,3249.219557851068,3649.219557851068
1.616,3448.6603949069963,3417.5454619209345,171.3703528949765,3248.6603949069963,3648.6603949069963
1.618,3448.117375888514,3416.808312612885,171.7016656280611,3248.117375888514,3648.117375888514
1.62,3447.574240916695,3416.0718816816866,171.96186361962305,3247.574240916695,3647.574240916695
1.622,3447.0184793817457,3415.3361685880873,172.06293636560838,3247.0184793817457,3647.0184793817457
1.624,3446.4435040630015,3414.601172792834,171.9841230736952,3246.4435040630015,3646.4435040630015
1.6260000000000001,3445.848843755107,3413.8668937566745,171.79231615516906,3245.848843755107,3645.848843755107
1.6280000000000001,3445.2392961374067,3413.1333309403567,171.59268572633695,3245.2392961374067,3645.2392961374067
1.6300000000000001,3444.622687368264,3412.4004838046276,171.4977570081574,3244.622687368264,3644.622687368264
1.6320000000000001,3444.006979540681,3411.668351810235,171.58403288416596,3244.006979540681,3644.006979540681
1.6340000000000001,3443.3978857166003,3410.936934417926,171.87361499919618,3243.3978857166003,3643.3978857166003
1.6360000000000001,3442.7973752953426,3410.2062310884485,172.34568689910316,3242.7973752953426,3642.7973752953426
1.6380000000000001,3442.2025760222095,3409.4762412825494,173.0191225694919,3242.2025760222095,3642.2025760222095
1.6400000000000001,3441.607432833719,3408.7469644609773,173.62090777912397,3241.607432833719,3641.607432833719
1.6420000000000001,3441.00426485017,3408.018400084479,174.1429724924126,3241.00426485017,3641.00426485017
1.6440000000000001,3440.386744130842,3407.290547613801,174.51447113349556,3240.386744130842,3640.386744130842
1.6460000000000001,3439.7527358079587,3406.563406509693,174.6994757625361,3239.7527358079587,3639.7527358079587
1.6480000000000001,3439.1055116308817,3405.8369762329007,174.6839880755994,3239.1055116308817,3639.1055116308817
1.6500000000000001,3438.4537825757125,3405.111256244172,174.49010957402706,3238.4537825757125,3638.4537825757125
1.6520000000000001,3437.8099923243267,3404.3862460042556,174.1497057306326,3237.8099923243267,3637.8099923243267
1.6540000000000001,3437.187196543773,3403.6619449738973,173.6922703442744,3237.187196543773,3637.187196543773
1.6560000000000001,3436.5956759224377,3402.9383526138454,173.1611400383447,3236.5956759224377,3636.5956759224377
1.6580000000000001,3436.0398932343996,3402.215468384847,172.59166507842903,3236.0398932343996,3636.0398932343996
1.6600000000000001,3435.5169037393416,3401.493291747651,172.05022644581294,3235.5169037393416,3635.5169037393416
1.6620000000000001,3435.016497149242,3400.7718221630025,171.58748533751316,3235.016497149242,3635.016497149242
1.6640000000000001,3434.5227070955216,3400.051059091651,171.25832027722333,3234.5227070955216,3634.5227070955216
1.666,3434.017027139507,3399.331001994343,171.11259570683725,3234.017027139507,3634.017027139507
1.668,3433.4816164239915,3398.6116503318262,171.16984955659208,3233.4816164239915,3633.4816164239915
1.67,3432.9039448004823,3397.893003564848,171.42259716443337,3232.9039448004823,3632.9039448004823
1.672,3432.2723973295588,3397.1750611541565,171.8388198006236,3232.2723973295588,3632.2723973295588
1.674,3431.5859004834165,3396.457822560499,172.3604014953966,3231.5859004834165,3631.5859004834165
1.676,3430.849794016602,3395.741287244622,172.9342535440146,3230.849794016602,3630.849794016602
1.678,3430.073619396823,3395.0254546672745,173.52652833345263,3230.073619396823,3630.073619396823
1.68,3429.2692201222826,3394.310324289203,174.12751133227817,3229.2692201222826,3629.2692201222826
1.682,3428.449091968093,3393.595895571155,174.75085974933006,3228.449091968093,3628.449091968093
1.684,3427.625064444957,3392.8821679738785,175.41716083682297,3227.625064444957,3627.625064444957
1.686,3426.8079453545433,3392.169140958121,176.1263208791401,3226.8079453545433,3626.8079453545433
1.688,3426.007398758261,3391.4568139846297,176.84659089856214,3226.007398758261,3626.007398758261
1.69,3425.2356981559556,3390.7451865141516,177.50870444948697,3225.2356981559556,3625.2356981559556
1.692,3424.497559199496,3390.0342580074353,178.02002169040853,3224.497559199496,3624.497559199496
1.694,3423.798664953173,3389.3240279252273,178.2930218429206,3223.798664953173,3623.798664953173
1.696,3423.142190100587,3388.614495728276,178.26745382867705,3223.142190100587,3623.142190100587
1.698,3422.527900010843,3387.905660877328,177.96712024754652,3222.527900010843,3622.527900010843
1.7,3421.9514572067346,3387.197522833131,177.49097223920086,3221.9514572067346,3621.9514572067346
1.702,3421.404080932307,3386.490081056433,177.00140683056395,3221.404080932307,3621.404080932307
1.704,3420.8733177201825,3385.783335007982,176.69646584444658,3220.8733177201825,3620.8733177201825
1.706,3420.344366994791,3385.0772841485236,176.73234308229956,3220.344366994791,3620.344366994791
1.708,3419.8022793326486,3384.371927938807,177.1899801642904,3219.8022793326486,3619.8022793326486
1.71,3419.2336787370164,3383.667265839579,178.01689609149588,3219.2336787370164,3619.2336787370164
1.712,3418.6288366273434,3382.963297311587,179.0486544028651,3218.6288366273434,3618.6288366273434
1.714,3417.981792470975,3382.2600218155794,180.04081133855826,3217.981792470975,3617.981792470975
1.716,3417.2895904769703,3381.5574388123023,180.7108807671044,3217.2895904769703,3617.2895904769703
1.718,3416.5524830523864,3380.855547762504,180.8186352473398,3216.5524830523864,3616.5524830523864
1.72,3415.771427799283,3380.154348126932,180.26466787290835,3215.771427799283,3615.771427799283
1.722,3414.948363041124,3379.4538393663333,178.81719044370547,3214.948363041124,3614.948363041124
1.724,3414.08486282564,3378.7540209414565,176.74272116624198,3214.08486282564,3614.08486282564
1.726,3413.182120849963,3378.054892313048,174.2702559682911,3213.182120849963,3613.182120849963
1.728,3412.2406181173596,3377.3564529418554,171.70403173298016,3212.2406181173596,3612.2406181173596
1.73,3411.2597710814907,3376.6587022886274,169.33475923689886,3211.2597710814907,3611.2597710814907
1.732,3410.2369725847466,3375.9616398141097,167.40017599475252,3210.2369725847466,3610.2369725847466
1.734,3409.1672211163914,3375.265264979051,166.03279314826267,3209.1672211163914,3609.1672211163914
1.736,3408.042627232261,3374.5695772441986,165.25883340170157,3208.042627232261,3608.042627232261
1.738,3406.853389269074,3373.8745760702996,165.01844492626836,3206.853389269074,3606.853389269074
1.74,3405.589186364925,3373.180260918102,165.1689295733736,3205.589186364925,3605.589186364925
1.742,3404.2407333210926,3372.4866312483528,165.5339307231596,3204.2407333210926,3604.2407333210926
1.744,3402.802845684675,3371.7936865218,165.92286898022874,3202.802845684675,3602.802845684675
1.746,3401.275281164178,3371.1014261991904,166.163159004059,3201.275281164178,3601.275281164178
1.748,3399.6630400655176,3370.4098497412724,166.12638463995748,3199.6630400655176,3599.6630400655176
1.75,3397.976526026175,3369.7189566087927,165.73829306939692,3197.976526026175,3597.976526026175
1.752,3396.2299524527416,3369.028746262499,165.0134203448511,3196.2299524527416,3596.2299524527416
1.754,3394.4403356992184,3368.33921816314,164.0329916796637,3194.4403356992184,3594.4403356992184
1.756,3392.6260624955476,3367.650371771461,162.93060805726623,3192.6260624955476,3592.6260624955476
1.758,3390.805717674068,3366.962206548211,161.85748769570725,3190.805717674068,3590.805717674068
1.76,3388.9973037835784,3366.274721954137,160.93198196701428,3188.9973037835784,3588.9973037835784
1.762,3387.2160391736174,3365.587917449987,160.21177821599852,3187.2160391736174,3587.2160391736174
1.764,3385.473583707461,3364.901792496508,159.64754690593608,3185.473583707461,3585.473583707461
1.766,3383.7772420478054,3364.2163465544472,159.1304841657248,3183.7772420478054,3583.7772420478054
1.768,3382.129115034205,3363.531579084553,158.44721869087576,3182.129115034205,3582.129115034205
1.77,3380.527427844124,3362.847489547572,157.4533554107109,3180.527427844124,3580.527427844124
1.772,3378.966077052262,3362.1640774042526,156.00990339506004,3178.966077052262,3578.966077052262
1.774,3377.444438843955,3361.4813421153412,154.10952965220443,3177.444438843955,3577.444438843955
1.776,3375.9604386133874,3360.799283141587,151.8596593927226,3175.9604386133874,3575.9604386133874
1.778,3374.514395743666,3360.117899943735,149.44778622181187,3174.514395743666,3574.514395743666
1.78,3373.1095018916017,3359.437191982535,147.11436127563377,3173.1095018916017,3573.1095018916017
1.782,3371.7500116534907,3358.757158718733,145.09176372447038,3171.7500116534907,3571.7500116534907
1.784,3370.4392660269623,3358.0777996130773,143.55197492340054,3170.4392660269623,3570.4392660269623
1.786,3369.1784155520113,3357.3991141263155,142.5943624889915,3169.1784155520113,3569.1784155520113
1.788,3367.965421487685,3356.7211017191944,142.18640344665846,3167.965421487685,3567.965421487685
1.79,3366.7962350043995,3356.043761852462,142.22221704325577,3166.7962350043995,3566.7962350043995
1.792,3365.666424563309,3355.3670939868657,142.54398365879698,3165.666424563309,3565.666424563309
1.794,3364.573083960019,3354.6910975831534,142.96741682875788,3164.573083960019,3564.573083960019
1.796,3363.5160031993473,3354.0157721020714,143.35238573483988,3163.5160031993473,3563.5160031993473
1.798,3362.4975629836017,3353.3411170043682,143.61958722331312,3162.4975629836017,3562.4975629836017
1.8,3361.5217503523577,3352.6671317507917,143.77629100468047,3161.5217503523577,3561.5217503523577
1.802,3360.5928294701225,3351.9938158020877,143.8888648471674,3160.5928294701225,3560.5928294701225
1.804,3359.713611061261,3351.321168619005,144.04950913789986,3159.713611061261,3559.713611061261
1.806,3358.88489531585,3350.6491896622915,144.3188300533042,3158.88489531585,3558.88489531585
1.808,3358.105028067442,3349.9778783926936,144.68098853442217,3158.105028067442,3558.105028067442
1.81,3357.3699054659114,3349.3072342709593,145.017250865655,3157.3699054659114,3557.3699054659114
1.812,3356.6731370317484,3348.637256757836,145.1348710835225,3156.6731370317484,3556.6731370317484
1.814,3356.006112705274,3347.9679453140716,144.8298464691608,3156.006112705274,3556.006112705274
1.816,3355.35893199585,3347.2992994004126,143.9485335336013,3155.35893199585,3555.35893199585
1.818,3354.720917187816,3346.6313184776077,142.51112692867045,3154.720917187816,3554.720917187816
1.82,3354.0819511793898,3345.9640020064035,140.6763688329367,3154.0819511793898,3554.0819511793898
1.822,3353.434325293382,3345.2973494475477,138.7244085281011,3153.434325293382,3553.434325293382
1.824,3352.771931432699,3344.6313602617884,136.98996373853578,3152.771931432699,3552.771931432699
1.826,3352.091113870945,3343.966033909872,135.75948270324025,3152.091113870945,3552.091113870945
1.828,3351.3891209249227,3343.301369852547,135.24521494009718,3151.3891209249227,3551.3891209249227
1.83,3350.66307722893,3342.63736755056,135.48716092853041,3150.66307722893,3550.66307722893
1.832,3349.909105317623,3341.97402646466,136.410775166012,3149.909105317623,3549.909105317623
1.834,3349.122260725643,3341.3113460555924,137.84580638508166,3149.122260725643,3549.122260725643
1.836,3348.297615460379,3340.6493257841066,139.51008301965734,3148.297615460379,3548.297615460379
1.838,3347.4321891820223,3339.987965110949,141.14126719403754,3147.4321891820223,3547.4321891820223
1.84,3346.526717551292,3339.3272634968675,142.4690958698322,3146.526717551292,3546.526717551292
1.842,3345.5868956107006,3338.667220402609,143.32627559311973,3145.5868956107006,3545.5868956107006
1.844,3344.624068709368,3338.0078352889223,143.6361269560307,3144.624068709368,3544.624068709368
1.846,3343.6534095405323,3337.3491076165537,143.41439114808142,3143.6534095405323,3543.6534095405323
1.848,3342.69249034611,3336.691036846251,142.80035754190376,3142.69249034611,3542.69249034611
1.85,3341.759681084232,3336.0336224387615,141.97370870175044,3141.759681084232,3541.759681084232
1.852,3340.871372365073,3335.3768638548336,141.13203821498357,3140.871372365073,3540.871372365073
1.854,3340.041028399467,3334.720760555214,140.44242019642425,3140.041028399467,3540.041028399467
1.856,3339.277864778882,3334.06531200065,140.00277677275488,3139.277864778882,3539.277864778882
1.858,3338.5858404863884,3333.4105176518897,139.8409097028114,3138.5858404863884,3538.5858404863884
1.86,3337.963095638964,3332.7563769696803,139.9048607655202,3137.963095638964,3537.963095638964
1.862,3337.4011962198074,3332.1028894147694,140.10958457887605,3137.4011962198074,3537.4011962198074
1.864,3336.8865191731634,3331.450054447904,140.36148035530604,3136.8865191731634,3536.8865191731634
1.866,3336.410823595043,3330.7978715298327,140.59410222877142,3136.410823595043,3536.410823595043
1.868,3335.9444932193383,3330.1463401213023,140.80455149518548,3135.9444932193383,3535.9444932193383
1.87,3335.4690771213354,3329.4954596830603,141.0001308620733,3135.4690771213354,3535.4690771213354
1.872,3334.97085591518,3328.8452296758537,141.24754565493816,3134.97085591518,3534.97085591518
1.874,3334.442543910987,3328.195649560431,141.6293552517182,3134.442543910987,3534.442543910987
1.8760000000000001,3333.882684240801,3327.546718797539,142.22860572534228,3133.882684240801,3533.882684240801
1.8780000000000001,3333.293398839641,3326.898436847926,143.08233892556052,3133.293398839641,3533.293398839641
1.8800000000000001,3332.678011067054,3326.2508031723382,144.18817689084202,3132.678011067054,3532.678011067054
1.8820000000000001,3332.0382928709423,3325.6038172315243,145.49036735727,3132.0382928709423,3532.0382928709423
1.8840000000000001,3331.374334682765,3324.957478486231,146.87338442954544,3131.374334682765,3531.374334682765
1.8860000000000001,3330.6859275295856,3324.311786397206,148.19623372662073,3130.6859275295856,3530.6859275295856
1.8880000000000001,3329.974644073229,3323.6667404251975,149.30378308494858,3129.974644073229,3529.974644073229
1.8900000000000001,3329.24652102858,3323.022340030952,150.08751120117617,3129.24652102858,3529.24652102858
1.8920000000000001,3328.512553984507,3322.378584675217,150.4897619364427,3128.512553984507,3528.512553984507
1.8940000000000001,3327.7876866494225,3321.7354738187414,150.51845039441187,3127.7876866494225,3527.7876866494225
1.8960000000000001,3327.087577148024,3321.093006922271,150.2671447503044,3127.087577148024,3527.087577148024
1.8980000000000001,3326.425855527278,3320.451183446554,149.8623286053791,3126.425855527278,3526.425855527278
1.9000000000000001,3325.8092908513486,3319.810002852338,149.45748004346063,3125.8092908513486,3525.8092908513486
1.9020000000000001,3325.2374761964757,3319.1694646003707,149.17280677668154,3125.2374761964757,3525.2374761964757
1.9040000000000001,3324.7015061915768,3318.529568151399,149.07708461431577,3124.7015061915768,3524.7015061915768
1.9060000000000001,3324.187243277404,3317.8903129661708,149.16040086243444,3124.187243277404,3524.187243277404
1.9080000000000001,3323.677781881476,3317.251698505433,149.3038197712831,3123.677781881476,3523.677781881476
1.9100000000000001,3323.156736893996,3316.6137242299337,149.33645172545496,3123.156736893996,3523.156736893996
1.9120000000000001,3322.6114792856533,3315.9763896004206,149.0671345209946,3122.6114792856533,3522.6114792856533
1.9140000000000001,3322.034584025529,3315.339694077641,148.40736821592714,3122.034584025529,3522.034584025529
1.9160000000000001,3321.424743685472,3314.703637122342,147.0987061615632,3121.424743685472,3521.424743685472
1.9180000000000001,3320.785668741194,3314.0682181952716,145.867679621664,3120.785668741194,3520.785668741194
1.92,3320.125241758548,3313.4334367571764,144.74412582799894,3120.125241758548,3520.125241758548
1.922,3319.4519296708095,3312.7992922688054,143.96453136445692,3119.4519296708095,3519.4519296708095
1.924,3318.772793584179,3312.1657841909046,143.69834204750478,3118.772793584179,3518.772793584179
1.926,3318.091882249106,3311.5329119842227,143.96099183658342,3118.091882249106,3518.091882249106
1.928,3317.4091085943924,3310.900675109506,144.6415566669969,3117.4091085943924,3517.4091085943924
1.93,3316.7209230178078,3310.269073027503,145.5249250131372,3116.7209230178078,3516.7209230178078
1.932,3316.0219062307087,3309.638105198961,146.31653009461758,3116.0219062307087,3516.0219062307087
1.934,3315.3070518136337,3309.007771084627,146.7473346819534,3115.3070518136337,3515.3070518136337
1.936,3314.5745353774323,3308.378070145249,146.6172088166718,3114.5745353774323,3514.5745353774323
1.938,3313.8271168975148,3307.749001841574,145.87646672573933,3113.8271168975148,3513.8271168975148
1.94,3313.072810803163,3307.12056563435,144.61945504789261,3113.072810803163,3513.072810803163
1.942,3312.323442242401,3306.4927609843244,143.06560955776422,3112.323442242401,3512.323442242401
1.944,3311.5928539606907,3305.865587352245,141.5169292585196,3111.5928539606907,3511.5928539606907
1.946,3310.8947305437273,3305.239044198858,140.2752603417943,3110.8947305437273,3510.8947305437273
1.948,3310.239946207912,3304.613130984913,139.57770025871926,3110.239946207912,3510.239946207912
1.95,3309.6357530320047,3303.9878471711554,139.53881833212006,3109.6357530320047,3509.6357530320047
1.952,3309.0851745343284,3303.363192218334,140.11079117027674,3109.0851745343284,3509.0851745343284
1.954,3308.5871863392135,3302.7391655871957,141.17152169670504,3108.5871863392135,3508.5871863392135
1.956,3308.1369701971807,3302.115766738488,142.4882819621489,3108.1369701971807,3508.1369701971807
1.958,3307.725663456617,3301.492995132959,143.82981274735303,3107.725663456617,3507.725663456617
1.96,3307.3406644427164,3300.8708502313557,145.0069257224576,3107.3406644427164,3507.3406644427164
1.962,3306.965642659711,3300.2493314944254,145.94365729029147,3106.965642659711,3506.965642659711
1.964,3306.581357881244,3299.628438382916,146.66236968712482,3106.581357881244,3506.581357881244
1.966,3306.168287439217,3299.008170357575,147.27052411505025,3106.168287439217,3506.168287439217
1.968,3305.697787949459,3298.3885268791496,147.91920338916296,3105.697787949459,3505.697787949459
1.97,3305.1654090757097,3297.7695074083877,148.73626414742603,3105.1654090757097,3505.1654090757097
1.972,3304.5667420800523,3297.1511114060368,149.80305037047995,3104.5667420800523,3504.5667420800523
1.974,3303.904107599461,3296.5333383328434,151.11909457226585,3103.904107599461,3503.904107599461
1.976,3303.185161730094,3295.9161876495564,152.6304601870762,3103.185161730094,3503.185161730094
1.978,3302.420150114681,3295.2996588169226,154.24366426244612,3102.420150114681,3502.420150114681
1.98,3301.6201658985597,3294.683751295689,155.84269746554176,3101.6201658985597,3501.6201658985597
1.982,3300.79624912775,3294.0684645466044,157.32724855039947,3100.79624912775,3500.79624912775
1.984,3299.95934220617,3293.453798030415,158.61634592449235,3099.95934220617,3499.95934220617
1.986,3299.120939087759,3292.839751207869,159.65973286276653,3099.120939087759,3499.120939087759
1.988,3298.2933712141275,3292.2263235397136,160.4281734662421,3098.2933712141275,3498.2933712141275
1.99,3297.490382819305,3291.6135144866967,160.90644404672983,3097.490382819305,3497.490382819305
1.992,3296.7215834128265,3291.0013235095657,161.1044028975627,3096.7215834128265,3496.7215834128265
1.994,3295.9933691809497,3290.3897500690673,161.04497656824046,3095.9933691809497,3495.9933691809497
1.996,3295.305782456378,3289.77879362595,160.7709455542568,3095.305782456378,3495.305782456378
1.998,3294.6518354515474,3289.168453640961,160.35281274838468,3094.6518354515474,3494.6518354515474
2.0,3294.016691772543,3288.5587295748473,159.85969677245262,3094.016691772543,3494.016691772543
2.0020000000000002,3293.3817506677865,3287.9496208883575,159.34618571108152,3093.3817506677865,3493.3817506677865
2.004,3292.7266038459543,3287.341127042238,158.84177003465894,3092.7266038459543,3492.7266038459543
2.0060000000000002,3292.033860695136,3286.733247497237,158.33687904640155,3092.033860695136,3492.033860695136
2.008,3291.291960316882,3286.1259817141013,157.79418096077075,3091.291960316882,3491.291960316882
2.0100000000000002,3290.4970919434627,3285.519329153579,157.17270976309322,3090.4970919434627,3490.4970919434627
2.012,3289.653771362405,3284.9132892764173,156.44239287803498,3089.653771362405,3489.653771362405
2.0140000000000002,3288.773157425987,3284.3078615433637,155.60823533067114,3088.773157425987,3488.773157425987
2.016,3287.870727871253,3283.7030454151663,154.71227711869227,3087.870727871253,3487.870727871253
2.0180000000000002,3286.9633652078164,3283.0988403525716,153.83810934593532,3086.9633652078164,3486.9633652078164
2.02,3286.0655349227727,3282.495245816328,153.11350758493268,3086.0655349227727,3486.0655349227727
2.0220000000000002,3285.1873084466333,3281.8922612671818,152.63694643464564,3085.1873084466333,3485.1873084466333
2.024,3284.3331149339924,3281.289886165882,152.50152468553014,3084.3331149339924,3484.3331149339924
2.0260000000000002,3283.502050654506,3280.688119973175,152.75597110619086,3083.502050654506,3483.502050654506
2.028,3282.689957203585,3280.086962149809,153.38183063517147,3082.689957203585,3482.689957203585
2.0300000000000002,3281.892128218512,3279.486412156531,154.31526790687403,3081.892128218512,3481.892128218512
2.032,3281.106366737676,3278.886469454089,155.44984785326827,3081.106366737676,3481.106366737676
2.0340000000000003,3280.334440774169,3278.2871335032296,156.66853452775598,3080.334440774169,3480.334440774169
2.036,3279.5821664230743,3277.688403764701,157.863365328298,3079.5821664230743,3479.5821664230743
2.0380000000000003,3278.8578699968134,3277.0902796992505,158.95082609479238,3078.8578699968134,3478.8578699968134
2.04,3278.1696906067177,3276.492760767626,159.8427511285217,3078.1696906067177,3478.1696906067177
2.0420000000000003,3277.5227154439076,3275.8958464305742,160.60328037903818,3077.5227154439076,3477.5227154439076
2.044,3276.917171066866,3275.2995361488433,161.21339115032384,3076.917171066866,3476.917171066866
2.0460000000000003,3276.347674510022,3274.7038293831806,161.68384183139304,3076.347674510022,3476.347674510022
2.048,3275.803637707872,3274.1087255943335,162.0155505842038,3075.803637707872,3475.803637707872
2.05,3275.271245802612,3273.5142242430493,162.2009310591715,3075.271245802612,3475.271245802612
2.052,3274.7350961594343,3272.920324790076,162.22534946126783,3074.7350961594343,3474.7350961594343
2.054,3274.1799458663254,3272.327026696161,162.0786118063116,3074.1799458663254,3474.1799458663254
2.056,3273.5921784395787,3271.7343294220514,161.7615590726785,3073.5921784395787,3473.5921784395787
2.058,3272.96073305997,3271.142232428495,161.29333714631187,3072.96073305997,3472.96073305997
2.06,3272.2799206214936,3270.550735176239,160.70870830852954,3072.2799206214936,3472.2799206214936
2.062,3271.543507059391,3269.9598371260313,160.05444473512532,3071.543507059391,3471.543507059391
2.064,3270.7536112228,3269.369537738619,159.3893693811725,3070.7536112228,3470.7536112228
2.066,3269.9177924816,3268.77983647475,158.77377997150205,3069.9177924816,3469.9177924816
2.068,3269.048305532766,3268.1907327951712,158.26807172050374,3069.048305532766,3469.048305532766
2.07,3268.1604507126076,3267.6022261606313,157.9278402744875,3068.1604507126076,3468.1604507126076
2.072,3267.2706767393856,3267.014316031876,157.79981592502793,3067.2706767393856,3467.2706767393856
2.074,3266.393560673724,3266.4270018696548,157.91342986695798,3066.393560673724,3466.393560673724
2.076,3265.5400198615057,3265.840283134714,158.26629493965095,3065.5400198615057,3465.5400198615057
2.078,3264.7160726231255,3265.2541592878006,158.82777184971636,3064.7160726231255,3464.7160726231255
2.08,3263.9231935426888,3264.668629789663,159.53810880368985,3063.9231935426888,3463.9231935426888
2.082,3263.1588182803416,3264.0836941010493,160.32478546763687,3063.1588182803416,3463.1588182803416
2.084,3262.4179007438374,3263.4993516827053,161.1239774452288,3062.4179007438374,3462.4179007438374
2.086,3261.6946698975867,3262.9156019953793,161.89227118153775,3061.6946698975867,3461.6946698975867
2.088,3260.9840444769434,3262.3324444998193,162.6167073364427,3060.9840444769434,3460.9840444769434
2.09,3260.282457018673,3261.749878656772,163.30188933781815,3060.282457018673,3460.282457018673
2.092,3259.586322257337,3261.1679039269857,163.96157932516402,3059.586322257337,3459.586322257337
2.094,3258.8955894421956,3260.5865197712073,164.5998517389371,3058.8955894421956,3458.8955894421956
2.096,3258.209709583238,3260.0057256501846,165.20404082392068,3058.209709583238,3458.209709583238
2.098,3257.5275700733764,3259.4255210246647,165.74807588269434,3057.5275700733764,3457.5275700733764
2.1,3256.847354315705,3258.845905355395,166.19281886897667,3056.847354315705,3456.847354315705
2.102,3256.1673152240487,3258.2668781031243,166.49983968476008,3056.1673152240487,3456.1673152240487
2.104,3255.4873420678778,3257.6884387285986,166.63733471028485,3055.4873420678778,3455.4873420678778
2.106,3254.8105896860197,3257.1105866925664,166.58926139599245,3054.8105896860197,3454.8105896860197
2.108,3254.144702940044,3256.5333214557736,166.3575674835561,3054.144702940044,3454.144702940044
2.11,3253.501238064348,3255.95664247897,166.0461919105658,3053.501238064348,3453.501238064348
2.112,3252.8937600947547,3255.380549222901,165.4914256153681,3052.8937600947547,3452.8937600947547
2.114,3252.334592578837,3254.8050411483155,164.87693899805373,3052.334592578837,3452.334592578837
2.116,3251.832845594524,3254.2301177159607,164.2854709466737,3051.832845594524,3451.832845594524
2.118,3251.386368736661,3253.6557783865837,163.8165199705936,3051.386368736661,3451.386368736661
2.12,3250.986819067344,3253.0820226209325,163.56183895636846,3050.986819067344,3450.986819067344
2.122,3250.6194983199425,3252.508849879754,163.5979073894916,3050.6194983199425,3450.6194983199425
2.124,3250.266340439577,3251.936259623796,163.94794181449114,3050.266340439577,3450.266340439577
2.126,3249.9097145871165,3251.364251313806,164.57968728117595,3049.9097145871165,3449.9097145871165
2.128,3249.536010816351,3250.7928244105315,165.4053452222698,3049.536010816351,3449.536010816351
2.13,3249.1369969701555,3250.22197837472,166.28455742783933,3049.1369969701555,3449.1369969701555
2.132,3248.710019550092,3249.651712667119,167.05937292360696,3048.710019550092,3448.710019550092
2.134,3248.2565680714156,3249.082026748476,167.6136518466228,3048.2565680714156,3448.2565680714156
2.136,3247.7805599175417,3248.5129200795386,167.88645431794203,3047.7805599175417,3447.7805599175417
2.138,3247.287042333103,3247.944392121054,167.87590679775394,3047.287042333103,3447.287042333103
2.14,3246.7813449876417,3247.3764423337702,167.63530920068246,3046.7813449876417,3446.7813449876417
2.142,3246.269028667455,3246.809070178434,167.25028313658282,3046.269028667455,3446.269028667455
2.144,3245.756021809141,3246.2422751157937,166.80479825826419,3045.756021809141,3445.756021809141
2.146,3245.248491231624,3245.6760566065964,166.36169477993158,3045.248491231624,3445.248491231624
2.148,3244.752558900071,3245.1104141115893,165.9479867234311,3044.752558900071,3444.752558900071
2.15,3244.273275878752,3244.54534709152,165.55266418347603,3044.273275878752,3444.273275878752
2.152,3243.813980344847,3243.980855007136,165.13668409470543,3043.813980344847,3443.813980344847
2.154,3243.3759893613887,3243.4169373191858,164.65309213340123,3043.3759893613887,3443.3759893613887
2.156,3242.9585908918098,3242.853593488415,164.06362394724306,3042.9585908918098,3442.9585908918098
2.158,3242.559591046245,3242.290822975573,163.36054038820677,3042.559591046245,3442.559591046245
2.16,3242.1760844038154,3241.728625241406,162.58371751417312,3042.1760844038154,3442.1760844038154
2.162,3241.8027144900407,3241.1669997466624,161.82000408642455,3041.8027144900407,3441.8027144900407
2.164,3241.4389359130205,3240.605945952089,161.20387550909632,3041.4389359130205,3441.4389359130205
2.166,3241.080943020538,3240.0454633184336,160.80280221313944,3041.080943020538,3441.080943020538
2.168,3240.723855643763,3239.485551306443,160.93349190751366,3040.723855643763,3440.723855643763
2.17,3240.361390621841,3238.9262093768657,161.59038211197782,3040.361390621841,3440.361390621841
2.172,3239.9862880900346,3238.3674369904493,162.73949369257753,3039.9862880900346,3439.9862880900346
2.174,3239.591152750737,3237.8092336079403,164.24221289699344,3039.591152750737,3439.591152750737
2.176,3239.169906300019,3237.2515986900867,165.84882739523775,3039.169906300019,3439.169906300019
2.178,3238.718979819397,3236.694531697636,167.26164924633485,3038.718979819397,3438.718979819397
2.18,3238.2387584524513,3236.138032091336,168.2028215893205,3038.2387584524513,3438.2387584524513
2.182,3237.734073040645,3235.582099331934,168.4869314653446,3037.734073040645,3437.734073040645
2.184,3237.214614087634,3235.0267328801774,168.08854776682685,3037.214614087634,3437.214614087634
2.186,3236.6940506440515,3234.471932196813,167.1029147733975,3036.6940506440515,3436.6940506440515
2.188,3236.187754939342,3233.91769674259,165.73143491039428,3036.187754939342,3436.187754939342
2.19,3235.7101217519635,3233.3640259782546,164.21099649321403,3035.7101217519635,3435.7101217519635
2.192,3235.2713390865338,3232.810919364554,162.73368781970765,3035.2713390865338,3435.2713390865338
2.194,3234.874732080026,3232.258376362237,161.41566552155282,3034.874732080026,3434.874732080026
2.196,3234.515829462337,3231.70639643205,160.27641826749726,3034.515829462337,3434.515829462337
2.198,3234.1832596901104,3231.154979034741,159.26871921823437,3034.1832596901104,3434.1832596901104
2.2,3233.8618624792434,3230.6041236310575,158.32678921520838,3033.8618624792434,3433.8618624792434
2.202,3233.5366005723276,3230.0538296817467,157.39092912256498,3033.5366005723276,3433.5366005723276
2.204,3233.196580717668,3229.5040966475563,156.45208446601598,3033.196580717668,3433.196580717668
2.206,3232.8375288203374,3228.954923989234,155.55188522110177,3032.8375288203374,3432.8375288203374
2.208,3232.462051967719,3228.406311167527,154.76355799259122,3032.462051967719,3432.462051967719
2.21,3232.077661666468,3227.8582576431827,154.16947293682307,3032.077661666468,3432.077661666468
2.212,3231.692957957792,3227.3107628769485,153.83525360538556,3031.692957957792,3431.692957957792
2.214,3231.314156982743,3226.7638263295726,153.7836490001545,3031.314156982743,3431.314156982743
2.216,3230.9421199768944,3226.2174474618014,154.0060012018538,3030.9421199768944,3430.9421199768944
2.218,3230.5691888434753,3225.6716257343837,154.45141512084763,3030.5691888434753,3430.5691888434753
2.22,3230.1860359024186,3225.126360608066,155.03110055592848,3030.1860359024186,3430.1860359024186
2.222,3229.7780277745605,3224.5816515435963,155.64293826133903,3029.7780277745605,3429.7780277745605
2.224,3229.3300164098687,3224.0374980017223,156.17713084427885,3029.3300164098687,3429.3300164098687
2.226,3228.8289002744123,3223.4938994431905,156.54779982849433,3028.8289002744123,3428.8289002744123
2.228,3228.266193996447,3222.9508553287496,156.70712460768078,3028.266193996447,3428.266193996447
2.23,3227.639834635349,3222.4083651191463,156.66421887112085,3027.639834635349,3427.639834635349
2.232,3226.954730735644,3221.866428275128,156.48797798774453,3026.954730735644,3426.954730735644
2.234,3226.222560836334,3221.325044257443,156.28119731637057,3026.222560836334,3426.222560836334
2.236,3225.459888949347,3220.784212526838,156.16297857375022,3025.459888949347,3425.459888949347
2.238,3224.685718642189,3220.243932544061,156.23104644926212,3024.685718642189,3424.685718642189
2.24,3223.9181509758355,3219.7042037698593,156.53815657648428,3023.9181509758355,3423.9181509758355
2.242,3223.171041687254,3219.16502566498,157.06858143274005,3023.171041687254,3423.171041687254
2.244,3222.452195339042,3218.626397690172,157.73665668013822,3022.452195339042,3422.452195339042
2.246,3221.7625403709476,3218.088319306181,158.40496642007838,3021.7625403709476,3421.7625403709476
2.248,3221.0973763610577,3217.5507899737554,158.90924790815012,3021.0973763610577,3421.0973763610577
2.25,3220.4483159074703,3217.013809153643,159.10439468268754,3020.4483159074703,3420.4483159074703
2.2520000000000002,3219.806210462279,3216.47737630659,158.88552609088362,3019.806210462279,3419.806210462279
2.254,3219.163482126452,3215.9414908933454,158.22128263163344,3019.163482126452,3419.163482126452
2.2560000000000002,3218.5147041913224,3215.406152374656,157.16613717107555,3018.5147041913224,3418.5147041913224
2.258,3217.856654438874,3214.8713602112693,155.8372035489649,3017.856654438874,3417.856654438874
2.2600000000000002,3217.187635593526,3214.337113863933,154.40111952621598,3017.187635593526,3417.187635593526
2.262,3216.5058730612427,3213.8034127933943,153.03102484220489,3016.5058730612427,3416.5058730612427
2.2640000000000002,3215.8091156088544,3213.270256460401,151.87446375503657,3015.8091156088544,3415.8091156088544
2.266,3215.0974023448234,3212.737644325701,151.02492831382781,3015.0974023448234,3415.0974023448234
2.2680000000000002,3214.364974659085,3212.2055758500405,150.50125383520611,3014.364974659085,3414.364974659085
2.27,3213.6111410645253,3211.6740504941677,150.26592016966504,3013.6111410645253,3413.6111410645253
2.2720000000000002,3212.8378123252182,3211.143067718831,150.23422612440126,3012.8378123252182,3412.8378123252182
2.274,3212.050163414249,3210.6126269847764,150.3101977387001,3012.050163414249,3412.050163414249
2.2760000000000002,3211.2567982346263,3210.082727752752,150.42095606647965,3011.2567982346263,3411.2567982346263
2.278,3210.4690164631543,3209.553369483506,150.5359745903816,3010.4690164631543,3410.4690164631543
2.2800000000000002,3209.699994957107,3209.0245516377845,150.6732395238026,3009.699994957107,3409.699994957107
2.282,3208.9633154439307,3208.4962736763355,150.87434516331624,3008.9633154439307,3408.9633154439307
2.2840000000000003,3208.271129207166,3207.9685350599075,151.17512543311628,3008.271129207166,3408.271129207166
2.286,3207.6326311531584,3207.441335249247,151.57210819319346,3007.6326311531584,3407.6326311531584
2.2880000000000003,3207.0524835774354,3206.9146737051014,152.0148011937906,3007.0524835774354,3407.0524835774354
2.29,3206.530378565179,3206.388549888219,152.40535826396925,3006.530378565179,3406.530378565179
2.2920000000000003,3206.0613756337057,3205.8629632593465,152.62163131734627,3006.0613756337057,3406.0613756337057
2.294,3205.637146265125,3205.3379132792325,152.550148164817,3005.637146265125,3405.637146265125
2.2960000000000003,3205.2482313288956,3204.813399408623,152.12270606897138,3005.2482313288956,3405.2482313288956
2.298,3204.8860986403065,3204.2894211082657,151.355337334589,3004.8860986403065,3404.8860986403065
2.3000000000000003,3204.544745382243,3203.7659778389093,150.34274933846143,3004.544745382243,3404.544745382243
2.302,3204.221128815463,3203.243069061301,149.26305774391187,3004.221128815463,3404.221128815463
2.3040000000000003,3203.9143709877994,3202.7206942361872,148.33721625168832,3003.9143709877994,3403.9143709877994
2.306,3203.6237735513846,3202.1988528243164,147.7645110747216,3003.6237735513846,3403.6237735513846
2.308,3203.346353567753,3201.6775442864355,147.6882323245906,3003.346353567753,3403.346353567753
2.31,3203.074543251467,3201.1567680832923,148.14861114063848,3003.074543251467,3403.074543251467
2.312,3202.795146757254,3200.6365236756346,149.04646476280513,3002.795146757254,3402.795146757254
2.314,3202.490486400546,3200.1168105242095,150.20143594918468,3002.490486400546,3402.490486400546
2.316,3202.1400047194857,3199.597628089765,151.25543405432833,3002.1400047194857,3402.1400047194857
2.318,3201.7245152324613,3199.0789758330475,152.26949730149374,3001.7245152324613,3401.7245152324613
2.32,3201.2306827843195,3198.560853214806,152.9524152243557,3001.2306827843195,3401.2306827843195
2.322,3200.6544432981277,3198.043259695786,153.2582385058278,3000.6544432981277,3400.6544432981277
2.324,3200.003950755147,3197.526194736737,153.22781440777752,3000.003950755147,3400.003950755147
2.326,3199.2993924059497,3197.009657798405,152.97551182367573,2999.2993924059497,3399.2993924059497
2.328,3198.5711220761605,3196.493648341539,152.63185262896314,2998.5711220761605,3398.5711220761605
2.33,3197.8548496264193,3195.978165826885,152.3069716640914,2997.8548496264193,3397.8548496264193
2.332,3197.184812316247,3195.4632097151916,152.070800818619,2997.184812316247,3397.184812316247
2.334,3196.5885652337333,3194.9487794672054,151.94909680056546,2996.5885652337333,3396.5885652337333
2.336,3196.0812761095303,3194.4348745436746,151.9401883622781,2996.0812761095303,3396.0812761095303
2.338,3195.6637628319986,3193.9214944053465,152.01564238995678,2995.6637628319986,3395.6637628319986
2.34,3195.323746127362,3193.4086385129685,152.1295598309459,2995.323746127362,3395.323746127362
2.342,3195.03981189151,3192.896306327288,152.21674210979205,2995.03981189151,3395.03981189151
2.344,3194.7879954119567,3192.384497309053,152.19485569054578,2994.7879954119567,3394.7879954119567
2.346,3194.5473771687557,3191.8732109190105,151.98077263263718,2994.5473771687557,3394.5473771687557
2.348,3194.3053692672247,3191.362446617908,151.50325464714595,2994.3053692672247,3394.3053692672247
2.35,3194.059637080163,3190.8522038664933,150.74540662893347,2994.059637080163,3394.059637080163
2.352,3193.816891426969,3190.342482125513,149.76122744212836,2993.816891426969,3393.816891426969
2.354,3193.5894537184945,3189.833280855716,148.67374306321315,2993.5894537184945,3393.5894537184945
2.356,3193.3902433502503,3189.3245995178495,147.66746031821555,2993.3902433502503,3393.3902433502503
2.358,3193.2292406131396,3188.81643757266,146.94157734151653,2993.2292406131396,3393.2292406131396
2.36,3193.1104719780406,3188.3087944808954,146.68500448580298,2993.1104719780406,3393.1104719780406
2.362,3193.031021720761,3187.801669703304,147.03246551847715,2993.031021720761,3393.031021720761
2.364,3192.982569840395,3187.2950627006326,148.03451387817506,2992.982569840395,3392.982569840395
2.366,3192.9525107090817,3186.7889729336284,149.6858439191956,2992.9525107090817,3392.9525107090817
2.368,3192.9224035560524,3186.2833998630394,151.88560389810738,2992.9224035560524,3392.9224035560524
2.37,3192.8788429086017,3185.778342949613,154.46017124034879,2992.8788429086017,3392.8788429086017
2.372,3192.805496648278,3185.273801654097,157.17893117050278,2992.805496648278,3392.805496648278
2.374,3192.6871321627887,3184.7697754372384,159.76904407161948,2992.6871321627887,3392.6871321627887
2.376,3192.5105564612527,3184.266263759785,161.96686355649703,2992.5105564612527,3392.5105564612527
2.378,3192.2661973989398,3183.763266082484,163.5488080492296,2992.2661973989398,3392.2661973989398
2.38,3191.949146770654,3183.2607818660827,164.39284477164955,2991.949146770654,3391.949146770654
2.382,3191.559201683222,3182.7588105713294,164.5114195420293,2991.559201683222,3391.559201683222
2.384,3191.100825321384,3182.2573516589714,164.0217871345587,2991.100825321384,3391.100825321384
2.386,3190.5820865480728,3181.7564045897557,163.14788129234316,2990.5820865480728,3390.5820865480728
2.388,3190.0132470948956,3181.25596882443,162.13915864673086,2990.0132470948956,3390.0132470948956
2.39,3189.405666450782,3180.756043823742,161.20845596725704,2989.405666450782,3389.405666450782
2.392,3188.770774369529,3180.256629048439,160.4951395119529,2988.770774369529,3388.770774369529
2.394,3188.119419830074,3179.7577239592683,160.0437827462471,2988.119419830074,3388.119419830074
2.396,3187.460843537513,3179.259328016978,159.82780858815286,2987.460843537513,3387.460843537513
2.398,3186.8015022644777,3178.761440682315,159.76207431532237,2986.8015022644777,3386.8015022644777
2.4,3186.1439890466027,3178.2640614160273,159.7368096151996,2986.1439890466027,3386.1439890466027
2.402,3185.485527001632,3177.7671896788625,159.64089646891054,2985.485527001632,3385.485527001632
2.404,3184.8175242694774,3177.270824931567,159.38593668704127,2984.8175242694774,3384.8175242694774
2.406,3184.1262653099925,3176.774966634889,158.91771866947687,2984.1262653099925,3384.1262653099925
2.408,3183.394996058524,3176.2796142495763,158.199625834335,2983.394996058524,3383.394996058524
2.41,3182.6072320072713,3175.784767236376,157.21213146747968,2982.6072320072713,3382.6072320072713
2.412,3181.750362216946,3175.290425056036,155.9365236012445,2981.750362216946,3381.750362216946
2.414,3180.819127366268,3174.796587169303,154.35318077849112,2980.819127366268,3380.819127366268
2.416,3179.8171573266754,3174.303253036926,152.4831380178021,2979.8171573266754,3379.8171573266754
2.418,3178.7575960858994,3173.810422119651,150.41227444859896,2978.7575960858994,3378.7575960858994
2.42,3177.661447362152,3173.3180938782257,148.30096238346076,2977.661447362152,3377.661447362152
2.422,3176.554732507005,3172.8262677733983,146.36979647998444,2976.554732507005,3376.554732507005
2.424,3175.4652174486514,3172.334943265915,144.84067268926648,2975.4652174486514,3375.4652174486514
2.426,3174.418598997297,3171.844119816525,143.9003553812191,2974.418598997297,3374.418598997297
2.428,3173.4347918684134,3171.3537968859755,143.6307378769113,2973.4347918684134,3373.4347918684134
2.43,3172.5255563892592,3170.8639739350124,143.99969174354476,2972.5255563892592,3372.5255563892592
2.432,3171.6924688365752,3170.374650424385,144.89137706047566,2971.6924688365752,3371.6924688365752
2.434,3170.927522122745,3169.8858258148393,146.10011829181514,2970.927522122745,3370.927522122745
2.436,3170.2142371930836,3169.397499567124,147.39594519762716,2970.2142371930836,3370.2142371930836
2.438,3169.531695342545,3168.9096711419866,148.56710158932174,2969.531695342545,3369.531695342545
2.44,3168.8585676657844,3168.422340000174,149.45524934963458,2968.8585676657844,3368.8585676657844
2.442,3168.1777571567095,3167.9355056024338,149.97619957384921,2968.1777571567095,3368.1777571567095
2.444,3167.4809174282245,3167.4491674095134,150.09417037614102,2967.4809174282245,3367.4809174282245
2.446,3166.7693309939045,3166.9633248821606,149.83218886355766,2966.7693309939045,3366.7693309939045
2.448,3166.053185675282,3166.477977481123,149.25012084176814,2966.053185675282,3366.053185675282
2.45,3165.34791642788,3165.993124667147,148.42512772174186,2965.34791642788,3365.34791642788
2.452,3164.669209314762,3165.508765900982,147.4710256419684,2964.669209314762,3364.669209314762
2.454,3164.0286662124768,3165.0249006433737,146.50979500837403,2964.0286662124768,3364.0286662124768
2.456,3163.4300679379176,3164.5415283550706,145.6502520167759,2963.4300679379176,3363.4300679379176
2.458,3162.8686731580524,3164.05864849682,144.96513968346093,2962.8686731580524,3362.8686731580524
2.46,3162.332079627062,3163.5762605293694,144.46894690434405,2962.332079627062,3362.332079627062
2.462,3161.802835377255,3163.0943639134657,144.12939407055453,2961.802835377255,3361.802835377255
2.464,3161.261674095922,3162.6129581098576,143.8715971126282,2961.261674095922,3361.261674095922
2.466,3160.689822108738,3162.132042579292,143.6151270846961,2960.689822108738,3360.689822108738
2.468,3160.0715835231167,3161.6516167825157,143.30527897832965,2960.0715835231167,3360.0715835231167
2.47,3159.3959247675607,3161.1716801802772,142.92269675325696,2959.3959247675607,3359.3959247675607
2.472,3158.657726572539,3160.692232233324,142.48917268514407,2958.657726572539,3358.657726572539
2.474,3157.8589963212403,3160.2132724024023,142.05658111585134,2957.8589963212403,3357.8589963212403
2.476,3157.008930084401,3159.734800148261,141.6757547015495,2957.008930084401,3357.008930084401
2.478,3156.123620888984,3159.256814931647,141.3988718893629,2956.123620888984,3356.123620888984
2.48,3155.2235883941494,3158.7793162133084,141.2525712780275,2955.2235883941494,3355.2235883941494
2.482,3154.3304386112654,3158.3023034539915,141.25264023876457,2954.3304386112654,3354.3304386112654
2.484,3153.465164304474,3157.825776114445,141.41397342900277,2953.465164304474,3353.465164304474
2.486,3152.6401004568243,3157.3497336554155,141.74098680084842,2952.6401004568243,3352.6401004568243
2.488,3151.863499277638,3156.874175537651,142.2019671055425,2951.863499277638,3351.863499277638
2.49,3151.137542265709,3156.399101221899,142.79039231034847,2951.137542265709,3351.137542265709
2.492,3150.4601471829546,3155.924510168907,143.39258179001843,2950.4601471829546,3350.4601471829546
2.494,3149.8267241215485,3155.4504018394223,143.91205365423423,2949.8267241215485,3349.8267241215485
2.496,3149.2309775084286,3154.9767756941924,144.23818988776185,2949.2309775084286,3349.2309775084286
2.498,3148.665740269767,3154.503631193965,144.27789475291792,2948.665740269767,3348.665740269767
2.5,3148.1227696776796,3154.030967799487,143.99407004130833,2948.1227696776796,3348.1227696776796
2.5020000000000002,3147.5925989351276,3153.5587849715066,143.41107105917152,2947.5925989351276,3347.5925989351276
2.504,3147.0650323795844,3153.0870821707713,142.60665165202508,2947.0650323795844,3347.0650323795844
2.5060000000000002,3146.53058721009,3152.6158588580283,141.69692300581997,2946.53058721009,3346.53058721009
2.508,3145.981729808566,3152.1451144940247,140.78683673138138,2945.981729808566,3345.981729808566
2.5100000000000002,3145.4143067700143,3151.674848539509,139.94229178262015,2945.4143067700143,3345.4143067700143
2.512,3144.828003866802,3151.2050604552282,139.17078406661773,2944.828003866802,3344.828003866802
2.5140000000000002,3144.2262288882544,3150.7357497019293,138.4394209357587,2944.2262288882544,3344.2262288882544
2.516,3143.6152118045807,3150.2669157403607,137.70548675874022,2943.6152118045807,3343.6152118045807
2.5180000000000002,3143.003015234089,3149.7985580312693,136.95671842476415,2943.003015234089,3343.003015234089
2.52,3142.3987487253366,3149.3306760354026,136.23079514770808,2942.3987487253366,3342.3987487253366
2.5220000000000002,3141.8120695170473,3148.863269213508,135.61306878182958,2941.8120695170473,3341.8120695170473
2.524,3141.252236895468,3148.3963370263336,135.20449958949138,2941.252236895468,3341.252236895468
2.5260000000000002,3140.7271657986876,3147.9298789346267,135.08037157634328,2940.7271657986876,3340.7271657986876
2.528,3140.24165085146,3147.4638943991345,135.26867361928592,2940.24165085146,3340.24165085146
2.5300000000000002,3139.7962498881084,3146.9983828806044,135.71974184794968,2939.7962498881084,3339.7962498881084
2.532,3139.386076971144,3146.5333438397843,136.3381908966929,2939.386076971144,3339.386076971144
2.5340000000000003,3139.001390748582,3146.068776737421,136.9394300758589,2939.001390748582,3339.001390748582
2.536,3138.6293303052144,3145.604681034263,137.59355724790373,2938.6293303052144,3338.6293303052144
2.5380000000000003,3138.2567685117624,3145.1410561910575,138.1567418752601,2938.2567685117624,3338.2567685117624
2.54,3137.8732006743403,3144.6779016685514,138.62056996214702,2937.8732006743403,3337.8732006743403
2.5420000000000003,3137.473716590005,3144.2152169274927,139.0191236950518,2937.473716590005,3337.473716590005
2.544,3137.0597374090844,3143.753001428629,139.39964872022526,2937.0597374090844,3337.0597374090844
2.5460000000000003,3136.637327451551,3143.291254632707,139.80225863466043,2936.637327451551,3336.637327451551
2.548,3136.2151189042834,3142.8299760004757,140.24320341857012,2936.2151189042834,3336.2151189042834
2.5500000000000003,3135.8014246688604,3142.3691649926814,140.71077248648876,2935.8014246688604,3335.8014246688604
2.552,3135.401599480116,3141.908821070071,141.17364415303757,2935.401599480116,3335.401599480116
2.5540000000000003,3135.0167272795484,3141.448943693394,141.59024995902197,2935.0167272795484,3335.0167272795484
2.556,3134.6431525097414,3140.9895323233964,141.91639663994897,2934.6431525097414,3334.6431525097414
2.5580000000000003,3134.2737128192416,3140.530586420826,142.14018988283442,2934.2737128192416,3334.2737128192416
2.56,3133.899117327215,3140.07210544643,142.2491395593453,2933.899117327215,3333.899117327215
2.562,3133.5093158605473,3139.614088860957,142.24906129086216,2933.5093158605473,3333.5093158605473
2.564,3133.0954453651284,3139.1565361251533,142.15278539655904,2933.0954453651284,3333.0954453651284
2.566,3132.6508409704143,3138.699446699767,141.98296547691308,2932.6508409704143,3332.6508409704143
2.568,3132.1718756428945,3138.2428200455456,141.76393573701307,2932.1718756428945,3332.1718756428945
2.57,3131.6585360263543,3137.786655623236,141.51881813582773,2931.6585360263543,3331.6585360263543
2.572,3131.1140911953953,3137.3309528935865,141.2683573116484,2931.1140911953953,3331.1140911953953
2.574,3130.544499248247,3136.875711317344,141.02939635147845,2930.544499248247,3330.544499248247
2.576,3129.9567879719784,3136.420930355257,140.8122728260575,2929.9567879719784,3329.9567879719784
2.578,3129.357465663195,3135.9666094680715,140.61376001638618,2929.357465663195,3329.357465663195
2.58,3128.751278918209,3135.5127481165355,140.41727086089813,2928.751278918209,3328.751278918209
2.582,3128.1403078688923,3135.0593457613977,140.18434260171318,2928.1403078688923,3328.1403078688923
2.584,3127.524590732459,3134.6064018634033,139.86180423626448,2927.524590732459,3327.524590732459
2.586,3126.90196467374,3134.153915883302,139.39302871818913,2926.90196467374,3326.90196467374
2.588,3126.2750392866233,3133.7018872818403,138.73132432271746,2926.2750392866233,3326.2750392866233
2.59,3125.647329165376,3133.250315519766,137.88020076700695,2925.647329165376,3325.647329165376
2.592,3125.0255634572914,3132.799200057826,136.88956814254746,2925.0255634572914,3325.0255634572914
2.594,3124.418266650375,3132.3485403567684,135.861097306344,2924.418266650375,3324.418266650375
2.596,3123.8336658582934,3131.8983358773407,134.9365204231338,2923.8336658582934,3323.8336658582934
2.598,3123.277163367969,3131.44858608029,134.25286132083326,2923.277163367969,3323.277163367969
2.6,3122.748978475915,3130.999290426364,133.92362479761397,2922.748978475915,3322.748978475915
2.602,3122.243422181198,3130.5504483763107,133.98542768423826,2922.243422181198,3322.243422181198
2.604,3121.74902535455,3130.102059390876,134.4027971964465,2921.74902535455,3321.74902535455
2.606,3121.251776002181,3129.6541229308095,135.08102680237852,2921.251776002181,3321.251776002181
2.608,3120.737417896894,3129.206638456857,135.87331266018734,2920.737417896894,3320.737417896894
2.61,3120.195611728076,3128.7596054297674,136.63675911705397,2920.195611728076,3320.195611728076
2.612,3119.6231580362487,3128.3130233102866,137.25322631096574,2919.6231580362487,3319.6231580362487
2.614,3119.025294046087,3127.866891559164,137.66230511532314,2919.025294046087,3319.025294046087
2.616,3118.4152687536675,3127.421209637145,137.86888000418844,2918.4152687536675,3318.4152687536675
2.618,3117.813122650346,3126.9759770049786,137.93172545199354,2917.813122650346,3317.813122650346
2.62,3117.240572672219,3126.5311931234123,137.95480207492744,2917.240572672219,3317.240572672219
2.622,3116.716593724242,3126.086857453193,138.05070586612993,2916.716593724242,3316.716593724242
2.624,3116.2535868508744,3125.642969455068,138.3160872546619,2916.2535868508744,3316.2535868508744
2.626,3115.8555970803964,3125.1995285897856,138.78776901693286,2915.8555970803964,3315.8555970803964
2.628,3115.5181912691623,3124.7565343180922,139.4293481748994,2915.5181912691623,3315.5181912691623
2.63,3115.2298336702715,3124.3139861007367,140.12786328623469,2915.2298336702715,3315.2298336702715
2.632,3114.975186453553,3123.871883398465,140.71192217573133,2914.975186453553,3314.975186453553
2.634,3114.737907687663,3123.4302256720266,141.00624109954254,2914.737907687663,3314.737907687663
2.636,3114.503438851665,3122.989012382167,140.8745417085966,2914.503438851665,3314.503438851665
2.638,3114.2602067398775,3122.5482429896347,140.3039355206146,2914.2602067398775,3314.2602067398775
2.64,3113.999858773209,3122.1079169551767,139.4028077276454,2913.999858773209,3313.999858773209
2.642,3113.7168268665137,3121.6680337395414,138.38688555394566,2913.7168268665137,3313.7168268665137
2.644,3113.4072716539863,3121.2285928034753,137.5331589592131,2913.4072716539863,3313.4072716539863
2.646,3113.068210359762,3120.7895936077266,137.08883308327893,2913.068210359762,3313.068210359762
2.648,3112.6961401482163,3120.3510356130423,137.23420737896794,2912.6961401482163,3312.6961401482163
2.65,3112.2861016162283,3119.9129182801707,138.0068642726649,2912.2861016162283,3312.2861016162283
2.652,3111.831093988193,3119.475241069858,139.33796930861726,2911.831093988193,3311.831093988193
2.654,3111.3215265817785,3119.0380034428526,141.0971824157085,2911.3215265817785,3311.3215265817785
2.656,3110.7460680310264,3118.601204859902,143.09558842430948,2910.7460680310264,3310.7460680310264
2.658,3110.093168456131,3118.1648447817533,145.19382713397695,2910.093168456131,3310.093168456131
2.66,3109.352883945169,3117.7289226691546,147.28084525821595,2909.352883945169,3309.352883945169
2.662,3108.518728547052,3117.293437982852,149.29496297545583,2908.518728547052,3308.518728547052
2.664,3107.58900265686,3116.858390183595,151.19797816421138,2907.58900265686,3307.58900265686
2.666,3106.5661032657686,3116.42377873213,152.9672126876886,2906.5661032657686,3306.5661032657686
2.668,3105.455426682586,3115.989603089204,154.4901467537684,2905.455426682586,3305.455426682586
2.67,3104.2638984542778,3115.555862715566,155.77962285356514,2904.2638984542778,3304.2638984542778
2.672,3102.997080514448,3115.1225570719616,156.74473337175726,2902.997080514448,3302.997080514448
2.674,3101.657970593242,3114.6896856191397,157.432888867486,2901.657970593242,3301.657970593242
2.676,3100.246376346992,3114.257247817847,157.91472455317398,2900.246376346992,3300.246376346992
2.678,3098.7573346621425,3113.825243128832,158.3097720146551,2898.7573346621425,3298.7573346621425
2.68,3097.1817108602445,3113.393671012841,158.7768534916057,2897.1817108602445,3297.1817108602445
2.682,3095.505610701533,3112.9625309306225,159.48292246627153,2895.505610701533,3295.505610701533
2.684,3093.7112634032837,3112.5318223429235,160.60825771721218,2893.7112634032837,3293.7112634032837
2.686,3091.7781915440014,3112.1015447104915,162.29288874281747,2891.7781915440014,3291.7781915440014
2.688,3089.6848154518343,3111.671697494074,164.65266849745583,2889.6848154518343,3289.6848154518343
2.69,3087.411880460509,3111.242280154419,167.7831486197369,2887.411880460509,3287.411880460509
2.692,3084.94484072672,3110.813292152273,171.6844115439415,2884.94484072672,3284.94484072672
2.694,3082.275735939562,3110.3847329483838,176.32487981281275,2882.275735939562,3282.275735939562
2.696,3079.4046483207176,3109.9566020034995,181.6431028251641,2879.4046483207176,3279.4046483207176
2.698,3076.3389097175836,3109.5288987783674,187.50481860608247,2876.3389097175836,3276.3389097175836
2.7,3073.092271412533,3109.1016227337345,193.77661589218815,2873.092271412533,3273.092271412533
2.702,3069.6829695183656,3108.6747733303487,200.31768879512566,2869.6829695183656,3269.6829695183656
2.704,3066.1327449546966,3108.2483500289577,206.97364086653678,2866.1327449546966,3266.1327449546966
2.706,3062.4669587057583,3107.822352290308,213.60380710461385,2862.4669587057583,3262.4669587057583
2.708,3058.711649806747,3107.3967795751487,220.07102623843383,2858.711649806747,3258.711649806747
2.71,3054.8929781670654,3106.9716313442264,226.28546342473751,2854.8929781670654,3254.8929781670654
2.712,3051.0344164236135,3106.5469070582876,232.21493211973078,2851.0344164236135,3251.0344164236135
2.714,3047.151162519613,3106.1226061780817,237.91090875850452,2847.151162519613,3247.151162519613
2.716,3043.24743660772,3105.698728164355,243.54380983574254,2843.24743660772,3243.24743660772
2.718,3039.3151205722943,3105.2752724778557,249.34996603921056,2839.3151205722943,3239.3151205722943
2.72,3035.3333683676606,3104.8522385793303,255.6056090853891,2835.3333683676606,3235.3333683676606
2.722,3031.2747802155054,3104.429625929527,262.5267514548705,2831.2747802155054,3231.2747802155054
2.724,3027.112730365612,3104.0074339891935,270.2434904370893,2827.112730365612,3227.112730365612
2.726,3022.828284976252,3103.5856622190768,278.78615488544966,2822.828284976252,3222.828284976252
2.728,3018.4146343034763,3103.1643100799247,288.0614067239182,2818.4146343034763,3218.4146343034763
2.73,3013.8788032770767,3102.7433770324847,297.9261346424246,2813.8788032770767,3213.8788032770767
2.732,3009.2370157100368,3102.322862537504,308.2573588235012,2809.2370157100368,3209.2370157100368
2.734,3004.5085903758127,3101.9027660557304,318.93477195377136,2804.5085903758127,3204.5085903758127
2.736,2999.7096880401978,3101.483087047911,329.9102128557584,2799.7096880401978,3199.7096880401978
2.738,2994.84410834863,3101.0638249747935,341.18070598068476,2794.84410834863,3194.84410834863
2.74,2989.900968755135,3100.6449792971257,352.72942585793186,2789.900968755135,3189.900968755135
2.742,2984.8539836405203,3100.226549475655,364.513495034118,2784.8539836405203,3184.8539836405203
2.744,2979.661968558229,3099.808534971128,376.4360093611818,2779.661968558229,3179.661968558229
2.746,2974.273240623828,3099.3909352442943,388.3499447420609,2774.273240623828,3174.273240623828
2.748,2968.6293594927515,3098.973749755899,400.1112028378445,2768.6293594927515,3168.6293594927515
2.75,2962.6715248712535,3098.5569779666907,411.61939489135057,2762.6715248712535,3162.6715248712535
2.7520000000000002,2956.3458597767312,3098.140619337417,422.89563859798324,2756.3458597767312,3156.3458597767312
2.754,2949.6083082334653,3097.7246733288252,434.0795993600081,2749.6083082334653,3149.6083082334653
2.7560000000000002,2942.431175542732,3097.3091394016637,445.4348075465363,2742.431175542732,3142.431175542732
2.758,2934.8049956021373,3096.894017016678,457.2772447562463,2734.8049956021373,3134.8049956021373
2.7600000000000002,2926.739600953694,3096.479305634617,469.91011416571536,2726.739600953694,3126.739600953694
2.762,2918.259822363463,3096.0650047162285,483.5931233256013,2718.259822363463,3118.259822363463
2.7640000000000002,2909.398899344757,3095.6511137222587,498.4004791446513,2709.398899344757,3109.398899344757
2.766,2900.1912546725803,3095.237632113456,514.3140793487037,2700.1912546725803,3100.1912546725803
2.7680000000000002,2890.659273498964,3094.824559350568,531.2710765574883,2690.659273498964,3090.659273498964
2.77,2880.805590302202,3094.4118948943415,549.1571794517753,2680.805590302202,3080.805590302202
2.7720000000000002,2870.6052636885865,3093.9996382055247,567.977178334639,2670.6052636885865,3070.6052636885865
2.774,2860.000501944684,3093.5877887448646,587.9118350468112,2660.000501944684,3060.000501944684
2.7760000000000002,2848.903218734289,3093.1763459731087,609.2235891470353,2648.903218734289,3048.903218734289
2.778,2818.7019362200854,3092.7653093510053,632.281704494729,2618.7019362200854,3018.7019362200854
2.7800000000000002,2791.283152335559,3092.354678339301,657.5114068488853,2591.283152335559,2991.283152335559
2.782,2766.5784139903053,3091.9444523987436,685.0723875882759,2566.5784139903053,2966.5784139903053
2.7840000000000003,2744.5228490848967,3091.5346309900806,714.9584502234101,2544.5228490848967,2944.5228490848967
2.786,2725.0572924955595,3091.1252135740597,746.9519109087561,2525.0572924955595,2925.0572924955595
2.7880000000000003,2708.1252835325563,3090.7161996114273,780.4416793531038,2508.1252835325563,2908.1252835325563
2.79,2693.6812684615707,3090.307588562933,814.6957171916564,2493.6812684615707,2893.6812684615707
2.7920000000000003,2681.6817984174977,3089.899379889322,848.8451225259051,2481.6817984174977,2881.6817984174977
2.794,2672.0901304456593,3089.491573051344,882.0189782606379,2472.0901304456593,2872.0901304456593
2.7960000000000003,2664.864949707229,3089.0841675097445,913.4588111496842,2464.864949707229,2864.864949707229
2.798,2659.9620596708287,3088.677162725272,942.498753608742,2459.9620596708287,2859.9620596708287
2.8000000000000003,2657.3299606711507,3088.2705581586742,968.8892494159276,2457.3299606711507,2857.3299606711507
2.802,2656.907591651926,3087.8643532706974,992.642066281593,2456.907591651926,2856.907591651926
2.8040000000000003,2658.6224395978957,3087.458547522091,1014.07853703171,2458.6224395978957,2858.6224395978957
2.806,2662.390176676623,3087.0531403736013,1034.0519904279602,2462.390176676623,2862.390176676623
2.8080000000000003,2668.113007367738,3086.6481312859755,1053.66108045577,2468.113007367738,2868.113007367738
2.81,2675.6786671329965,3086.243519719962,1074.2985070303068,2475.6786671329965,2875.6786671329965
2.8120000000000003,2684.960207108444,3085.8393051363073,1097.3740765451087,2484.960207108444,2884.960207108444
2.814,2695.8159102126906,3085.4354869957597,1124.132881027329,2495.8159102126906,2895.8159102126906
2.816,2708.0934090287565,3085.0320647590665,1155.5647816347573,2508.0934090287565,2908.0934090287565
2.818,2721.6338726965027,3084.6290378869753,1191.7087929258573,2521.6338726965027,2921.6338726965027
2.82,2736.27690397489,3084.2264058402334,1231.9008183313983,2536.27690397489,2936.27690397489
2.822,2751.867672412773,3083.8241680795877,1274.6122833239517,2551.867672412773,2951.867672412773
2.824,2768.259161122015,3083.4223240657866,1317.3601878153527,2568.259161122015,2968.259161122015
2.826,2785.312840759622,3083.0208732595775,1357.3025518098975,2585.312840759622,2985.312840759622
2.828,2802.898717079404,3082.6198151217077,102.6208099257847,2602.898717079404,3002.898717079404
2.83,2820.8907556733993,3082.2191491129247,105.37591067060531,2620.8907556733993,3020.8907556733993
2.832,2839.16180785571,3081.818874693976,108.17685114770305,2639.16180785571,3039.16180785571
2.834,2857.580805900686,3081.418991325609,111.06247774515114,2657.580805900686,3057.580805900686
2.836,2876.008722685522,3081.0194984685713,114.11820738249453,2676.008722685522,3076.008722685522
2.838,2894.2956270633113,3080.620395583611,117.22626058589361,2694.2956270633113,3094.2956270633113
2.84,2912.281047610382,3080.221682131474,120.66068979515381,2712.281047610382,3112.281047610382
2.842,2929.79446650618,3079.823357572909,124.40036646435158,2729.79446650618,3129.79446650618
2.844,2946.657032637754,3079.425421368664,128.82459396875183,2746.657032637754,3146.657032637754
2.846,2962.684536773218,3079.0278729794854,133.95613886587114,2762.684536773218,3162.684536773218
2.848,2977.6909161371154,3078.6307118661207,140.13811930266797,2777.6909161371154,3177.6909161371154
2.85,2991.491987352227,3078.233937489319,147.6481319618807,2791.491987352227,3191.491987352227
2.852,3003.905960154199,3077.8375493098256,156.76742859218425,2803.905960154199,3203.905960154199
2.854,3014.7548493072454,3077.441546788389,167.65137344938287,2814.7548493072454,3214.7548493072454
2.856,3023.86266562585,3077.0459293857566,180.39520867458378,2823.86266562585,3223.86266562585
2.858,3031.049323491316,3076.650696562676,194.9610427060578,2831.049323491316,3231.049323491316
2.86,3036.1263073531295,3076.255847779895,211.04661311128453,2836.1263073531295,3236.1263073531295
2.862,3038.8885358783264,3075.8613824981603,228.190866798146,2838.8885358783264,3238.8885358783264
2.864,3039.1098303838676,3075.46730017822,245.7242808856315,2839.1098303838676,3239.1098303838676
2.866,3036.539932576759,3075.0736002808217,262.8401031607927,2836.539932576759,3236.539932576759
2.868,3030.9045210543486,3074.6802822667123,278.71847157950924,2830.9045210543486,3230.9045210543486
2.87,3021.9145907792636,3074.287345596639,292.5977758870002,2821.9145907792636,3221.9145907792636
2.872,3009.2770658980025,3073.894789731351,304.04628599991275,2809.2770658980025,3209.2770658980025
2.874,2992.7105779093536,3073.502614131595,312.9060965634897,2792.7105779093536,3192.7105779093536
2.876,2971.9641520923415,3073.1108182581174,319.36973768815085,2771.9641520923415,3171.9641520923415
2.878,2946.831263349456,3072.719401571667,324.0795478814771,2746.831263349456,3146.831263349456
2.88,2939.6705216574946,3072.3283635329904,327.86158088439504,2739.6705216574946,3139.6705216574946
2.882,2932.4610390056832,3071.9377036028354,331.69188450380625,2732.4610390056832,3132.4610390056832
2.884,2925.2244163992136,3071.5474212419504,336.4945065651707,2725.2244163992136,3125.2244163992136
2.886,2917.9758731731135,3071.1575159110816,343.0022482913078,2717.9758731731135,3117.9758731731135
2.888,2910.7158233726186,3070.767987070977,351.69460571322804,2710.7158233726186,3110.7158233726186
2.89,2903.431590510136,3070.3788341823847,362.6151676759222,2703.431590510136,3103.431590510136
2.892,2896.0867836884713,3069.990056706051,375.565288200405,2696.0867836884713,3096.0867836884713
2.894,2888.627838122735,3069.601654102724,390.13416267049314,2688.627838122735,3088.627838122735
2.896,2880.980274763707,3069.2136258331516,405.74627745503847,2680.980274763707,3080.980274763707
2.898,2873.060814652953,3068.8259713580806,421.8904997894638,2673.060814652953,3073.060814652953
2.9,2864.780203543886,3068.4386901382586,438.14230814042423,2664.780203543886,3064.780203543886
2.902,2856.049665310895,3068.0517816344336,454.2592562221629,2656.049665310895,3056.049665310895
2.904,2846.7854150550293,3067.665245307353,470.15292586964273,2646.7854150550293,3046.7854150550293
2.906,2836.9165782138894,3067.2790806177636,485.91948363730546,2636.9165782138894,3036.9165782138894
2.908,2826.385939099545,3066.8932870264134,501.81687428329445,2626.385939099545,3026.385939099545
2.91,2815.152655813927,3066.5078639940502,518.1479332904796,2615.152655813927,3015.152655813927
2.912,2803.197673271867,3066.122810981421,535.2698969303074,2603.197673271867,3003.197673271867
2.914,2790.524943466275,3065.738127449273,553.4297837167359,2590.524943466275,2990.524943466275
2.916,2777.1651710930764,3065.353812858355,572.798500871751,2577.1651710930764,2977.1651710930764
2.918,2763.176040385223,3064.969866669413,593.4037240509591,2563.176040385223,2963.176040385223
2.92,2748.640808622787,3064.5862883431955,615.1122216126612,2548.640808622787,2948.640808622787
2.922,2733.664691685056,3064.2030773404495,637.7868683868934,2533.664691685056,2933.664691685056
2.924,2718.3601271790626,3063.8202331219227,661.3557794631629,2518.3601271790626,2918.3601271790626
2.926,2702.836082288733,3063.4377551483626,685.8568497758807,2502.836082288733,2902.836082288733
2.928,2687.1825782586457,3063.0556428805166,711.5468656419372,2487.1825782586457,2887.1825782586457
2.93,2671.450667799748,3062.673895779132,738.877718251619,2471.450667799748,2871.450667799748
2.932,2655.643673849717,3062.292513304957,768.2851237618896,2455.643673849717,2855.643673849717
2.934,2639.7097547496323,3061.9114949187388,800.1599957272797,2439.7097547496323,2839.7097547496323
2.936,2623.550384983749,3061.5308400812246,834.6823903984837,2423.550384983749,2823.550384983749
2.938,2607.0349391107097,3061.1505482531616,871.5611642840904,2407.0349391107097,2807.0349391107097
2.94,2590.0226970456433,3060.770618895298,910.2027827794434,2390.0226970456433,2790.0226970456433
2.942,2572.4031163680356,3060.391051468381,949.6857835183814,2372.4031163680356,2772.4031163680356
2.944,2554.1175519785156,3060.011845433158,988.89345575892,2354.1175519785156,2754.1175519785156
2.946,2535.1790164349713,3059.633000250377,1026.7419522566158,2335.1790164349713,2735.1790164349713
2.948,2515.683602279382,3059.254515380785,1062.2561353307594,2315.683602279382,2715.683602279382
2.95,2495.7964340167136,3058.8763902851288,1094.8520835513878,2295.7964340167136,2695.7964340167136
2.952,2475.6878393288944,3058.4986244241572,1124.2107979719704,2275.6878393288944,2675.6878393288944
2.954,2455.6735529842545,3058.1212172586174,1150.294200207519,2255.6735529842545,2655.6735529842545
2.956,2435.9664103152445,3057.7441682492567,1173.4797811451156,2235.9664103152445,2635.9664103152445
2.958,2416.740793436846,3057.3674768568226,1194.2654219655954,2216.740793436846,2616.740793436846
2.96,2398.118753313761,3056.9911425420623,1213.3179832248843,2198.118753313761,2598.118753313761
2.962,2380.175920911404,3056.615164765724,1231.509480411491,2180.175920911404,2580.175920911404
2.964,2362.937474447381,3056.2395429885546,1249.7793207394823,2162.937474447381,2562.937474447381
2.966,2346.416151813579,3055.8642766713015,1269.2079542893473,2146.416151813579,2546.416151813579
2.968,2330.606370752817,3055.4893652747123,1290.8579978086657,2130.606370752817,2530.606370752817
2.97,2315.506187399962,3055.1148082595355,1315.766601767535,2115.506187399962,2515.506187399962
2.972,2301.1249499300384,3054.7406050865175,1344.8410587668498,2101.1249499300384,2501.1249499300384
2.974,2287.478781595849,3054.366755216406,1378.4114155563575,2087.478781595849,2487.478781595849
2.976,2274.5882391905607,3053.9932581099483,1416.3440358065634,2074.5882391905607,2474.5882391905607
2.978,2262.4724952143606,3053.6201132278925,1457.783194607942,2062.4724952143606,2462.4724952143606
2.98,2251.142228357623,3053.247320030986,1500.9231580707558,2051.142228357623,2451.142228357623
2.982,2240.5946888362396,3052.8748779799753,1543.338888162584,2040.5946888362396,2440.5946888362396
2.984,2230.813110634592,3052.502786535609,1581.9898816223088,2030.8131106345918,2430.813110634592
2.986,2221.766628631393,3052.131045158634,1613.9522845657582,2021.766628631393,2421.766628631393
2.988,2213.4121328566366,3051.7596533097985,1636.6652602576241,2013.4121328566366,2413.4121328566366
2.99,2205.6997921767925,3051.3886104498492,1648.3870155725308,2005.6997921767925,2405.6997921767925
2.992,2198.5765848412493,3051.017916039534,1649.2784694555023,1998.5765848412493,2398.5765848412493
2.994,2166.543048986363,3050.6475695396007,1640.726070498844,1966.543048986363,2366.543048986363
2.996,2140.2238791043774,3050.277570410796,1625.4565822334384,1940.2238791043774,2340.2238791043774
2.998,2119.3945828577957,3049.907918113868,1607.2699355290713,1919.3945828577957,2319.3945828577957
3.0,2103.846534093854,3049.538612109564,1589.8485476358635,1903.8465340938542,2303.846534093854
3.0020000000000002,2093.382013254592,3049.1696518586314,1573.538967044568,1893.382013254592,2293.382013254592
3.004,2087.8111359743643,3048.801036821818,1567.934915446834,1887.8111359743643,2287.8111359743643
3.0060000000000002,2086.948029411087,3048.4327664598704,1568.70745462437,1886.9480294110872,2286.948029411087
3.008,2090.6041752887327,3048.064840233538,1574.8865031667633,1890.6041752887327,2290.6041752887327
3.0100000000000002,2098.5864977608935,3047.6972576035664,1584.4899973862205,1898.5864977608935,2298.5864977608935
3.012,2110.6942779403807,3047.3300180307037,1595.6543239836844,1910.6942779403807,2310.6942779403807
3.0140000000000002,2126.714725871669,3046.963120975698,1605.8997551300101,1926.714725871669,2326.714725871669
3.016,2146.4200007301342,3046.596565899296,1614.711285488346,1946.4200007301342,2346.4200007301342
3.0180000000000002,2169.5620130028324,3046.230352262246,1621.0447901611801,1969.5620130028324,2369.5620130028324
3.02,2195.8688751178147,3045.864479525294,1625.0740133447964,1995.8688751178147,2395.8688751178147
3.0220000000000002,2225.0410415248552,3045.498947149189,1627.4285130683459,2025.0410415248552,2425.0410415248552
3.024,2256.7490151221514,3045.1337545946785,1628.6334915927623,2056.7490151221514,2456.7490151221514
3.0260000000000002,2290.63983057543,3044.7689013225086,1629.2851493883375,2090.63983057543,2490.63983057543
3.028,2326.3435654446425,3044.4043867934283,1629.8456990904806,2126.3435654446425,2526.3435654446425
3.0300000000000002,2363.4864965714123,3044.040210468184,1630.6280397855448,2163.4864965714123,2563.4864965714123
3.032,2401.711237901084,3043.6763718075235,1631.8736669039831,2201.711237901084,2601.711237901084
3.0340000000000003,2440.6940335459512,3043.312870272195,1633.7745007220376,2240.6940335459512,2640.6940335459512
3.036,2480.1642868746208,3042.949705322945,1636.499326735617,2280.1642868746208,2680.1642868746208
3.0380000000000003,2519.9131101027115,3042.586876420522,1640.140194424417,2319.9131101027115,2719.9131101027115
3.04,2559.7954531217015,3042.224383025673,1644.6333654013185,2359.7954531217015,2759.7954531217015
3.0420000000000003,2599.727338900335,3041.862224599145,1649.7678055299484,2399.727338900335,2799.727338900335
3.044,2639.6553948784003,3041.500400601686,53.03605707930471,2439.6553948784003,2839.6553948784003
3.0460000000000003,2679.53560080813,3041.1389104940436,51.86338320486431,2479.53560080813,2879.53560080813
3.048,2719.305536867072,3040.777753736965,50.973721145072034,2519.305536867072,2919.305536867072
3.0500000000000003,2758.8559044120157,3040.4169297911976,50.38433971068891,2558.8559044120157,2958.8559044120157
3.052,2798.0201066840373,3040.05643811749,50.07188827101468,2598.0201066840373,2998.0201066840373
3.0540000000000003,2836.6241002936817,3039.6962781765883,49.99334728629776,2636.6241002936817,3036.6241002936817
3.056,2874.3116645815353,3039.33644942924,50.113911440214956,2674.3116645815353,3074.3116645815353
3.0580000000000003,2910.7712585779914,3038.9769513361944,50.412209608160474,2710.7712585779914,3110.7712585779914
3.06,2945.6868047282032,3038.6177833581964,50.882626671914544,2745.6868047282032,3145.6868047282032
3.0620000000000003,2978.7595222777477,3038.2589449559955,51.51536950004942,2778.7595222777477,3178.7595222777477
3.064,3009.7125958850884,3037.900435590339,52.271695992020774,2809.7125958850884,3209.7125958850884
3.0660000000000003,3038.309876281051,3037.542254721973,53.091374517315735,2838.309876281051,3238.309876281051
3.068,3064.328648778056,3037.1844018116462,53.886174107976416,2864.328648778056,3264.328648778056
3.0700000000000003,3087.5724452806726,3036.8268763201054,54.558733592828084,2887.5724452806726,3287.5724452806726
3.072,3107.8527102309163,3036.469677708099,55.02866907594721,2907.8527102309163,3307.8527102309163
3.074,3124.9800054414723,3036.1128054363744,55.244077102461624,2924.9800054414723,3324.9800054414723
3.076,3138.7639313268487,3035.756258965678,55.19342425504954,2938.7639313268487,3338.7639313268487
3.078,3149.009708670432,3035.400037756758,54.88933414932745,2949.009708670432,3349.009708670432
3.08,3155.5180179374315,3035.044141270362,54.36134968656171,2955.5180179374315,3355.5180179374315
3.082,3158.0857111345717,3034.6885689672376,53.65039669073423,2958.0857111345717,3358.0857111345717
3.084,3156.504828315563,3034.333320308132,52.79111933821385,2956.504828315563,3356.504828315563
3.086,3150.561174378519,3033.9783947537926,51.82056734635497,2950.561174378519,3350.561174378519
3.088,3140.0324691303085,3033.6237917649673,50.76094710933106,2940.0324691303085,3340.0324691303085
3.09,3124.6870847731616,3033.2695108024036,49.71275851843203,2924.6870847731616,3324.6870847731616
3.092,3104.285022309521,3032.915551326848,48.64368834182114,2904.285022309521,3304.285022309521
3.094,3078.57961842775,3032.5619127990494,47.6284259598992,2878.57961842775,3278.57961842775
3.096,3078.287189511097,3032.2085946797542,46.721253978813834,2878.287189511097,3278.287189511097
3.098,3078.0246039114736,3031.85559642971,45.951355190775544,2878.0246039114736,3278.0246039114736
3.1,3077.7687919389073,3031.5029175096656,45.35563989697519,2877.7687919389073,3277.7687919389073
3.102,3077.4951675206025,3031.1505573803674,44.96234642737212,2877.4951675206025,3277.4951675206025
3.104,3077.1810825329508,3030.7985155025626,44.769183374520736,2877.1810825329508,3277.1810825329508
3.106,3076.8088141608423,3030.4467913369995,44.73705136492867,2876.8088141608423,3276.8088141608423
3.108,3076.368200897082,3030.095384344426,44.79659573886972,2876.368200897082,3276.368200897082
3.11,3075.8577441455677,3029.7442939855873,44.86129054661937,2875.8577441455677,3275.8577441455677
3.112,3075.2844161449434,3029.393519721233,44.86003193377996,2875.2844161449434,3275.2844161449434
3.114,3074.662199671779,3029.0430610121102,44.767356602229185,2874.662199671779,3274.662199671779
3.116,3074.009432376656,3028.6929173189665,44.6120813721328,2874.009432376656,3274.009432376656
3.118,3073.346193773882,3028.343088102549,44.46575618872875,2873.346193773882,3273.346193773882
3.12,3072.691608190209,3027.9935728236046,44.413581557965024,2872.691608190209,3272.691608190209
3.122,3072.062700582637,3027.6443709428822,44.50856696001359,2872.062700582637,3272.062700582637
3.124,3071.471636404777,3027.295481921128,44.746858383995274,2871.471636404777,3271.471636404777
3.126,3070.926201624209,3026.9469052190907,45.06266146874277,2870.926201624209,3270.926201624209
3.128,3070.4299160520723,3026.598640297517,45.347909266573524,2870.4299160520723,3270.4299160520723
3.13,3069.9820945844203,3026.2506866171548,45.49056009271194,2869.9820945844203,3269.9820945844203
3.132,3069.57784889673,3025.9030436387507,45.39805234981598,2869.57784889673,3269.57784889673
3.134,3069.2084698598082,3025.555710823054,45.0336810045072,2869.2084698598082,3269.2084698598082
3.136,3068.8620564047387,3025.2086876308103,44.41949780376874,2868.8620564047387,3268.8620564047387
3.138,3068.5249155223514,3024.8619735227676,43.61788853905373,2868.5249155223514,3268.5249155223514
3.14,3068.183112332763,3024.5155679596746,42.72874475194594,2868.183112332763,3268.183112332763
3.142,3067.826131948297,3024.1694704022775,41.85750567063205,2867.826131948297,3267.826131948297
3.144,3067.4455804431364,3023.823680311324,41.09227417757507,2867.4455804431364,3267.4455804431364
3.146,3067.0380622821854,3023.4781971475622,40.48863572987656,2867.0380622821854,3267.0380622821854
3.148,3066.604629612874,3023.1330203717384,40.0541421504813,2866.604629612874,3266.604629612874
3.15,3066.1495597223284,3022.788149444602,39.76017703011182,2866.1495597223284,3266.1495597223284
3.152,3065.6795441813124,3022.4435838268982,39.54140455755621,2865.6795441813124,3265.6795441813124
3.154,3065.203758340414,3022.099322979376,39.32183861838287,2865.203758340414,3265.203758340414
3.156,3064.729500070097,3021.755366362783,39.051574320037666,2864.729500070097,3264.729500070097
3.158,3064.2652640339406,3021.4117134378666,38.71167255864063,2864.2652640339406,3264.2652640339406
3.16,3063.818632603616,3021.068363665373,38.328353188363046,2863.818632603616,3263.818632603616
3.162,3063.3958063040072,3020.725316506051,37.963107503286786,2863.3958063040072,3263.3958063040072
3.164,3063.0013717543457,3020.3825714206478,37.68286990231323,2863.0013717543457,3263.0013717543457
3.166,3062.6382567107235,3020.040127869911,37.53792476948308,2862.6382567107235,3262.6382567107235
3.168,3062.3076309523626,3019.6979853145876,37.5412934009193,2862.3076309523626,3262.3076309523626
3.17,3062.0089150362164,3019.3561432154256,37.670632473370745,2862.0089150362164,3262.0089150362164
3.172,3061.7399028393374,3019.014601033172,37.83546482884695,2861.7399028393374,3261.7399028393374
3.174,3061.4969228964683,3018.673358228575,38.01961134149685,2861.4969228964683,3261.4969228964683
3.176,3061.2751382670867,3018.3324142623815,38.1726298386126,2861.2751382670867,3261.2751382670867
3.178,3061.068847404097,3017.9917685953396,38.25177703080776,2861.068847404097,3261.068847404097
3.18,3060.871842227164,3017.6514206881957,38.21331289695975,2860.871842227164,3260.871842227164
3.182,3060.6777542774003,3017.3113700016984,38.01312361010246,2860.6777542774003,3260.6777542774003
3.184,3060.4801790789247,3016.9716159965947,37.60191980208155,2860.4801790789247,3260.4801790789247
3.186,3060.272914696813,3016.632158133633,36.931052453481364,2860.272914696813,3260.272914696813
3.188,3060.0500408208445,3016.292995873559,35.97015423359228,2860.0500408208445,3260.0500408208445
3.19,3059.8058537398765,3015.954128677122,34.72151635609687,2859.8058537398765,3259.8058537398765
3.192,3059.534982432404,3015.6155560050684,33.2331360965097,2859.534982432404,3259.534982432404
3.194,3059.2326571249087,3015.277277318145,31.5981846090223,2859.2326571249087,3259.2326571249087
3.196,3058.8952924972473,3014.939292077102,29.941674052662126,2858.8952924972473,3258.8952924972473
3.198,3058.521194114709,3014.601599742685,28.403370208224423,2858.521194114709,3258.521194114709
3.2,3058.1111036656994,3014.2641997756405,27.10900140048824,2858.1111036656994,3258.1111036656994
3.202,3057.66848431288,3013.9270916367177,26.153781410657235,2857.66848431288,3257.66848431288
3.204,3057.199043834784,3013.5902747866635,25.53886804349584,2857.199043834784,3257.199043834784
3.206,3056.709861559443,3013.2537486862257,25.38473432153565,2856.709861559443,3256.709861559443
3.208,3056.208260158466,3012.917512796151,25.594164857099308,2856.208260158466,3256.208260158466
3.21,3055.7007673834887,3012.581566577188,26.107599715700307,2855.7007673834887,3255.7007673834887
3.212,3055.1924454238015,3012.2459094900837,26.84815844602977,2855.1924454238015,3255.1924454238015
3.214,3054.686162341582,3011.9105409955855,27.732985957197243,2854.686162341582,3254.686162341582
3.216,3054.184169132286,3011.5754605544407,28.682198430337834,2854.184169132286,3254.184169132286
3.218,3053.6860834302006,3011.240667627397,29.628070699412206,2853.6860834302006,3253.6860834302006
3.22,3053.1874583866256,3010.9061616752024,30.51572301039426,2853.1874583866256,3253.1874583866256
3.222,3052.6949858787502,3010.5719421586036,31.304638261601532,2852.6949858787502,3252.6949858787502
3.224,3052.2064356953724,3010.2380085383484,31.96144926001371,2852.2064356953724,3252.2064356953724
3.226,3051.7201486260187,3009.904360275185,32.45458326599106,2851.7201486260187,3251.7201486260187
3.228,3051.2337736349837,3009.5709968298597,32.74934065135805,2851.2337736349837,3251.2337736349837
3.23,3050.744658560255,3009.2379176631202,32.80089707396582,2850.744658560255,3250.744658560255
3.232,3050.250207173054,3008.9051222357148,32.560654164583326,2850.250207173054,3250.250207173054
3.234,3049.74839995929,3008.5726100083903,31.985586493755648,2849.74839995929,3249.74839995929
3.236,3049.2386798435928,3008.240380441895,31.061910355282908,2849.2386798435928,3249.2386798435928
3.238,3048.7226086367664,3007.9084329969746,29.82339301239595,2848.7226086367664,3248.7226086367664
3.24,3048.204745289743,3007.576767134379,28.349783577951204,2848.204745289743,3248.204745289743
3.242,3047.693048427061,3007.2453823148544,26.763776577423837,2847.693048427061,3247.693048427061
3.244,3047.1990371287,3006.914277999148,25.199700358171864,2847.1990371287,3247.1990371287
3.246,3046.737538449508,3006.5834536480083,23.773817016561974,2846.737538449508,3246.737538449508
3.248,3046.325580673862,3006.252908722181,22.574388833806807,2846.325580673862,3246.325580673862
3.25,3045.981206380437,3005.922642682416,21.661989610625632,2851.355951533047,3240.606461227827
3.2520000000000002,3045.7203515291885,3005.592654989459,21.089590940687383,2856.2378946894387,3235.2028083689383
3.254,3045.553957857965,3005.262945104058,20.91301823138358,2857.657943868806,3233.4499718471243
3.2560000000000002,3045.484282432859,3004.933512486961,21.188118353670127,2855.1165919093196,3235.851972956398
3.258,3045.5051691361373,3004.604356598915,21.964612124394048,2848.1609588777524,3242.849379394522
3.2600000000000002,3045.5977024832046,3004.275476900667,23.241782869964116,2845.5977024832046,3245.5977024832046
3.262,3045.732251838641,3003.9468728529655,24.94819783043148,2845.732251838641,3245.732251838641
3.2640000000000002,3045.8709074913363,3003.6185439165574,26.962642134868613,2845.8709074913363,3245.8709074913363
3.266,3045.9719047380713,3003.2904895521906,29.032014412547067,2845.9719047380713,3245.9719047380713
3.2680000000000002,3045.993830259796,3002.9627092206124,30.997990780902143,2845.993830259796,3245.993830259796
3.27,3045.901382794932,3002.6352023825702,32.83420835004421,2845.901382794932,3245.901382794932
3.2720000000000002,3045.6688528802515,3002.3079684988115,33.828329312033084,2845.6688528802515,3245.6688528802515
3.274,3045.2816426668164,3001.981007030084,34.23105994789937,2845.2816426668164,3245.2816426668164
3.2760000000000002,3044.7375573386093,3001.654317437135,34.03290772418173,2844.7375573386093,3244.7375573386093
3.278,3044.0449590475873,3001.327899180712,33.31639088313588,2844.0449590475873,3244.0449590475873
3.2800000000000002,3043.2204601420754,3001.001751721563,32.20754491054343,2843.2204601420754,3243.2204601420754
3.282,3042.285950457427,3000.6758745204343,30.869910963120557,2842.285950457427,3242.285950457427
3.2840000000000003,3041.2653346493253,3000.350267038075,29.49915650377998,2841.2653346493253,3241.2653346493253
3.286,3040.182008145968,3000.024928735231,28.284326702642407,2840.182008145968,3240.182008145968
3.2880000000000003,3039.055645609482,2999.6998590726507,27.380910968569495,2839.055645609482,3239.055645609482
3.29,3037.9005797955974,2999.375057511081,26.856887022585394,2837.9005797955974,3237.9005797955974
3.2920000000000003,3036.7249556979414,2999.0505235112705,26.671695634850103,2836.7249556979414,3236.7249556979414
3.294,3035.5302083493534,2998.726256533966,26.668346412055406,2835.5302083493534,3235.5302083493534
3.2960000000000003,3034.3121775315267,2998.4022560399144,26.59513039121027,2834.3121775315267,3234.3121775315267
3.298,3033.0624968025863,2998.0785214898647,26.165540417530124,2833.0624968025863,3233.0624968025863
3.3000000000000003,3031.7707070448387,2997.755052344563,25.088534383675363,2831.7707070448387,3231.7707070448387
3.302,3030.426458358097,2997.431848064757,23.172126430834634,2830.426458358097,3230.426458358097
3.3040000000000003,3029.0213579169895,2997.108908111195,20.330505033841494,2846.359017360486,3211.6836984734928
3.306,3027.5510486868607,2996.786231944624,16.587370267523244,2878.519439698314,3176.5826576754075
3.3080000000000003,3026.0160401330213,2996.463819025791,12.187527919679317,2916.5154462372625,3135.51663402878
3.31,3024.4219970224603,2996.141668815445,7.703489431066843,2955.208890531073,3093.6351035138478
3.3120000000000003,3022.7793401978183,2995.8197807743313,5.016505070311096,2977.7078303641324,3067.8508500315043
3.314,3021.1017764332787,2995.4981543631993,6.947026654980458,2958.685218330326,3083.5183345362316
3.3160000000000003,3019.4050942640038,2995.1767890427955,10.659052063906225,2923.637311079778,3115.1728774482294
3.318,3017.7035626222196,2994.855684273868,13.90799779100006,2892.7451602249366,3142.6619650195025
3.3200000000000003,3016.010508775501,2994.534839517164,16.100772833001763,2871.3508042797607,3160.670213271241
3.322,3014.339952674782,2994.2142542334304,17.098050368821436,2860.7200650171376,3167.9598403324267
3.3240000000000003,3012.689567111272,2993.893927883416,16.987673355684613,2860.061377570799,3165.317756651745
3.326,3011.0594177005783,2993.5738599278675,16.091915543248568,2866.479292795931,3155.6395426052254
3.3280000000000003,3009.4467013503113,2993.254049827532,14.821747351042537,2876.2785848784392,3142.6148178221833
3.33,3007.8478048594397,2992.9344970431575,13.61247973335046,2885.5445268674353,3130.1510828514442
3.332,3006.2598345336082,2992.6152010354917,12.839752184643867,2890.899238114161,3121.6204309530553
3.334,3004.681862669646,2992.2961612652816,12.761967793044404,2890.0201312810805,3119.3435940582112
3.336,3003.1165242182287,2991.977377193275,13.548431144622967,2881.3886999646743,3124.844348471783
3.338,3001.570790884838,2991.6588482802194,15.238025510731163,2864.662563537968,3138.4790182317083
3.34,3000.0563641563667,2991.3405739868626,17.77360713187853,2840.366839796959,3159.7458885157744
3.342,2998.5896508212936,2991.0225537739516,21.008476065152408,2809.8359822233756,3187.3433194192116
3.344,2997.1904376619586,2990.7047871022337,24.69161385434597,2797.1904376619586,3197.1904376619586
3.346,2995.879551200433,2990.387273432457,28.544987370118985,2795.879551200433,3195.879551200433
3.348,2994.6755394293305,2990.0700122253684,32.28916031268489,2794.6755394293305,3194.6755394293305
3.35,2993.5910894686176,2989.7530029417157,35.68805889598711,2793.5910894686176,3193.5910894686176
3.352,2992.6296271434694,2989.436245042247,38.57400267146953,2792.6296271434694,3192.6296271434694
3.354,2991.7837266825873,2989.1197379877085,40.8389230305832,2791.7837266825873,3191.7837266825873
3.356,2991.035217765729,2988.803481238849,42.45943310180936,2791.035217765729,3191.035217765729
3.358,2990.356784183287,2988.487474256415,43.45351984068387,2790.356784183287,3190.356784183287
3.36,2989.7162359282597,2988.171716501155,43.86057437020908,2789.7162359282597,3189.7162359282597
3.362,2989.0810190429147,2987.8562074338156,43.755733284199295,2789.0810190429147,3189.0810190429147
3.364,2988.4229238784865,2987.5409465151447,43.23220028656456,2788.4229238784865,3188.4229238784865
3.366,2987.7222337912544,2987.2259332058893,42.4135763846504,2787.7222337912544,3187.7222337912544
3.368,2986.969957087685,2986.9111669667973,41.45655216546377,2786.969957087685,3186.969957087685
3.37,2986.1690182639877,2986.5966472586174,40.53514252284235,2786.1690182639877,3186.1690182639877
3.372,2985.332336460652,2986.2823735420943,39.82544668786754,2785.332336460652,3185.332336460652
3.374,2984.4800888960303,2985.968345277978,39.46473126778378,2784.4800888960303,3184.4800888960303
3.376,2983.6366087205524,2985.654561927015,39.53416961977136,2783.6366087205524,3183.6366087205524
3.378,2982.8255229788483,2985.3410229499527,40.04207010797677,2782.8255229788483,3182.8255229788483
3.38,2982.066534039432,2985.0277278075387,40.92078617325594,2782.066534039432,3182.066534039432
3.382,2981.3729020183578,2984.7146759605207,42.04841937089582,2781.3729020183578,3181.3729020183578
3.384,2980.7497806725023,2984.4018668696463,43.260877422363635,2780.7497806725023,3180.7497806725023
3.386,2980.1942428015004,2984.0892999956623,44.39579144084198,2780.1942428015004,3180.1942428015004
3.388,2979.695567031617,2983.776974799317,45.30685159532626,2779.695567031617,3179.695567031617
3.39,2979.2370531316897,2983.464890741357,45.87749253570005,2779.2370531316897,3179.2370531316897
3.392,2978.797657200327,2983.1530472825307,46.06452145241958,2778.797657200327,3178.797657200327
3.394,2978.3529668095703,2982.8414438835857,45.881771316703066,2778.3529668095703,3178.3529668095703
3.396,2977.87803441866,2982.5300800052687,45.401270377792585,2777.87803441866,3177.87803441866
3.398,2977.3502987296833,2982.218955108327,44.739232422519386,2777.3502987296833,3177.3502987296833
3.4,2976.7493291027467,2981.9080686535094,44.02825157255728,2776.7493291027467,3176.7493291027467
3.402,2976.0656336626294,2981.5974201015624,43.413036767429475,2776.0656336626294,3176.0656336626294
3.404,2975.298582523839,2981.287008913234,43.003340656699926,2775.298582523839,3175.298582523839
3.406,2974.462141987433,2980.976834549271,42.879806398935024,2774.462141987433,3174.462141987433
3.408,2973.582591840351,2980.6668964704213,43.091358154983745,2773.582591840351,3173.582591840351
3.41,2972.6961713924916,2980.3571941374335,43.62591635278437,2772.6961713924916,3172.6961713924916
3.412,2971.845246564615,2980.0477270110523,44.43635441368252,2771.845246564615,3171.845246564615
3.414,2971.0709443404658,2979.7384945520284,45.43899517731257,2771.0709443404658,3171.0709443404658
3.416,2970.407857747129,2979.429496221107,46.52459591365714,2770.407857747129,3170.407857747129
3.418,2969.880691949653,2979.1207314790363,47.5766661929353,2769.880691949653,3169.880691949653
3.42,2969.5011744405842,2978.8121997865646,48.477498516746365,2769.5011744405842,3169.5011744405842
3.422,2969.2703376637664,2978.503900604438,49.15057766359506,2769.2703376637664,3169.2703376637664
3.424,2969.1818336495835,2978.1958333934053,49.56592686087278,2769.1818336495835,3169.1818336495835
3.426,2969.2253531687543,2977.887997614213,49.75613868266551,2769.2253531687543,3169.2253531687543
3.428,2969.390738466649,2977.5803927276093,49.82827212789645,2769.390738466649,3169.390738466649
3.43,2969.670677401548,2977.2730181943407,49.93417188874393,2769.670677401548,3169.670677401548
3.432,2970.062294822777,2976.9658734751565,50.246320731880466,2770.062294822777,3170.062294822777
3.434,2970.567998546569,2976.6589580308023,50.89111654668557,2770.567998546569,3170.567998546569
3.436,2971.1960001088205,2976.352271322027,51.91187163891248,2771.1960001088205,3171.1960001088205
3.438,2971.95899275522,2976.0458128095765,53.23572396278665,2771.95899275522,3171.95899275522
3.44,2972.872412190687,2975.7395819542,54.64838004958088,2772.872412190687,3172.872412190687
3.442,2973.9521438345546,2975.4335782166436,55.82978017758474,2773.9521438345546,3173.9521438345546
3.444,2975.208886510999,2975.127801057656,56.37082656681829,2775.208886510999,3175.208886510999
3.446,2976.6444851620913,2974.8222499379845,55.88001345726756,2776.6444851620913,3176.6444851620913
3.448,2978.2486679974745,2974.5169243183755,54.08931676141902,2778.2486679974745,3178.2486679974745
3.45,2979.996382867861,2974.211823659578,50.71640100403727,2779.996382867861,3179.996382867861
3.452,2981.849353905403,2973.9069474223384,45.93994461534358,2781.849353905403,3181.849353905403
3.454,2983.758433760246,2973.602295067405,39.898936442431925,2783.758433760246,3183.758433760246
3.456,2985.6693710462296,2973.2978660555236,33.062311134876055,2785.6693710462296,3185.6693710462296
3.458,2987.52783119703,2972.993659847444,25.925018979548,2787.52783119703,3187.52783119703
3.46,2989.283203295901,2972.689675903913,19.02149890613578,2818.3818161781596,3160.184590413642
3.462,2990.894109637858,2972.3859136856768,12.909634255621798,2874.90564772139,3106.882571554326
3.464,2992.3297473070934,2972.0823726534845,8.115647609514635,2919.4135465035156,3065.245948110671
3.466,2993.5706083299915,2971.7790522680825,5.383325482592517,2945.203347851661,3041.937868808322
3.468,2994.6091649096074,2971.4759519902186,5.1480444120738715,2948.3558209797366,3040.8625088394783
3.47,2995.4475478863305,2971.1730712806407,6.044075405368958,2941.1436848879953,3049.751410884666
3.472,2996.0950910142583,2970.8704096000956,6.840704265003664,2934.633801684727,3057.5563803437894
3.474,2996.563778501567,2970.5679664093323,7.225164369344866,2931.6482521822186,3061.4793048209153
3.476,2996.863865001424,2970.265741169096,7.243942257146988,2931.7796260538876,3061.9481039489606
3.478,2997.000670669544,2969.963733340136,7.004783146093395,2934.0651910822767,3059.9361502568113
3.48,2996.971815658934,2969.6619423831994,6.611583801905588,2937.569092016247,3056.3745393016206
3.482,2996.7684775902867,2969.3603677590327,6.1419809501478095,2941.584968172298,3051.9519870082754
3.484,2996.3780479031466,2969.059008928385,5.642183772589903,2945.685037963862,3047.071057842431
3.486,2995.787320008615,2968.7578653520027,5.180821128530225,2949.2394889652314,3042.3351510519988
3.488,2994.9855151912707,2968.4569364906333,5.013438424299077,2949.941558078842,3040.0294723036995
3.49,2993.965429452136,2968.156221805025,5.70789468999725,2942.68203034378,3045.2488285604923
3.492,2992.7235594917775,2967.855720755925,7.813852994122613,2922.5188757274022,3062.9282432561527
3.494,2991.2597346270045,2967.5554328040807,11.34296339413644,2889.3472519331003,3093.1722173209087
3.496,2989.577140657417,2967.255357410239,16.03403279310086,2845.5170716295042,3133.63720968533
3.498,2987.6844951839407,2966.9554940351486,21.562425444565484,2793.9537888771715,3181.41520149071
3.5,2985.5965540298876,2966.6558421395557,27.486861523774778,2785.5965540298876,3185.5965540298876
3.5020000000000002,2983.3381581772255,2966.3564011842095,33.343980331588476,2783.3381581772255,3183.3381581772255
3.504,2980.940893766381,2966.057170629856,38.655164451326065,2780.940893766381,3180.940893766381
3.5060000000000002,2978.445110463964,2965.7581499372427,43.05548463227855,2778.445110463964,3178.445110463964
3.508,2975.893096938385,2965.459338567118,46.306894690757616,2775.893096938385,3175.893096938385
3.5100000000000002,2973.3290519721527,2965.1607359802288,48.28433877405648,2773.3290519721527,3173.3290519721527
3.512,2970.795570718948,2964.862341637323,49.074059402917655,2770.795570718948,3170.795570718948
3.5140000000000002,2968.3320943413505,2964.5641549991474,48.836627277178835,2768.3320943413505,3168.3320943413505
3.516,2965.975519965204,2964.2661755264503,47.79862081879541,2765.975519965204,3165.975519965204
3.5180000000000002,2963.7605777300128,2963.9684026799787,46.29164118458622,2763.7605777300128,3163.7605777300128
3.52,2961.7210589189126,2963.67083592048,44.654566011959844,2761.7210589189126,3161.7210589189126
3.5220000000000002,2959.8900244520714,2963.3734747087024,43.24591806366603,2759.8900244520714,3159.8900244520714
3.524,2958.300342254249,2963.076318505393,42.37631313380947,2758.300342254249,3158.300342254249
3.5260000000000002,2956.9852040930296,2962.7793667712986,42.27540608596697,2756.9852040930296,3156.9852040930296
3.528,2955.975517625356,2962.4826189671676,43.085956512579344,2755.975517625356,3155.975517625356
3.5300000000000002,2955.298965659022,2962.186074553747,44.80250241731412,2755.298965659022,3155.298965659022
3.532,2954.977855207253,2961.889732991785,47.35636012486576,2754.977855207253,3154.977855207253
3.5340000000000003,2955.023893378876,2961.593593742028,50.63032671688764,2755.023893378876,3155.023893378876
3.536,2955.4354846302367,2961.297656265225,54.43839613700258,2755.4354846302367,3155.4354846302367
3.5380000000000003,2956.1943484227127,2961.0019200221227,58.542293780411015,2756.1943484227127,3156.1943484227127
3.54,2957.264126480786,2960.7063844734676,62.60633529317327,2757.264126480786,3157.264126480786
3.5420000000000003,2958.5917312028105,2960.4110490800085,66.18467450270003,2758.5917312028105,3158.5917312028105
3.544,2960.109372967524,2960.115913302493,68.76653117738087,2760.109372967524,3160.109372967524
3.5460000000000003,2961.741670795785,2959.820976601667,69.80844369195444,2761.741670795785,3161.741670795785
3.548,2963.4104590199777,2959.52623843828,68.9234211060248,2763.4104590199777,3163.4104590199777
3.5500000000000003,2965.039315729014,2959.231698273078,65.88924838175893,2765.039315729014,3165.039315729014
3.552,2966.5601994784174,2958.93735556681,60.6468363937177,2766.5601994784174,3166.5601994784174
3.5540000000000003,2967.9154813413907,2958.6432097802217,53.44957718318933,2767.9154813413907,3167.9154813413907
3.556,2969.059608577452,2958.3492603740615,44.66373271826816,2769.059608577452,3169.059608577452
3.5580000000000003,2969.9607931863616,2958.055506809077,34.75276255179162,2769.9607931863616,3169.9607931863616
3.56,2970.600233818526,2957.7619485460154,24.366009067224063,2770.600233818526,3170.600233818526
3.5620000000000003,2970.9715484548706,2957.468585045625,14.273239022414087,2842.7315837901097,3099.2115131196315
3.564,2971.0806371688655,2957.1754157686523,6.170885543808671,2915.6374302803943,3026.5238440573366
3.5660000000000003,2970.944590340302,2956.8824401758447,6.931795350294175,2908.6648800804837,3033.2243006001204
3.568,2970.5908966140514,2956.589657727951,12.43236160468336,2858.8905593338823,3082.2912338942206
3.5700000000000003,2970.056409604593,2956.2970678857173,16.50284513531043,2821.7842287984813,3118.3285904107042
3.572,2969.3848187157164,2956.004670109892,18.418281378124913,2803.9031260594634,3134.8665113719694
3.5740000000000003,2968.623843466885,2955.7124638612217,18.115601783043612,2805.861619076876,3131.3860678568935
3.576,2967.8202673732426,2955.420448600455,15.72385852531607,2826.547003574204,3109.093531172281
3.5780000000000003,2967.019465586158,2955.1286237883387,11.681370968406728,2862.0665114688745,3071.972419703441
3.58,2966.2578955805425,2954.83698888562,6.871072926001731,2904.5237546573967,3027.9920365036883
3.5820000000000003,2965.565155448122,2954.545543353048,5.488149769677892,2916.2560861168236,3014.8742247794203
3.584,2964.9605847127505,2954.2542866513677,11.07876961582969,2865.4217889403294,3064.4993804851715
3.586,2964.4525032219494,2953.9632182413284,18.403203546521965,2799.106279507886,3129.798726936013
3.588,2964.037479617177,2953.6723375836773,25.800809904774294,2764.037479617177,3164.037479617177
3.59,2963.70107182331,2953.3816441391614,32.70468859232038,2763.70107182331,3163.70107182331
3.592,2963.4190443445864,2953.091137368529,38.83898591242577,2763.4190443445864,3163.4190443445864
3.594,2963.160296461832,2952.800816732527,44.08217313575482,2763.160296461832,3163.160296461832
3.596,2962.8913612417764,2952.510681691903,48.49421643533886,2762.8913612417764,3162.8913612417764
3.598,2962.5823194077857,2952.2207317074044,52.18144868252528,2762.5823194077857,3162.5823194077857
3.6,2962.2115742605947,2951.9309662397786,55.20082531087771,2762.2115742605947,3162.2115742605947
3.602,2961.7699751317055,2951.6413847497734,57.579236911192396,2761.7699751317055,3161.7699751317055
3.604,2961.2643072088485,2951.351986698136,59.210641505135534,2761.2643072088485,3161.2643072088485
3.606,2960.7158223327237,2951.062771545615,59.86602754849981,2760.7158223327237,3160.7158223327237
3.608,2960.158727730576,2950.773738752956,59.3697595217485,2760.158727730576,3160.158727730576
3.61,2959.6371110300784,2950.484887780908,57.5503871489206,2759.6371110300784,3159.6371110300784
3.612,2959.198559739125,2950.1962180902174,54.272519331612145,2759.198559739125,3159.198559739125
3.614,2958.8899283339547,2949.907729141633,49.60474808471096,2758.8899283339547,3158.8899283339547
3.616,2958.7527423676365,2949.619420395901,43.67923226434702,2758.7527423676365,3158.7527423676365
3.618,2958.8205900016137,2949.3312913137697,36.72169500109975,2758.8205900016137,3158.8205900016137
3.62,2959.1179573332447,2949.0433413559863,29.13182418688581,2759.1179573332447,3159.1179573332447
3.622,2959.658557269746,2948.7555699832988,21.377848128552507,2767.586212351464,3151.730902188028
3.624,2960.446924699163,2948.467976656454,14.07336464082914,2834.0027601041406,3086.8910892941853
3.626,2961.477356104133,2948.180560836199,8.006141996165127,2889.545024201264,3033.409688007002
3.628,2962.7318196232372,2947.8933219832834,5.036173939582347,2917.4835920104697,3007.980047236005
3.63,2964.181181565491,2947.606259558452,6.162418608204065,2908.814047075236,3019.548316055746
3.632,2965.784275619847,2947.319373022455,7.954839651480671,2894.312876996328,3037.255674243366
3.634,2967.4884043232432,2947.032661836037,8.78840717793766,2888.527698614579,3046.4491100319074
3.636,2969.2342824596103,2946.746125459947,8.543286716231426,2892.475896721799,3045.9926681974216
3.638,2970.9595986174972,2946.459763354933,7.52272336555906,2903.3706107873963,3038.548586447598
3.64,2972.6038930580935,2946.1735749817417,6.191535175104917,2916.975156593356,3028.232629522831
3.642,2974.113641377118,2945.887559801121,5.187732886240996,2927.5037106545224,3020.7235720997132
3.644,2975.4448166820584,2945.601717273818,5.0699557846418575,2929.8930712335746,3020.9965621305423
3.646,2976.5650001226677,2945.3160468605806,5.696861450758625,2925.380730735875,3027.74926950946
3.648,2977.4529005850723,2945.030548022156,6.447235992289765,2919.526783427064,3035.3790177430806
3.65,2978.0979536045115,2944.7452202192917,6.909827987901574,2916.0156122651315,3040.1802949438916
3.652,2978.500222564162,2944.4600629127353,6.948122021708028,2916.0738229816247,3040.926622146699
3.654,2978.6684640526837,2944.1750755632347,6.605074160523109,2919.32422721734,3038.012700888027
3.656,2978.619657692886,2943.8902576315368,6.05198756828612,2924.2447067311723,3032.9946086545997
3.658,2978.3789797670606,2943.6056085783894,5.490674341381659,2929.047228058933,3027.7107314751884
3.66,2977.976969790621,2943.32112786454,5.107624819124092,2932.086781495116,3023.8671580861255
3.662,2977.4490653710536,2943.0368149507353,5.002127648328038,2932.506731548796,3022.3913991933114
3.664,2976.8355451779626,2942.752669297724,5.146319570702895,2930.597698332959,3023.073392022966
3.666,2976.1781841949255,2942.468690366253,5.428942100344155,2927.401074666957,3024.955293722894
3.668,2975.519400908339,2942.18487761707,5.72880900337513,2924.048094149564,3026.990707667114
3.67,2974.9001045857026,2941.9012305109227,5.948949836804843,2921.450910911704,3028.3492982597013
3.672,2974.355050185667,2941.617748508558,6.022528848295765,2920.2447753219785,3028.4653250493557
3.674,2973.910052466596,2941.3344310707234,5.930309954163816,2920.6283314936068,3027.191773439585
3.676,2973.5785665911603,2941.0512776581672,5.692259509180641,2922.4356440090014,3024.7214891733192
3.678,2973.36225459278,2940.7682877316365,5.378183231992963,2925.0411954030396,3021.6833137825206
3.68,2973.248954780068,2940.485460751878,5.107393860250096,2927.3608415677163,3019.1370679924194
3.682,2973.2198954628234,2940.2027961796402,5.000033926175966,2928.296372987757,3018.14341793789
3.684,2973.250370546987,2939.92029347567,5.122758407226749,2927.2242123570186,3019.2765287369557
3.686,2973.3147085694227,2939.6379521007157,5.450564309374199,2924.343331200943,3022.2860859379025
3.688,2973.388182334537,2939.3557715155234,5.895318419640843,2920.4208478258774,3026.3555168431963
3.69,2973.448548226818,2939.073751180842,6.35424406033116,2916.3579304288182,3030.5391660248174
3.692,2973.475687117632,2938.7918905574184,6.746029796502153,2912.865014139177,3034.0863600960865
3.694,2973.452150357356,2938.5101891060003,7.00650533439493,2910.501197522104,3036.403103192608
3.696,2973.364185382006,2938.2286462873344,7.088166836112202,2909.679533063529,3037.0488377004826
3.698,2973.2027803709234,2937.9472615621694,6.972846732512766,2910.5542380753714,3035.8513226664754
3.7,2972.964922417364,2937.666034391252,6.662411386386458,2913.105531046519,3032.824313788209
3.702,2972.653316876013,2937.3849642353302,6.194947177485691,2916.9939247861535,3028.3127089658724
3.704,2972.275957565165,2937.1040505551514,5.658242895725418,2921.43866212907,3023.1132530012596
3.706,2971.8448876655825,2936.8232928114626,5.197551253910773,2925.146742409407,3018.543032921758
3.708,2971.3738521022797,2936.5426904650117,5.00010726875988,2926.449670670241,3016.298033534318
3.71,2970.8770523302496,2936.2622429765456,5.202851609662786,2924.1312852670494,3017.62281939345
3.712,2970.367713488419,2935.9819498068127,5.788334265661474,2918.3615934668474,3022.373833509991
3.714,2969.8567345142633,2935.7018104165604,6.614507187825796,2910.4277452911765,3029.28572373735
3.716,2969.3518450269266,2935.421824266536,7.528249705741528,2901.713205000249,3036.990485053604
3.718,2968.856693219582,2935.141990817486,8.420337814851099,2893.202959533336,3044.5104269058284
3.72,2968.3707644793803,2934.86230953016,9.225785388516073,2885.4803714599643,3051.2611574987964
3.722,2967.8897871589666,2934.582779865304,9.907146930003796,2878.8776035728056,3056.9019707451275
3.724,2967.4069627339522,2934.303401283665,10.445932572728966,2873.5539822076953,3061.259943260209
3.726,2966.915699322291,2934.024173245992,10.835895496070448,2869.559040939078,3064.272357705504
3.728,2966.4117440599534,2933.7450952130316,11.085202446438846,2866.815151597607,3066.0083365223
3.73,2965.895270786309,2933.4661666455318,11.20962871191546,2865.1807526826256,3066.6097888899926
3.732,2965.372163916303,2933.187387004239,11.227369621088682,2864.498250067763,3066.2460777648434
3.734,2964.853489865872,2932.908755749902,11.161291299387887,2864.573266183012,3065.1337135487315
3.736,2964.354257036815,2932.6302723432677,11.032062107965437,2865.2351115728266,3063.4734025008033
3.738,2963.8901273082233,2932.351936245084,10.863462827187607,2866.2857862817914,3061.4944683346553
3.74,2963.4750489335133,2932.073746916097,10.693837569144735,2867.3947303846357,3059.555367482391
3.742,2963.118912500362,2931.795703817056,10.564702260437143,2868.198828667629,3058.038996333095
3.744,2962.824254610369,2931.517806408708,10.517205755879562,2868.3309099401063,3057.3175992806314
3.746,2962.5857079890043,2931.2400541518,10.578672468470195,2867.5401068170254,3057.631309160983
3.748,2962.3893969031215,2930.9624465070797,10.74768629562567,2865.8252667421557,3058.953527064087
3.75,2962.2132361953563,2930.6849829352946,10.991987888846866,2863.4541433049753,3060.9723290857373
3.7520000000000002,2962.0289329771144,2930.407662897192,11.2489807620821,2860.9608507304265,3063.0970152238024
3.754,2961.8040892512477,2930.1304858535204,11.45137339720601,2858.91758132445,3064.690597178045
3.7560000000000002,2961.5061144554975,2929.8534512650267,11.546091091246394,2857.768601811565,3065.24362709943
3.758,2961.1046590097512,2929.5765585924573,11.508791611424803,2857.7022688959487,3064.5070491235538
3.7600000000000002,2960.573997877761,2929.299807296561,11.34521432366254,2858.641291384449,3062.5067043710733
3.762,2959.8959241436364,2929.0231968380854,11.07592940310148,2860.382646670134,3059.409201617139
3.7640000000000002,2959.0612474741038,2928.7467266777767,10.721839268516366,2862.729343638079,3055.3931513101284
3.766,2958.070739005225,2928.4703962763833,10.292140212001346,2865.599528018065,3050.5419499923846
3.7680000000000002,2956.9358941490123,2928.194205094653,9.791933591606252,2868.958861338496,3044.9129269595287
3.77,2955.6781856068123,2927.9181525933327,9.235217709741883,2872.7030465435023,3038.6533246701224
3.7720000000000002,2954.327588920708,2927.6422382331702,8.659538665136935,2876.5247208620694,3032.1304569793465
3.774,2952.9191075942335,2927.366461474913,8.124355416983477,2879.924670244602,3025.913544943865
3.7760000000000002,2951.4888390218384,2927.0908217793085,7.678232267245839,2882.5026591440146,3020.4750188996622
3.778,2950.0697735329854,2926.8153186071045,7.339980135086706,2884.122668486582,3016.016878579389
3.7800000000000002,2948.6883704048605,2926.539951419047,7.068963923592327,2885.1762494101526,3012.2004913995684
3.782,2947.363800443479,2926.264719675886,6.768388477117514,2886.552242689847,3008.1753581971107
3.7840000000000003,2946.10781884376,2925.9896228383673,6.309669321731339,2889.417689182616,3002.797948504904
3.786,2944.9249539851057,2925.7146603672386,5.623520431832245,2894.399627509647,2995.4502804605645
3.7880000000000003,2943.812952838416,2925.4398317232476,5.025089912277192,2898.6643112598854,2988.961594416947
3.79,2942.761624651322,2925.165136367142,5.616928685340264,2892.295522668348,2993.2277266342962
3.7920000000000003,2941.75185239194,2924.890573759669,8.356731874816852,2866.669595403425,3016.8341093804547
3.794,2940.755923636849,2924.616143361576,12.81961066247026,2825.5762916143253,3055.9355556593723
3.7960000000000003,2939.739869269956,2924.341844633611,18.357467312296567,2774.8045693169083,3104.675169223004
3.798,2938.669135189234,2924.0676770365208,24.431389163662224,2738.669135189234,3138.669135189234
3.8000000000000003,2937.513971561168,2923.7936400310537,30.527687455799953,2737.513971561168,3137.513971561168
3.802,2936.2550137597896,2923.519733077956,36.16687558183999,2736.2550137597896,3136.2550137597896
3.8040000000000003,2934.886602221267,2923.245955637977,40.921850595629536,2734.886602221267,3134.886602221267
3.806,2933.415636692961,2922.972307171862,44.533535668921985,2733.415636692961,3133.415636692961
3.8080000000000003,2931.859021480076,2922.6987871403608,46.86072512009853,2731.859021480076,3131.859021480076
3.81,2930.239808146155,2922.4253950042194,47.88864344698959,2730.239808146155,3130.239808146155
3.8120000000000003,2928.58375341173,2922.1521302241854,47.74250624277412,2728.58375341173,3128.58375341173
3.814,2926.917721662813,2921.8789922610067,46.61596273645242,2726.917721662813,3126.917721662813
3.8160000000000003,2925.2691837059206,2921.6059805754303,44.73277328840776,2725.2691837059206,3125.2691837059206
3.818,2923.666597649897,2921.333094628205,42.35107559149287,2723.666597649897,3123.666597649897
3.8200000000000003,2922.138814149979,2921.0603338800756,39.730206087879374,2722.138814149979,3122.138814149979
3.822,2920.712728063181,2920.787697791792,37.147677667516234,2720.712728063181,3120.712728063181
3.8240000000000003,2919.4111768006273,2920.515185824102,34.85356239948361,2719.4111768006273,3119.4111768006273
3.826,2918.250354607064,2920.2427974377515,33.06614667578107,2718.250354607064,3118.250354607064
3.8280000000000003,2917.2385817465283,2919.970532093488,31.947756382825435,2717.2385817465283,3117.2385817465283
3.83,2916.377230749641,2919.6983892520607,31.591543295801532,2716.377230749641,3116.377230749641
3.8320000000000003,2915.6625448356363,2919.4263683742156,32.097263552555226,2715.6625448356363,3115.6625448356363
3.834,2915.0879899960373,2919.1544689207003,33.55116093653113,2715.0879899960373,3115.0879899960373
3.8360000000000003,2914.6449505689166,2918.8826903522627,35.987197489991445,2714.6449505689166,3114.6449505689166
3.838,2914.3216797209966,2918.6110321296505,39.37111321323569,2714.3216797209966,3114.3216797209966
3.84,2914.1017220886906,2918.339493713611,43.4944684743055,2714.1017220886906,3114.1017220886906
3.842,2913.9615670716285,2918.068074564891,47.94799569406644,2713.9615670716285,3113.9615670716285
3.844,2913.8696011776788,2917.796774144239,52.18325499996227,2713.8696011776788,3113.8696011776788
3.846,2913.7889968309405,2917.525591912402,55.608694398900106,2713.7889968309405,3113.7889968309405
3.848,2913.681501934316,2917.2545273301275,57.779984752548096,2713.681501934316,3113.681501934316
3.85,2913.5132774363046,2916.9835798581635,58.44144588066989,2713.5132774363046,3113.5132774363046
3.852,2913.260969950292,2916.7127489572567,57.596650496888024,2713.260969950292,3113.260969950292
3.854,2912.914953196031,2916.4420340881547,55.48078412539465,2712.914953196031,3112.914953196031
3.856,2912.481697331397,2916.171434711606,52.3943454294124,2712.481697331397,3112.481697331397
3.858,2911.9823507769806,2915.9009502883564,48.66848858443889,2711.9823507769806,3111.9823507769806
3.86,2911.4508953276813,2915.630580279155,44.606911752019776,2711.4508953276813,3111.4508953276813
3.862,2910.9312723027547,2915.360324144749,40.477537402201605,2710.9312723027547,3110.9312723027547
3.864,2910.471598811585,2915.090181345885,36.55676062355947,2710.471598811585,3110.471598811585
3.866,2910.1192966968874,2914.820151343311,33.125236149767545,2710.1192966968874,3110.1192966968874
3.868,2909.914676307149,2914.5502335977744,30.464856151281282,2709.914676307149,3109.914676307149
3.87,2909.8836636035035,2914.2804275700237,28.776437462494194,2709.8836636035035,3109.8836636035035
3.872,2910.0338496389895,2914.0107327208048,28.08178487192953,2710.0338496389895,3110.0338496389895
3.874,2910.3515494762423,2913.741148510866,28.237186259167455,2710.3515494762423,3110.3515494762423
3.876,2910.803779141713,2913.4716744009547,28.928455678122575,2710.803779141713,3110.803779141713
3.878,2911.343060578657,2913.202309851819,29.77976997033016,2711.343060578657,3111.343060578657
3.88,2911.9147345277534,2912.933054324205,30.486521227061846,2711.9147345277534,3111.9147345277534
3.882,2912.465376328685,2912.6639072788616,30.9130136872448,2712.465376328685,3112.465376328685
3.884,2912.9468973112116,2912.394868176536,31.14109499505808,2712.9468973112116,3112.9468973112116
3.886,2913.319218940296,2912.1259364779744,31.3971418781939,2713.319218940296,3113.319218940296
3.888,2913.55090814856,2911.857111643926,31.952999610721026,2713.55090814856,3113.55090814856
3.89,2913.6174206566516,2911.588393135138,32.97334797802941,2713.6174206566516,3113.6174206566516
3.892,2913.5012486091755,2911.3197804123565,34.448118055625194,2713.5012486091755,3113.5012486091755
3.894,2913.193146614734,2911.051272936331,36.157160811531696,2713.193146614734,3113.193146614734
3.896,2912.693371762874,2910.7828701678077,37.73428401820986,2712.693371762874,3112.693371762874
3.898,2912.0125151687675,2910.514571567534,38.776025064155256,2712.0125151687675,3112.0125151687675
3.9,2911.1694307044727,2910.246376596258,38.948381766849224,2711.1694307044727,3111.1694307044727
3.902,2910.1882292176156,2909.978284714727,38.1065744672306,2710.1882292176156,3110.1882292176156
3.904,2909.0938745192975,2909.710295383689,36.29538287879299,2709.0938745192975,3109.0938745192975
3.906,2907.9088575366,2909.44240806389,33.78696470302981,2707.9088575366,3107.9088575366
3.908,2906.6528581164284,2909.174622216079,31.03678271971482,2706.6528581164284,3106.6528581164284
3.91,2905.3446171250876,2908.9069373010034,28.5937004132905,2705.3446171250876,3105.3446171250876
3.912,2904.0053739076475,2908.63935277941,27.016236360592917,2704.0053739076475,3104.0053739076475
3.914,2902.660682799939,2908.3718681120463,26.71494657864602,2702.660682799939,3102.660682799939
3.916,2901.3401581497383,2908.10448275966,27.920113832038236,2701.3401581497383,3101.3401581497383
3.918,2900.074181655885,2907.837196182999,30.587964511623287,2700.074181655885,3100.074181655885
3.92,2898.8895086622283,2907.57000784281,34.38366664076341,2698.8895086622283,3098.8895086622283
3.922,2897.805796816147,2907.302917199841,38.82500897105347,2697.805796816147,3097.805796816147
3.924,2896.827514997017,2907.03592371484,43.35247155345198,2696.827514997017,3096.827514997017
3.926,2895.975934167124,2906.7690268485535,47.49137119948872,2695.975934167124,3095.975934167124
3.928,2895.2547669923183,2906.5022260617297,50.92779703398176,2695.2547669923183,3095.2547669923183
3.93,2894.6702998105116,2906.2355208151157,53.53842565622359,2694.6702998105116,3094.6702998105116
3.932,2894.232166588141,2905.9689105694592,55.38369913024974,2694.232166588141,3094.232166588141
3.934,2893.9503243682198,2905.7023947855077,56.57888969530931,2693.9503243682198,3093.9503243682198
3.936,2893.8302777741337,2905.435972924008,57.26186960876551,2693.8302777741337,3093.8302777741337
3.938,2893.8692869408414,2905.1696444457098,57.54904251019157,2693.8692869408414,3093.8692869408414
3.94,2894.055165868851,2904.903408811358,57.49652367077003,2694.055165868851,3094.055165868851
3.942,2894.37023827249,2904.637265481701,57.13508316729176,2694.37023827249,3094.37023827249
3.944,2894.797235433478,2904.371213917487,56.48037330540831,2694.797235433478,3094.797235433478
3.946,2895.3258170497365,2904.1052535794624,55.525939021402266,2695.3258170497365,3095.3258170497365
3.948,2895.957471955283,2903.8393839283744,54.228448614875134,2695.957471955283,3095.957471955283
3.95,2896.7070353276126,2903.5736044249725,52.492504279143304,2696.7070353276126,3096.7070353276126
3.952,2897.6004891347948,2903.307914530003,50.14638019492939,2697.6004891347948,3097.6004891347948
3.954,2898.669113295184,2903.0423137042126,46.97119587746901,2698.669113295184,3098.669113295184
3.956,2899.9443774045367,2902.7768014083504,42.78919636017299,2699.9443774045367,3099.9443774045367
3.958,2901.4503000950344,2902.511377103163,37.501090254601515,2701.4503000950344,3101.4503000950344
3.96,2903.1969051782053,2902.246040249398,31.200547231301346,2703.1969051782053,3103.1969051782053
3.962,2905.1763834978683,2901.980790307802,24.22764404340497,2705.1763834978683,3105.1763834978683
3.964,2907.358770383124,2901.7156267391247,17.11543639602319,2753.5826754686323,3061.1348652976158
3.966,2909.692408138769,2901.4505490041115,10.620530198141227,2814.270730186633,3005.1140860909054
3.968,2912.106495660288,2901.1855565635105,5.96325297178487,2858.5287934171024,2965.684197903474
3.97,2914.5169150573556,2900.92064887807,5.240051752626865,2867.4369179702803,2961.596912144431
3.972,2916.835313873556,2900.655825408536,6.966816977417687,2854.2409467781195,2979.4296809689927
3.974,2918.9755664881304,2900.3910856156585,8.598983896730585,2841.716761437792,2996.234371538469
3.976,2920.8611750688433,2900.1264289601822,8.652302494086241,2843.1233214276326,2998.599028710054
3.978,2922.4293226991103,2899.861854902856,7.856574292327565,2851.8408032991356,2993.017842099085
3.98,2923.631114525717,2899.5973629044274,6.633716518246531,2864.0295363163095,2983.232692735124
3.982,2924.433345613072,2899.3329524256433,5.530871679178869,2874.740435153897,2974.126256072247
3.984,2924.818663777876,2899.0686229272515,5.0267744199177615,2879.6548874986674,2969.982440057084
3.986,2924.785821827445,2898.8043738699994,5.0576095512329875,2879.345002885104,2970.226640769786
3.988,2924.352381574879,2898.540204714635,5.1272291221347475,2878.2860556051282,2970.41870754463
3.99,2923.5548013048597,2898.276114921905,5.01624956877626,2878.485587061386,2968.6240155483333
3.992,2922.447283920819,2898.0121039525575,5.196621591204535,2875.757491352664,2969.1370764889734
3.994,2921.0981214032076,2897.7481712673402,6.470308863646517,2862.964702720797,2979.2315400856182
3.996,2919.5830302302816,2897.484316327,8.857958971359992,2839.9974264507,2999.168634009863
3.998,2917.980148247544,2897.2205385922844,11.702294325466424,2812.839205225585,3023.1210912695033
4.0,2916.3627001314503,2896.9568375239414,14.323402352982077,2787.6720358231532,3045.0533644397474
4.002,2914.7938159922637,2896.693212582719,16.159466738040404,2769.606767682245,3059.9808643022825
4.0040000000000004,2913.325465959589,2896.4296632293617,16.764215522074874,2762.704965398553,3063.945966520625
4.006,2911.994660309402,2896.1661889246216,15.75563239664069,2770.4359196028777,3053.5534010159267
4.008,2910.8213347066558,2895.9027891292426,12.941950204483648,2794.5425255092623,3027.100143904049
4.01,2909.807964611263,2895.6394633039736,8.528161898181486,2833.185469972118,2986.4304592504077
4.0120000000000005,2908.937839899094,2895.376210909562,5.000403845633345,2864.0109938295677,2953.86468596862
4.014,2908.176520633651,2895.113031406755,9.961649851747476,2818.6746477241654,2997.6783935431363
4.016,2907.47525941351,2894.8499242563003,18.844834338065137,2738.1611404646346,3076.789378362385
4.018,2906.77901235095,2894.5868889189455,28.45370547422099,2706.77901235095,3106.77901235095
4.0200000000000005,2906.0365799206775,2894.3239248554382,37.70353856797189,2706.0365799206775,3106.0365799206775
4.022,2905.2077374533483,2894.0610315265258,45.83598159177527,2705.2077374533483,3105.2077374533483
4.024,2904.271586869729,2893.7982083929555,52.22942955379543,2704.271586869729,3104.271586869729
4.026,2903.238688288553,2893.5354549154745,56.44846067992036,2703.238688288553,3103.238688288553
4.0280000000000005,2902.116081991969,2893.272770554831,58.21373879828361,2702.116081991969,3102.116081991969
4.03,2900.9399461576077,2893.010154771773,57.291159017856934,2700.9399461576077,3100.9399461576077
4.032,2899.7547999275253,2892.747607027047,53.639295781703076,2699.7547999275253,3099.7547999275253
4.034,2898.607335481725,2892.4851267814,47.42228384047398,2698.607335481725,3098.607335481725
4.0360000000000005,2897.541780190955,2892.2227134955806,38.98338690544076,2697.541780190955,3097.541780190955
4.038,2896.5971967625474,2891.960366630336,29.022693809858954,2696.5971967625474,3096.5971967625474
4.04,2895.8073374162686,2891.698085646414,18.52331979848611,2729.381911995896,3062.232762836641
4.042,2895.2003671145912,2891.435870004562,8.945094355321215,2814.831882971086,2975.5688512580964
4.0440000000000005,2894.798638549498,2891.173719165526,5.2679756282432795,2847.467755393974,2942.1295217050215
4.046,2894.619211386067,2890.9116325900554,9.932546297743869,2805.3788235348206,2983.8595992373134
4.048,2894.6739898151504,2890.649609738897,13.664773742171784,2771.9008687950222,3017.4471108352786
4.05,2894.9695963192157,2890.3876500727993,14.648582974088093,2763.3573000467363,3026.581892591695
4.0520000000000005,2895.5070536127228,2890.125753052508,12.764680711783368,2780.8209476163565,3010.193159609089
4.054,2896.280295867763,2889.8639181387707,8.462231459393058,2820.250162719047,2972.3104290164792
4.056,2897.2743843442095,2889.602144792337,5.020620376528384,2852.1658999511355,2942.3828687372834
4.058,2898.4629894335303,2889.340432473952,10.571509345069387,2803.481746371884,2993.4442324951765
4.0600000000000005,2899.806668001084,2889.078780644365,19.43255012631335,2725.212132196615,3074.4012038055525
4.062,2901.252977458277,2888.8171887643225,28.165638413488733,2701.252977458277,3101.252977458277
4.064,2902.737842122934,2888.5556562945726,35.44618251092633,2702.737842122934,3102.737842122934
4.066,2904.1902690693723,2888.2941826958613,40.34499983582221,2704.1902690693723,3104.1902690693723
4.0680000000000005,2905.5381794127725,2888.0327674289374,42.409975130850455,2705.5381794127725,3105.5381794127725
4.07,2906.7135947901224,2887.771409954549,41.67109421279752,2706.7135947901224,3106.7135947901224
4.072,2907.6577693530694,2887.5101097334423,38.465625953666304,2707.6577693530694,3107.6577693530694
4.074,2908.3237800644238,2887.248866226366,33.454536148356816,2708.3237800644238,3108.3237800644238
4.0760000000000005,2908.678084514695,2886.987678894066,27.371255483848277,2708.678084514695,3108.678084514695
4.078,2908.7013772934506,2886.7265471972914,20.87477504313695,2721.148964718218,3096.2537898686833
4.08,2908.389413990133,2886.4654705967882,14.550516779127102,2777.658207521927,3039.120620458339
4.082,2907.7553207207498,2886.204448553305,8.97576463539489,2827.1112750437533,2988.3993663977462
4.0840000000000005,2906.830801315303,2885.9434805275887,5.347052390426925,2858.789441639887,2954.8721609907184
4.086,2905.666081316459,2885.682565980388,5.756102328254708,2853.9495537628354,2957.3826088700825
4.088,2904.328197709339,2885.4217043724484,8.356031748924188,2829.252231102397,2979.4041643162805
4.09,2902.8950967030614,2885.1608951645194,10.800364124273868,2805.857675029647,2999.932518376476
4.0920000000000005,2901.4475258999532,2884.900137817347,12.549255625058109,2788.6969375156837,3014.198114284223
4.094,2900.0594942972325,2884.6394317916793,13.531477906761262,2778.4839888425804,3021.6349997518846
4.096,2898.7896190767465,2884.378776548264,13.765143112263656,2775.114715044802,3022.464523108691
4.098,2897.67572125095,2884.1181715478483,13.286532283455916,2778.300964906443,3017.0504775954573
4.1,2896.7316379825393,2883.85761625118,12.102504638552505,2787.994947959634,3005.4683280054446
4.102,2895.949707419005,2883.597110119006,10.187642621821157,2804.417370029577,2987.482044808433
4.104,2895.3049875726333,2883.3366526120735,7.641003880460083,2826.6532914793543,2963.9566836659124
4.106,2894.7645511293053,2883.076243191132,5.270014545159087,2847.415349032102,2942.113753226509
4.108,2894.2892309323233,2882.8158813169266,6.090121576042992,2839.571659504464,2949.0068023601825
4.11,2893.8441320043385,2882.5555664502067,10.754853334281087,2797.215608555873,2990.472655452804
4.112,2893.4030944360534,2882.2952980517184,16.97376249790082,2740.899888993993,3045.9062998781137
4.114,2892.951829316602,2882.0350755822105,23.779616855300265,2692.951829316602,3092.951829316602
4.116,2892.4879976148886,2881.7748985024286,30.622134108724136,2692.4879976148886,3092.4879976148886
4.118,2892.0214483350865,2881.5147662731215,37.072295816823754,2692.0214483350865,3092.0214483350865
4.12,2891.571492678416,2881.254678355037,42.770956251969736,2691.571492678416,3091.571492678416
4.122,2891.1515930673977,2880.9946342089215,47.461145115732656,2691.1515930673977,3091.1515930673977
4.124,2890.7762963774458,2880.734633295524,50.990331931123805,2690.7762963774458,3090.7762963774458
4.126,2890.4533919675428,2880.4746750755903,53.24874311186496,2690.4533919675428,3090.4533919675428
4.128,2890.1832006287814,2880.214759009869,54.20060236420843,2690.1832006287814,3090.1832006287814
4.13,2889.959557542166,2879.954884559107,53.8454511993014,2689.959557542166,3089.959557542166
4.132,2889.7728464992547,2879.6950511840528,52.14789242730637,2689.7728464992547,3089.7728464992547
4.134,2889.612352037859,2879.435258345453,49.12378084002516,2689.612352037859,3089.612352037859
4.136,2889.4670304889587,2879.175505504055,44.83995490406316,2689.4670304889587,3089.4670304889587
4.138,2889.327626092162,2878.9157921206065,39.391996723630164,2689.327626092162,3089.327626092162
4.14,2889.1871505727686,2878.6561176558553,33.01948966108817,2689.1871505727686,3089.1871505727686
4.142,2889.0406155996134,2878.3964815705485,26.065439462372066,2689.0406155996134,3089.0406155996134
4.144,2888.886824809615,2878.136883325434,18.95283426482242,2718.6023650173333,3059.171284601897
4.146,2888.728863386076,2877.877322381259,12.218876153747912,2778.94661678185,2998.5111099903015
4.148,2888.5732717703886,2877.617798198771,6.755642304505412,2827.8762338340753,2949.270309706702
4.15,2888.4294807867495,2877.3583102387183,5.146839399991419,2842.1869634608915,2934.6719981126075
4.152,2888.3073752546147,2877.098857961847,7.749298779892674,2818.68268809359,2957.9320624156394
4.154,2888.214252095904,2876.8394408289055,10.69644865050877,2792.1104739117377,2984.3180302800706
4.156,2888.152650997368,2876.5800583006403,12.561824025008779,2775.2891400197727,3001.016161974963
4.158,2888.1187508597372,2876.320709837801,13.158351061690494,2769.895657100301,3006.3418446191736
4.16,2888.1015152318173,2876.061394901133,12.35045901030133,2777.1370435665244,2999.06598689711
4.162,2888.0821308903955,2875.8021129513845,10.152038419511735,2796.869684566962,2979.294577213829
4.164,2888.0347386875756,2875.5428634493032,6.982973897546538,2825.2952074242044,2950.7742699509467
4.166,2887.9273851063444,2875.2836458556358,5.015939604167131,2842.8609557843915,2932.9938144282974
4.168,2887.7231602779275,2875.0244596311313,8.377287289933294,2812.4562202119373,2962.9901003439177
4.17,2887.382750315452,2874.765304236536,14.733407674873545,2755.008334343699,3019.757166287205
4.172,2886.8670389418594,2874.5061791325975,21.645033563008962,2692.394128138019,3081.3399497457
4.174,2886.140606667319,2874.247083780064,28.479046090680438,2686.140606667319,3086.140606667319
4.176,2885.174772092972,2873.988017639682,34.78379438917464,2685.174772092972,3085.174772092972
4.178,2883.951059138567,2873.7289801722,40.259163418279776,2683.951059138567,3083.951059138567
4.18,2882.4661545584077,2873.469970838365,44.69946432488456,2682.4661545584077,3082.4661545584077
4.182,2880.7353495058537,2873.210989098924,48.07261843039346,2680.7353495058537,3080.7353495058537
4.184,2878.7960572223647,2872.9520344146254,50.41999300618953,2678.7960572223647,3078.7960572223647
4.186,2876.7086338397385,2872.6931062462163,51.810352442343095,2676.7086338397385,3076.7086338397385
4.188,2874.5519299210396,2872.4342040544443,52.361559920553304,2674.5519299210396,3074.5519299210396
4.19,2872.4167654413563,2872.1753273000572,52.15901223694852,2672.4167654413563,3072.4167654413563
4.192,2870.3943918437635,2871.916475443802,51.24177169275526,2670.3943918437635,3070.3943918437635
4.194,2868.566251880041,2871.6576479464247,49.643991777212015,2668.566251880041,3068.566251880041
4.196,2866.997684203051,2871.398844268676,47.38530233253961,2666.997684203051,3066.997684203051
4.198,2865.7346029571268,2871.1400638713017,44.49260516424385,2665.7346029571268,3065.7346029571268
4.2,2864.8063546852018,2870.881306215049,41.07062984976341,2664.8063546852018,3064.8063546852018
4.202,2864.2299739960313,2870.6225707606663,37.30532436166923,2664.2299739960313,3064.2299739960313
4.204,2864.014230594474,2870.3638569689,33.49680937390478,2664.014230594474,3064.014230594474
4.206,2864.162926786051,2870.1051643004976,30.04058455060686,2664.162926786051,3064.162926786051
4.208,2864.6693720860117,2869.8464922162084,27.356582198339073,2664.6693720860117,3064.6693720860117
4.21,2865.5200605326168,2869.587840176778,25.83150425468617,2665.5200605326168,3065.5200605326168
4.212,2866.6894734443486,2869.3292076429548,25.63638132846128,2666.6894734443486,3066.6894734443486
4.214,2868.1406041347977,2869.070594075485,26.713208584881293,2668.1406041347977,3068.1406041347977
4.216,2869.8268260339223,2868.8119989351185,28.777050892390793,2669.8268260339223,3069.8268260339223
4.218,2871.6958311939297,2868.5534216826013,31.313994740261837,2671.6958311939297,3071.6958311939297
4.22,2873.693050739819,2868.2948617786815,33.75211496286792,2673.693050739819,3073.693050739819
4.222,2875.760745586755,2868.036318684105,35.53030449885258,2675.760745586755,3075.760745586755
4.224,2877.850667942148,2867.7777918596207,36.227799321285026,2677.850667942148,3077.850667942148
4.226,2879.915853132519,2867.519280765976,35.56715658009696,2679.915853132519,3079.915853132519
4.228,2881.9137574892725,2867.2607848639186,33.363227806934084,2681.9137574892725,3081.9137574892725
4.23,2883.806355813422,2867.0023036141956,29.628189489914412,2683.806355813422,3083.806355813422
4.232,2885.559549640229,2866.7438364775535,24.506497971595753,2685.559549640229,3085.559549640229
4.234,2887.142063094042,2866.4853829147423,18.297415137028754,2722.746310529102,3051.537815658982
4.236,2888.5245271018534,2866.2269423865073,11.610882288257006,2784.2048886487632,2992.8441655549436
4.238,2889.6790459138447,2865.968514353596,5.899330536106609,2836.675663968931,2942.6824278587583
4.24,2890.5813658530624,2865.7100982767583,6.364598618829362,2833.3977160380246,2947.7650156681
4.242,2891.2137346738396,2865.451693616739,11.494763095652305,2787.9373857735372,2994.490083574142
4.244,2891.568225198811,2865.1932998342863,16.67906063809787,2741.7128109153255,3041.4236394822965
4.246,2891.6508864388074,2864.9349163901484,21.173599129184097,2701.413645971638,3081.888126905977
4.248,2891.4825368052816,2864.6765427450728,24.93591110176872,2691.4825368052816,3091.4825368052816
4.25,2891.0973682036283,2864.418178359806,28.010099427204693,2691.0973682036283,3091.0973682036283
4.252,2890.5386504461376,2864.1598226950964,30.385185179965028,2690.5386504461376,3090.5386504461376
4.2540000000000004,2889.8523494941496,2863.9014752116914,31.996916097101288,2689.8523494941496,3089.8523494941496
4.256,2889.0807824454037,2863.643135370338,32.73080269030263,2689.0807824454037,3089.0807824454037
4.258,2888.256618488205,2863.3848026317837,32.44886491683752,2688.256618488205,3088.256618488205
4.26,2887.4002444846615,2863.1264764567763,31.093344245402058,2687.4002444846615,3087.4002444846615
4.2620000000000005,2886.519619247785,2862.8681563060636,28.651846912100307,2686.519619247785,3086.519619247785
4.264,2885.6137580348554,2862.6098416403925,25.11706196035129,2685.6137580348554,3085.6137580348554
4.266,2884.6778684643714,2862.3515319205108,20.57031526969327,2699.8609184233924,3069.4948185053504
4.268,2883.70877260912,2862.093226607167,15.15623063715527,2747.5354430440816,3019.8821021741583
4.2700000000000005,2882.7095520867933,2861.834925161106,9.263485789196059,2799.4804344062504,2965.9386697673363
4.272,2881.6915768255435,2861.5766270430777,5.048665569082982,2836.3311163745775,2927.0520372765095
4.274,2880.6757932795495,2861.318331713829,8.293685100898141,2806.159989080543,2955.191597478556
4.276,2879.690012263422,2861.0600386341066,14.575816897720255,2748.731493248337,3010.648531278507
4.2780000000000005,2878.7668984628763,2860.801747264659,20.675059688477727,2693.0088571571428,3064.52493976861
4.28,2877.943058309762,2860.543457066233,25.84269672300932,2677.943058309762,3077.943058309762
4.282,2877.2849647853322,2860.2851674995763,29.71251849268331,2677.2849647853322,3077.2849647853322
4.284,2876.7891309730876,2860.0268780254364,32.1594928585072,2676.7891309730876,3076.7891309730876
4.2860000000000005,2876.475780799646,2859.7685881045613,33.16242213627875,2676.475780799646,3076.475780799646
4.288,2876.3488622500977,2859.5102971976976,32.70853375317099,2676.3488622500977,3076.3488622500977
4.29,2876.399990897555,2859.2520047655935,30.87668764536595,2676.399990897555,3076.399990897555
4.292,2876.605971447666,2858.9937102689955,27.756071658102968,2676.605971447666,3076.605971447666
4.2940000000000005,2876.9352694807826,2858.7354131686525,23.45329039320667,2676.9352694807826,3076.9352694807826
4.296,2877.354745712427,2858.4771129253118,18.237951470606227,2713.493252993405,3041.216238431449
4.298,2877.834960786717,2858.2188089997194,12.509284183038464,2765.443501560458,2990.226420012976
4.3,2878.356575722098,2857.960500852624,7.092639404511382,2814.6317389708815,2942.0814124733147
4.3020000000000005,2878.9078605574637,2857.702187944773,5.194643729795526,2832.235838369025,2925.5798827459025
4.304,2879.484884214574,2857.443869736914,9.060250321781272,2798.0817647618314,2960.8880036673163
4.306,2880.0873255819247,2857.1855456897947,14.097751810938385,2753.424050956714,3006.7506002071354
4.308,2880.7140461729496,2856.927215264162,18.851561777047692,2711.339483582932,3050.088608762967
4.3100000000000005,2881.3591358476006,2856.668877920763,23.05707547950909,2681.3591358476006,3081.3591358476006
4.312,2882.0108639219575,2856.410533120346,26.65000265912004,2682.0108639219575,3082.0108639219575
4.314,2882.650100104636,2856.1521803236587,29.65413028801318,2682.650100104636,3082.650100104636
4.316,2883.248568214585,2855.893818991448,32.09178870560462,2683.248568214585,3083.248568214585
4.3180000000000005,2883.7706698964125,2855.6354485844613,33.94803260538686,2683.7706698964125,3083.7706698964125
4.32,2884.1747660979245,2855.3770685634468,35.20744650984812,2684.1747660979245,3084.1747660979245
4.322,2884.4159273733576,2855.1186783891517,35.8182481614398,2684.4159273733576,3084.4159273733576
4.324,2884.452601022502,2854.8602775223226,35.67033212286111,2684.452601022502,3084.452601022502
4.3260000000000005,2884.2511377309875,2854.6018654237087,34.66988906783841,2684.2511377309875,3084.2511377309875
4.328,2883.7900233241917,2854.343441554056,32.71432063239583,2683.7900233241917,3083.7900233241917
4.33,2883.061145980378,2854.0850053741124,29.705088414202184,2683.061145980378,3083.061145980378
4.332,2882.067958904763,2853.826556344626,24.045225343296647,2682.067958904763,3082.067958904763
4.3340000000000005,2880.8232560790016,2853.5680939263434,18.957610618295924,2710.4958824533774,3051.1506297046258
4.336,2879.3443236749636,2853.309617580013,13.404064948706758,2758.913578229801,2999.7750691201263
4.338,2877.6518912291895,2853.0511267663815,8.177946556331085,2804.175956596041,2951.127825862338
4.34,2875.771644215145,2852.7926209461975,5.043851111667918,2830.454439947854,2921.088848482436
4.3420000000000005,2873.7358191523927,2852.5340995802067,6.798659619787547,2812.6522859725615,2934.819352332224
4.344,2871.5856135764966,2852.275562129158,10.431166327866222,2777.8653024966393,2965.305924656354
4.346,2869.3721375982823,2852.017008053799,13.88037591012291,2744.6619079543666,2994.082367242198
4.348,2867.153221639182,2851.7584368148764,16.8209811615281,2716.022702042788,3018.283741235576
4.3500000000000005,2864.9884081773425,2851.4998478731377,19.371115381288803,2690.9458416574043,3039.0309746972807
4.352,2862.933717656635,2851.2412406893313,21.57698063162254,2669.0722381826154,3056.7951971306547
4.354,2861.036796493675,2850.982614724204,23.573826034869573,2661.036796493675,3061.036796493675
4.356,2859.335923126863,2850.7239694385034,25.393724715853207,2659.335923126863,3059.335923126863
4.358,2857.8614892524515,2850.4653042929767,26.976923252962315,2657.8614892524515,3057.8614892524515
4.36,2856.639201975502,2850.206618748372,28.203706631178783,2656.639201975502,3056.639201975502
4.362,2855.693360402351,2849.947912265436,28.951022245665065,2655.693360402351,3055.693360402351
4.364,2855.048499551207,2849.689184304918,29.102338703261754,2655.048499551207,3055.048499551207
4.366,2854.728101806383,2849.4304343275635,28.564678883155423,2654.728101806383,3054.728101806383
4.368,2854.7525836315517,2849.17166179412,27.324580081750554,2654.7525836315517,3054.7525836315517
4.37,2855.1364347214353,2848.9128661653367,25.429794089270413,2655.1364347214353,3055.1364347214353
4.372,2855.8840384622595,2848.654046901959,22.995606019553392,2655.8840384622595,3055.8840384622595
4.374,2856.9879243546575,2848.395203464737,20.245290900872053,2675.0912024067807,3038.8846463025343
4.376,2858.4266210767078,2848.1363353144156,17.43718168754277,2701.759759409783,3015.0934827436326
4.378,2860.1625622553283,2847.8774419117435,14.840340031583873,2726.827397176486,2993.4977273341706
4.38,2862.1420639702633,2847.6185227174683,12.661195204846784,2748.3857383644604,2975.898389576066
4.382,2864.294903998721,2847.3595771923374,10.980077435340595,2765.6428222873997,2962.9469857100426
4.384,2866.500116129408,2847.1006047970977,9.736206663855981,2779.0237698998662,2953.97646235895
4.386,2868.6937743330245,2846.8416049924977,8.722831496065242,2790.3222427503583,2947.0653059156907
4.388,2870.784558531602,2846.5825772392836,7.7010642335285056,2801.593241575592,2939.9758754876125
4.39,2872.6933871303618,2846.3235209982045,6.503202082754468,2814.264434599643,2931.1223396610803
4.392,2874.3535229852578,2846.0644357300066,5.325498610986845,2826.5058163348804,2922.201229635635
4.394,2875.716351430965,2845.8053208954375,5.142819693529844,2829.509949734768,2921.922753127162
4.396,2876.7538011805404,2845.546175955246,7.003337396393906,2813.83131113896,2939.676291222121
4.398,2877.45600513352,2845.2870003701782,10.356865432755903,2784.4032611103444,2970.508749156696
4.4,2877.8298815870194,2845.0277936009816,14.373941231735861,2748.685143468608,3006.9746197054305
4.402,2877.898192328168,2844.768555108405,18.576998187116942,2710.9904857205706,3044.8058989357655
4.404,2877.6999402942697,2844.509284353194,22.68214322575741,2677.6999402942697,3077.6999402942697
4.406,2877.286124710253,2844.2499807960985,26.48405643891221,2677.286124710253,3077.286124710253
4.408,2876.7155995717617,2843.990643897864,29.783401318863852,2676.7155995717617,3076.7155995717617
4.41,2876.049822599305,2843.7312731192383,32.401793288870465,2676.049822599305,3076.049822599305
4.412,2875.3485892801127,2843.4718679209695,34.14764795576705,2675.3485892801127,3075.3485892801127
4.414,2874.6619425243575,2843.212427763805,34.81819480075552,2674.6619425243575,3074.6619425243575
4.416,2874.028878565362,2842.9529521084914,34.316829233152504,2674.028878565362,3074.028878565362
4.418,2873.478198077037,2842.693440415778,32.59114699574596,2673.478198077037,3073.478198077037
4.42,2873.025971758474,2842.4338921464105,29.616917478655132,2673.025971758474,3073.025971758474
4.422,2872.6782606334973,2842.174306761137,25.510156832399037,2672.6782606334973,3072.6782606334973
4.424,2872.4318624537855,2841.9146837207054,20.41366562986015,2689.022353586138,3055.841371321433
4.426,2872.2718502350886,2841.655022485863,14.552979292399321,2741.5185189629387,3003.0251815072384
4.428,2872.172731802441,2841.395322517357,8.542739534335425,2795.4192622989126,2948.9262013059692
4.43,2872.098739402987,2841.135583275935,5.000914738428649,2827.1673031438118,2917.0301756621625
4.432,2872.0087651895365,2840.8758042223444,8.577851416028809,2794.939827945252,2949.077702433821
4.434,2871.86186507584,2840.615984817333,14.141668402140661,2744.804015533532,2998.9197146181477
4.436,2871.623057715343,2840.356124521649,19.09259246587857,2700.082920305885,3043.1631951248005
4.438,2871.271784713202,2840.096222796038,22.68088747428326,2671.271784713202,3071.271784713202
4.44,2870.8038775964633,2839.8362791012487,24.587547643553638,2670.8038775964633,3070.8038775964633
4.442,2870.231868901023,2839.5762928980294,24.60163327678583,2670.231868901023,3070.231868901023
4.444,2869.5814680426292,2839.316263647126,22.557783297616588,2669.5814680426292,3069.5814680426292
4.446,2868.8856421749024,2839.056190809287,18.544448157281735,2702.270385982333,3035.5008983674716
4.448,2868.179169088973,2838.7960738452593,12.809279184555399,2753.0923617126746,2983.2659764652717
4.45,2867.492212365571,2838.5359122157906,6.446058211282693,2809.5766771500703,2925.407747581072
4.452,2866.847649617769,2838.275705381628,6.894352277741809,2804.90435201758,2928.790947217958
4.454,2866.259566648217,2838.015452803521,14.831664743536468,2733.002345940019,2999.516787356415
4.456,2865.732765444277,2837.755153942214,23.312586538396854,2665.732765444277,3065.732765444277
4.458,2865.2637054891347,2837.494808258457,30.83014814280604,2665.2637054891347,3065.2637054891347
4.46,2864.8403577781996,2837.2344152129963,36.669488185026,2664.8403577781996,3064.8403577781996
4.462,2864.444556564955,2836.973974266579,40.32998617181269,2664.444556564955,3064.444556564955
4.464,2864.052865166551,2836.7134848799537,41.66442122844989,2664.052865166551,3064.052865166551
4.466,2863.636438289083,2836.4529465138676,40.626313279394815,2663.636438289083,3063.636438289083
4.468,2863.164639020454,2836.192358629068,37.23150266651434,2663.164639020454,3063.164639020454
4.47,2862.6104382504845,2835.9317206863025,31.755409988519173,2662.6104382504845,3062.6104382504845
4.472,2861.942300828098,2835.671032146318,24.56856066224135,2661.942300828098,3061.942300828098
4.474,2861.1352751455042,2835.4102924698627,16.269098378227547,2714.963225628565,3007.3073246624435
4.476,2860.169957336684,2835.1495011176844,8.096223986692019,2787.4282708602695,2932.9116438130986
4.478,2859.0334057776145,2834.8886575505294,5.602930411598758,2808.6930732942724,2909.3737382609565
4.48,2857.725559523331,2834.627761229146,11.589858322556069,2753.5948139076945,2961.8563051389674
4.482,2856.262650541328,2834.3668116142826,17.636640361271493,2697.8037237915664,3014.72157729109
4.484,2854.6728519502126,2834.1058081666847,22.231368762462917,2654.931928388959,3054.413775511466
4.486,2852.996270725892,2833.844750347101,25.21293375685288,2652.996270725892,3052.996270725892
4.488,2851.2832545815018,2833.5836376162792,26.8590168629823,2651.2832545815018,3051.2832545815018
4.49,2849.592796556199,2833.322469434966,27.538146227627703,2649.592796556199,3049.592796556199
4.492,2847.9845314102818,2833.061245263909,27.635801493202,2647.9845314102818,3047.9845314102818
4.494,2846.5175780059676,2832.7999645638565,27.510748744625186,2646.5175780059676,3046.5175780059676
4.496,2845.2491286241952,2832.5386267955555,27.43373780655487,2645.2491286241952,3045.2491286241952
4.498,2844.227554605416,2832.2772314197537,27.62798745514308,2644.227554605416,3044.227554605416
4.5,2843.4919082810006,2832.0157778971984,28.228295352151463,2643.4919082810006,3043.4919082810006
4.502,2843.0693559157685,2831.7542656886358,29.295876797102043,2643.0693559157685,3043.0693559157685
4.5040000000000004,2842.9702443092265,2831.4926942548154,30.788105046555,2642.9702443092265,3042.9702443092265
4.506,2843.1877032835982,2831.2310630564853,32.506257796459536,2643.1877032835982,3043.1877032835982
4.508,2843.696570685103,2830.96937155439,34.154058631171694,2643.696570685103,3043.696570685103
4.51,2844.4576680906544,2830.707619209279,35.342915727968325,2644.4576680906544,3044.4576680906544
4.5120000000000005,2845.4211685957016,2830.4458054818997,35.728629602752726,2645.4211685957016,3045.4211685957016
4.514,2846.529234542148,2830.1839298329996,35.02322938729933,2646.529234542148,3046.529234542148
4.516,2847.7241131616074,2829.9219917233254,32.979684514288365,2647.7241131616074,3047.7241131616074
4.518,2848.9490248800385,2829.6599906136253,29.466836390959337,2648.9490248800385,3048.9490248800385
4.5200000000000005,2850.149017589841,2829.3979259646467,24.644152216091143,2650.149017589841,3050.149017589841
4.522,2851.2765066298,2829.135797237137,18.353840329701367,2686.373793822467,3016.1792194371333
4.524,2852.292035103614,2828.8736038918437,11.061232723937842,2752.9108020535023,2951.673268153726
4.526,2853.1670709257573,2828.6113453895146,5.1077958419910345,2807.2753460507574,2899.0587958007573
4.5280000000000005,2853.887705064902,2828.3490211908966,9.759405073461005,2766.202929394548,2941.5724807352562
4.53,2854.4545538221155,2828.0866307567376,18.38500328615059,2689.27185295968,3019.637254684551
4.532,2854.8821365964004,2827.824173547785,26.43622584062121,2654.8821365964004,3054.8821365964004
4.534,2855.1925642119104,2827.5616490247867,32.93178885918796,2655.1925642119104,3055.1925642119104
4.5360000000000005,2855.4101868427024,2827.29905664849,37.30636401270565,2655.4101868427024,3055.4101868427024
4.538,2855.556447038772,2827.0363958796415,39.24645799704501,2655.556447038772,3055.556447038772
4.54,2855.6427504692783,2826.7736661789886,38.675146307104555,2655.6427504692783,3055.6427504692783
4.542,2855.6693539376774,2826.5108670072814,35.82134923429182,2655.6693539376774,3055.6693539376774
4.5440000000000005,2855.6250138245146,2826.2479978252654,30.976798748894876,2655.6250138245146,3055.6250138245146
4.546,2855.487891068609,2825.9850580936873,24.514808344435046,2655.487891068609,3055.487891068609
4.548,2855.228143568772,2825.722047273296,16.98353597790105,2702.6371268928415,3007.8191602447023
4.55,2854.809800251447,2825.4589648248393,9.221291110572693,2771.9597867172865,2937.6598137856076
4.5520000000000005,2854.1953087649863,2825.195810209063,5.079602452535561,2808.556891444205,2899.8337260857675
4.554,2853.3486920068412,2824.932582886716,10.40542814927604,2759.859629286782,2946.8377547269006
4.556,2852.2397439025626,2824.669282318545,17.16461332528834,2698.0218118086204,3006.457675996505
4.558,2850.851034489074,2824.405907965299,22.90360560328228,2650.851034489074,3050.851034489074
4.5600000000000005,2849.1812132516766,2824.142459287723,27.18734171998526,2649.1812132516766,3049.1812132516766
4.562,2847.248735265955,2823.878935746566,29.910921966435776,2647.248735265955,3047.248735265955
4.564,2845.0924085969027,2823.615336802576,31.149001435056764,2645.0924085969027,3045.0924085969027
4.566,2842.7693530146303,2823.3516619165002,31.1525621731652,2642.7693530146303,3042.7693530146303
4.5680000000000005,2840.353158669635,2823.087910549085,30.190182429327383,2640.353158669635,3040.353158669635
4.57,2837.9289645677313,2822.8240821610784,28.55318313151827,2637.9289645677313,3037.9289645677313
4.572,2835.584581646907,2822.5601762132287,26.56069140598455,2635.584581646907,3035.584581646907
4.574,2833.4157004871663,2822.296192166283,24.494315813980812,2633.4157004871663,3033.4157004871663
4.5760000000000005,2831.51288388577,2822.0321294809887,22.611309277461096,2631.51288388577,3031.51288388577
4.578,2829.9590657341223,2821.767987618093,21.107659738518425,2640.3142671868072,3019.6038642814374
4.58,2828.8255432385517,2821.503766038343,20.111832385885535,2648.1278984741516,3009.523188002952
4.582,2828.1625165696946,2821.2394642024874,19.694603913135694,2651.2135209043918,3005.1115122349975
4.5840000000000005,2827.993449920079,2820.975081571274,19.84454343424115,2649.6973011062705,3006.2895987338875
4.586,2828.3187049791773,2820.7106176054485,20.544080255422124,2643.737467189484,3012.8999427688705
4.588,2829.1143027460566,2820.4460717657594,21.77346366709395,2633.4874932382227,3024.7411122538906
4.59,2830.334346033763,2820.1814435129536,23.48264626893877,2630.334346033763,3030.334346033763
4.5920000000000005,2831.9130385046265,2819.9167323077804,25.601517884227114,2631.9130385046265,3031.9130385046265
4.594,2833.7700751192415,2819.651937610985,27.975236020195393,2633.7700751192415,3033.7700751192415
4.596,2835.813432499448,2819.387058883316,30.3442023554809,2635.813432499448,3035.813432499448
4.598,2837.943444174228,2819.1220955855215,32.34572850900034,2637.943444174228,3037.943444174228
4.6000000000000005,2840.061246110488,2818.8570471783473,33.5377079821619,2640.061246110488,3040.061246110488
4.602,2842.073704472546,2818.591913122543,33.5392004497548,2642.073704472546,3042.073704472546
4.604,2843.8994894112243,2818.3266928788544,32.04769400060589,2643.8994894112243,3043.8994894112243
4.606,2845.475467017245,2818.0613859080295,28.91312280308244,2645.475467017245,3045.475467017245
4.6080000000000005,2846.7577695378727,2817.795991670816,24.251513490703644,2646.7577695378727,3046.7577695378727
4.61,2847.7222794179306,2817.5305096279612,18.338244330372607,2682.9596911050935,3012.4848677307677
4.612,2848.363805129414,2817.2649392402127,11.689125816741567,2743.3411764641965,2953.386433794631
4.614,2848.6941328857056,2816.999279968318,5.795467611700282,2796.623922292784,2900.7643434786273
4.616,2848.7414924449663,2816.7335312730256,6.9709123429252555,2786.11032995031,2911.3726549396224
4.618,2848.549334823238,2816.4676926150805,13.376186480393608,2728.3690674780896,2968.7296021683865
4.62,2848.174990175699,2816.201763455232,20.008337166756675,2668.4072130624477,3027.94276728895
4.622,2847.686934962103,2815.935743254228,25.904111034096786,2647.686934962103,3047.686934962103
4.624,2847.156479995492,2815.6696314728147,30.579099315687035,2647.156479995492,3047.156479995492
4.626,2846.6502449908035,2815.4034275717404,33.69217176225115,2646.6502449908035,3046.6502449908035
4.628,2846.2211342356077,2815.137131011752,34.92714449588218,2646.2211342356077,3046.2211342356077
4.63,2845.8986812441553,2814.8707412535973,34.04038086591331,2645.8986812441553,3045.8986812441553
4.632,2845.6867381279058,2814.6042577580247,31.018135295006367,2645.6867381279058,3045.6867381279058
4.634,2845.5636314790345,2814.3376799857806,25.970314167602943,2645.5636314790345,3045.5636314790345
4.636,2845.487280782926,2814.0710073976124,19.200336535606397,2672.9791013142667,3017.9954602515854
4.638,2845.402896306984,2813.804239454267,11.39152456481509,2743.0541088050313,2947.751683808937
4.64,2845.2508554180977,2813.5373756164945,5.117589195124076,2799.2711407562133,2891.230570079982
4.642,2844.976256435327,2813.2704153450395,9.713326959771488,2757.705476191104,2932.2470366795496
4.644,2844.534821620879,2813.003358100652,18.15740131766369,2681.3970433125014,3007.6725999292566
4.646,2843.897776014163,2812.736203344077,26.283825887708524,2643.897776014163,3043.897776014163
4.648,2843.0560366621935,2812.468950536064,33.32956547660051,2643.0560366621935,3043.0560366621935
4.65,2842.019648201726,2812.2015991373587,38.95707630640827,2642.019648201726,3042.019648201726
4.652,2840.8172698489952,2811.9341486087105,42.93622678712857,2640.8172698489952,3040.8172698489952
4.654,2839.4900063029045,2811.6665984108663,45.09031346999121,2639.4900063029045,3039.4900063029045
4.656,2838.086949148804,2811.398948004573,45.37015466835825,2638.086949148804,3038.086949148804
4.658,2836.6617497478496,2811.131196850578,43.71478930112484,2636.6617497478496,3036.6617497478496
4.66,2835.2645860645775,2810.8633444096295,40.1021025618258,2635.2645860645775,3035.2645860645775
4.662,2833.9425716921187,2810.5953901424746,34.69521754075383,2633.9425716921187,3033.9425716921187
4.664,2832.737891939693,2810.327333509861,27.767982327192602,2632.737891939693,3032.737891939693
4.666,2831.6863718853415,2810.0591739725364,19.828203882901114,2653.5370281157975,3009.8357156548855
4.668,2830.8170852618678,2809.7909109912475,11.762106030885251,2725.138755387674,2936.4954151360616
4.67,2830.150625627061,2809.522544026742,5.587646253183157,2779.947615858771,2880.353635395351
4.672,2829.698082905599,2809.254072539769,6.66160698423175,2769.8459188013708,2889.5502470098277
4.674,2829.459556771345,2808.9854959910735,10.62103177815407,2734.0333723015906,2924.8857412410994
4.676,2829.4232752790267,2808.7168138414045,12.983493212087202,2712.7712169670644,2946.075333590989
4.678,2829.567847449529,2808.448025551509,13.134079510619296,2711.5628249244382,2947.5728699746196
4.68,2829.8629922379155,2808.179130582135,11.400152159444232,2727.4366888736804,2932.2892956021506
4.682,2830.271172274108,2807.9101283940295,8.50504320157295,2753.8563908829174,2906.6859536652983
4.684,2830.751560652797,2807.6410184479405,5.729368110932005,2779.2752305119275,2882.227890793666
4.686,2831.260578860617,2807.371800204615,5.156528824477378,2784.931005509721,2877.5901522115128
4.688,2831.7532442720967,2807.102473124801,6.889369144906649,2769.854718344105,2893.6517702000883
4.69,2832.1862300826283,2806.8330366692435,8.845503870743233,2752.712530942245,2911.6599292230117
4.692,2832.5189579089374,2806.563490298695,10.202005078190817,2740.8575789687825,2924.1803368490923
4.694,2832.7160059598555,2806.2938334738983,10.893072884015432,2734.8456291278603,2930.5863827918506
4.696,2832.749194480488,2806.024065655604,11.11572765646249,2732.8783438873365,2932.620045073639
4.698,2832.5989553239065,2805.754186304558,11.217914747903261,2731.8099901405785,2933.3879205072344
4.7,2832.255523491576,2805.4841948815074,11.494075194090948,2728.985355141587,2935.5256918415644
4.702,2831.7178090464413,2805.214090847201,12.211486898337863,2722.0019522680423,2941.4336658248403
4.704,2830.993743804719,2804.943873662385,13.484820702221056,2709.8374367010647,2952.1500509083735
4.706,2830.10059426685,2804.673542787809,15.322932923960884,2692.4295040788784,2967.7716844548213
4.708,2829.0633940127336,2804.4030976842178,17.69527190366438,2670.077683754835,2988.049104270632
4.71,2827.915777537728,2804.1325378123615,20.387878527345276,2644.7379565939023,3011.0935984815537
4.712,2826.699797028791,2803.861862632986,23.260098458617765,2626.699797028791,3026.699797028791
4.714,2825.4622688333247,2803.5910716068383,26.154790822392773,2625.4622688333247,3025.4622688333247
4.716,2824.25180126844,2803.320164194667,28.922320435226094,2624.25180126844,3024.25180126844
4.718,2823.113548573185,2803.0491398572194,31.410264120422546,2623.113548573185,3023.113548573185
4.72,2822.0829124124284,2802.7779980552427,33.457599172338185,2622.0829124124284,3022.0829124124284
4.722,2821.1812328216865,2802.5067382494854,34.92330985280276,2621.1812328216865,3021.1812328216865
4.724,2820.4125141780137,2802.2353599006938,35.70915947992034,2620.4125141780137,3020.4125141780137
4.726,2819.765262105738,2801.963862469616,35.797878818134805,2619.765262105738,3019.765262105738
4.728,2819.2145962958084,2801.692245416999,35.27391712654078,2619.2145962958084,3019.2145962958084
4.73,2818.726466199242,2801.42050820359,34.27952092888086,2618.726466199242,3018.726466199242
4.732,2818.265831004864,2801.148650290138,32.993024598928265,2618.265831004864,3018.265831004864
4.734,2817.8010072383754,2800.8766711373887,31.58810111100415,2617.8010072383754,3017.8010072383754
4.736,2817.309352879029,2800.604570206091,30.199991620144807,2617.309352879029,3017.309352879029
4.738,2816.782289153562,2800.3323469569923,28.933532781064812,2616.782289153562,3016.782289153562
4.74,2816.2273623864853,2800.0600008508386,27.867757959088483,2616.2273623864853,3016.2273623864853
4.742,2815.669501889271,2799.7875313483796,27.072588630290305,2615.669501889271,3015.669501889271
4.744,2815.1475812883614,2799.514937910361,26.604390428035426,2615.1475812883614,3015.1475812883614
4.746,2814.710497336071,2799.2422199975313,26.48644853978558,2614.710497336071,3014.710497336071
4.748,2814.4112052954256,2798.9693770706376,26.707490473392735,2614.4112052954256,3014.4112052954256
4.75,2814.2977012100487,2798.696408590427,27.204071305997086,2614.2977012100487,3014.2977012100487
4.752,2814.408858491695,2798.423314017648,27.86912131529002,2614.408858491695,3014.408858491695
4.7540000000000004,2814.7690471147534,2798.1500928130467,28.57819511638065,2614.7690471147534,3014.7690471147534
4.756,2815.386721411543,2797.876744437373,29.208928008157496,2615.386721411543,3015.386721411543
4.758,2816.2553032520036,2797.6032683513713,29.66878193845342,2616.2553032520036,3016.2553032520036
4.76,2817.352473099081,2797.329664015791,29.888110960042155,2617.352473099081,3017.352473099081
4.7620000000000005,2818.644209241917,2797.0559308913794,29.819698563009194,2618.644209241917,3018.644209241917
4.764,2820.085199298932,2796.7820684388844,29.433547071931088,2620.085199298932,3020.085199298932
4.766,2821.6216514831453,2796.508076119053,28.690937014886334,2621.6216514831453,3021.6216514831453
4.768,2823.195574667496,2796.2339533926315,27.559794320005746,2623.195574667496,3023.195574667496
4.7700000000000005,2824.7489775827316,2795.959699720369,26.03745587730241,2624.7489775827316,3024.7489775827316
4.772,2826.229285781866,2795.685314563013,24.140408837619468,2626.229285781866,3026.229285781866
4.774,2827.5946278463543,2795.41079738131,21.91630953896744,2630.684399099706,3024.504856593003
4.776,2828.8162872646126,2795.136147636008,19.42449610570335,2654.294113964325,3003.3384605649003
4.7780000000000005,2829.880303029888,2794.861364787854,16.687344967016987,2679.9504570041618,2979.8101490556146
4.78,2830.786685899197,2794.586448297597,13.691352876079579,2707.7747608355153,2953.7986109628787
4.782,2831.546914416489,2794.3113976259833,10.438120131689708,2737.7641258880853,2925.3297029448927
4.784,2832.180599780051,2794.03621223376,7.134921082844897,2768.0758772210693,2896.285322339033
4.7860000000000005,2832.7108539697942,2793.760891581676,5.02765175199176,2787.5391951746415,2877.882512764947
4.788,2833.160160154184,2793.4854351304775,6.6500689613299855,2773.411661072793,2892.9086592355748
4.79,2833.5454903587633,2793.209842340912,10.615523633121418,2738.1687946086504,2928.9221861088763
4.792,2833.873758511095,2792.9341126737286,14.88812784039129,2700.109237004938,2967.6382800172514
4.7940000000000005,2834.1390673437595,2792.6582455896732,18.64466338500735,2666.623413053588,3001.654721633931
4.796,2834.321418665823,2792.3822405494934,21.411229614248864,2641.9491529979878,3026.693684333658
4.798,2834.389315149805,2792.1060970139374,22.888404625315605,2634.389315149805,3034.389315149805
4.8,2834.303965089891,2791.829814443753,22.95290020911157,2634.303965089891,3034.303965089891
4.8020000000000005,2834.0265795105734,2791.5533922996865,21.553970270592046,2640.3718399279574,3027.6813190931894
4.804,2833.527453849811,2791.2768300424855,18.745429317042998,2665.10645358012,3001.948454119502
4.806,2832.7916926143575,2791.0001271328983,14.72786795110006,2700.4670490859753,2965.11633614274
4.808,2831.824079786799,2790.7232830316716,9.876532599096313,2743.086955050815,2920.5612045227826
4.8100000000000005,2830.6496235178315,2790.4462971995545,5.530824970882769,2780.957132716047,2880.342114319616
4.812,2829.3104516059097,2790.1691690972925,6.527011067548425,2770.6675838339565,2887.953319377863
4.814,2827.8609567242443,2789.891898185634,11.818921522655664,2721.6721599093926,2934.049753539096
4.816,2826.360807561639,2789.614483925326,17.4392751978535,2669.6751364508414,2983.0464786724365
4.8180000000000005,2824.870986875005,2789.3369257771174,22.37789919692978,2624.870986875005,3024.870986875005
4.82,2823.4493776643903,2789.0592232017543,26.222984982291262,2623.4493776643903,3023.4493776643903
4.822,2822.145973870873,2788.781375659985,28.806238318563473,2622.145973870873,3022.145973870873
4.824,2821.001304839839,2788.503382612556,30.173755031618015,2621.001304839839,3021.001304839839
4.8260000000000005,2820.044001580891,2788.225243520216,30.475757049779826,2620.044001580891,3020.044001580891
4.828,2819.2822045522066,2787.9469578437115,29.990343139118746,2619.2822045522066,3019.2822045522066
4.83,2818.713066936615,2787.6685250437904,29.081799705892546,2618.713066936615,3018.713066936615
4.832,2818.320264794992,2787.389944581201,28.123680229522137,2618.320264794992,3018.320264794992
4.8340000000000005,2818.0773352021147,2787.1112159166887,27.470861987457525,2618.0773352021147,3018.0773352021147
4.836,2817.9544091831776,2786.832338511003,27.366825519923133,2617.9544091831776,3017.9544091831776
4.838,2817.9318106442843,2786.553311824891,27.916084246322434,2617.9318106442843,3017.9318106442843
4.84,2817.9904394931013,2786.2741353190995,29.023037514056682,2617.9904394931013,3017.9904394931013
4.8420000000000005,2818.1182267895606,2785.994808454377,30.37208634593335,2618.1182267895606,3018.1182267895606
4.844,2818.305624060244,2785.7153306914697,31.497960245270377,2618.305624060244,3018.305624060244
4.846,2818.5430569325367,2785.435701491126,31.82950258034045,2618.5430569325367,3018.5430569325367
4.848,2818.8184681025004,2785.1559203140932,30.83956637545783,2618.8184681025004,3018.8184681025004
4.8500000000000005,2819.117587758669,2784.875986621118,28.110596355534796,2619.117587758669,3019.117587758669
4.852,2819.4252412895503,2784.5958998729498,23.467923327998317,2619.4252412895503,3019.4252412895503
4.854,2819.724521727296,2784.315659530335,17.124249350683456,2665.8692455567175,2973.579797897875
4.856,2819.9965833096903,2784.035265054021,9.77625202324509,2732.160443800923,2907.8327228184576
4.8580000000000005,2820.2204657679304,2783.7547159047544,5.011425491619322,2775.194594138083,2865.2463373977776
4.86,2820.372285565053,2783.474011543284,10.321381382909594,2727.6383530808216,2913.1062180492845
4.862,2820.4269435262836,2783.1931514303583,17.59711313698707,2662.3231547965306,2978.5307322560366
4.864,2820.361512748104,2782.912135026722,23.696130578059186,2620.361512748104,3020.361512748104
4.866,2820.1587988427245,2782.630961793125,27.894299464448753,2620.1587988427245,3020.1587988427245
4.868,2819.810353537497,2782.3496311903127,29.848496523057644,2619.810353537497,3019.810353537497
4.87,2819.3168371113566,2782.0681426790347,29.477650922181613,2619.3168371113566,3019.3168371113566
4.872,2818.6872996844613,2781.786495720037,26.95495077511987,2618.6872996844613,3018.6872996844613
4.874,2817.9364592880142,2781.504689774068,22.5547257826357,2617.9364592880142,3017.9364592880142
4.876,2817.0811480212546,2781.222724301874,16.672749475777817,2667.282437281488,2966.8798587610213
4.878,2816.1388838303164,2780.9405987642044,10.264499478252601,2723.9160149828544,2908.3617526777784
4.88,2815.126602480579,2780.6583126218056,5.221799766490153,2768.210592982695,2862.0426119784634
4.882,2814.0596236275555,2780.375865335425,7.75430305782946,2744.3899748131334,2883.7292724419776
4.884,2812.9508056278146,2780.0932563658102,13.724171766555793,2689.6440145320853,2936.257596723544
4.886,2811.8086306115197,2779.8104851737075,19.298863518056425,2638.415221327254,2985.202039895785
4.888,2810.6355188181974,2779.527551219867,24.197141268505174,2610.6355188181974,3010.6355188181974
4.89,2809.4264588661235,2779.2444539650346,28.08135569462295,2609.4264588661235,3009.4264588661235
4.892,2808.169787389714,2778.9611928699583,31.06277812963239,2608.169787389714,3008.169787389714
4.894,2806.8508199316652,2778.6777673953848,33.223378077836074,2606.8508199316652,3006.8508199316652
4.896,2805.4566796196023,2778.3941770020624,34.640621928478964,2605.4566796196023,3005.4566796196023
4.898,2803.9827010176477,2778.1104211507377,35.35285196720782,2603.9827010176477,3003.9827010176477
4.9,2802.437137258341,2777.826499302159,35.4290338956095,2602.437137258341,3002.437137258341
4.902,2800.844355110354,2777.5424109170744,34.963842180418666,2600.844355110354,3000.844355110354
4.904,2799.24498592979,2777.25815545623,34.074709976154914,2599.24498592979,2999.24498592979
4.906,2797.691884077583,2776.973732380374,32.9097673216105,2597.691884077583,2997.691884077583
4.908,2796.2461224450144,2776.689141150253,31.60930455368229,2596.2461224450144,2996.2461224450144
4.91,2794.9708712288084,2776.4043812266164,30.303597180996857,2594.9708712288084,2994.9708712288084
4.912,2793.925204984764,2776.1194520702097,29.087795570144728,2593.925204984764,2993.925204984764
4.914,2793.1593809378146,2775.8343531417822,28.02526924680692,2593.1593809378146,2993.1593809378146
4.916,2792.7093121178514,2775.549083902079,27.15717698787579,2592.7093121178514,2992.7093121178514
4.918,2792.593148004758,2775.2636438118507,26.480385484134796,2592.593148004758,2992.593148004758
4.92,2792.808014722382,2774.9780323318423,25.953659598117614,2592.808014722382,2992.808014722382
4.922,2793.328210440141,2774.6922489228027,25.501443142340467,2593.328210440141,2993.328210440141
4.924,2794.1079255523114,2774.406293045478,25.03259111677004,2594.1079255523114,2994.1079255523114
4.926,2795.0844918727707,2774.1201641606176,24.47667905279923,2595.0844918727707,2995.0844918727707
4.928,2796.1835443423756,2773.833861728968,23.79786681968242,2596.1835443423756,2996.1835443423756
4.93,2797.3339945955913,2773.5473852112755,23.02132197479857,2597.3339945955913,2997.3339945955913
4.932,2798.46578644803,2773.26073406829,22.208370044169932,2598.931498172334,2998.000074723726
4.934,2799.520164855898,2772.973907760756,21.41520131728039,2607.1122148521094,2991.928114859687
4.936,2800.455314344005,2772.6869057494246,20.666642061332038,2614.7729024175615,2986.137726270448
4.938,2801.2471071251744,2772.3997274950398,19.930859646658647,2622.175437911754,2980.3187763385945
4.94,2801.879529926285,2772.112372458352,19.136578258881066,2629.9441958462235,2973.814864006347
4.942,2802.354618644088,2771.8248401001074,18.1948400210682,2638.880466931317,2965.828770356859
4.944,2802.6841529879603,2771.5371298810533,17.037596111528657,2649.6074252820886,2955.760880693832
4.946,2802.8894000327386,2771.249241261937,15.633887221033296,2662.424496330799,2943.3543037346785
4.948,2802.998328427201,2770.9611737035066,13.994032526543394,2677.2669345996833,2928.729722254719
4.95,2803.042626644798,2770.6729266665093,12.162113530042584,2693.770371980511,2912.314881309085
4.952,2803.0526578771755,2770.384499611693,10.19557785212508,2711.4490252721216,2894.6562904822295
4.954,2803.052971484539,2770.0958919998043,8.205758157146825,2729.327159532004,2876.778783437074
4.956,2803.059436038492,2769.807103291592,6.4154665086264275,2745.4187563663977,2860.7001157105865
4.958,2803.0778090500557,2769.5181329478028,5.23265100441548,2756.0643050475305,2850.091313052581
4.96,2803.105011645909,2769.228980429185,5.051351623374094,2757.7204179546297,2848.4896053371886
4.962,2803.1316551929376,2768.9396451964835,5.59055464771783,2752.902514536503,2853.360795849372
4.964,2803.145259228181,2768.650126710449,6.104750841194802,2748.2962490677965,2857.994269388566
4.966,2803.133116503708,2768.3604244318276,6.09607371048824,2748.3620672696034,2857.904165737813
4.968,2803.084088986801,2768.070537821367,5.526299629157583,2753.432256767278,2852.735921206324
4.97,2802.990150110127,2767.7804663398138,5.001295235979198,2758.055295216095,2847.925005004159
4.972,2802.8472396999123,2767.490209447917,5.85308826073705,2750.259328115307,2855.4351512845174
4.974,2802.6558550575814,2767.1997666064235,8.460460136117266,2726.6416366170783,2878.6700734980845
4.976,2802.421258456679,2766.90913727608,11.994285553273782,2694.6568783383723,2910.1856385749857
4.978,2802.1527793045,2766.6183209176347,15.727718765053577,2660.844832627472,2943.4607259815284
4.98,2801.86279003323,2766.3273169918352,19.175934607829923,2629.573853187138,2974.151726879322
4.982,2801.564129183069,2766.03612495943,21.962281591229953,2604.240857934403,2998.887400431735
4.984,2801.2673722329105,2765.7447442811645,23.82680030225094,2601.2673722329105,3001.2673722329105
4.986,2800.978765635206,2765.4531744177866,24.647191633374458,2600.978765635206,3000.978765635206
4.988,2800.6984099776423,2765.1614148300455,24.42215123950359,2600.6984099776423,3000.6984099776423
4.99,2800.420087642751,2764.8694649786867,23.323953574246563,2600.420087642751,3000.420087642751
4.992,2800.132167535923,2764.577324324459,21.631503685686038,2605.780817856862,2994.483517214984
4.994,2799.8194246305907,2764.284992328109,19.644258731383037,2623.322762476894,2976.3160867842876
4.996,2799.4655432483887,2763.9924684503844,17.636548660582953,2641.0074403966255,2957.923646100152
4.998,2799.0553760372404,2763.6997521520334,15.785353496784444,2657.2296018405427,2940.881150233938
5.0,2798.5777525685007,2763.406842893803,14.168148747251239,2671.2819865647675,2925.873518572234
5.002,2798.027875531208,2763.1137401364404,12.781937926385659,2683.186719613283,2912.8690314491328
5.0040000000000004,2797.409306422338,2762.820443340694,11.586108671927338,2693.312250080971,2901.506362763705
5.006,2796.735101776962,2762.52695196731,10.545064861660702,2701.991452972133,2891.478750581791
5.008,2796.0287445269355,2762.2332654770375,9.629484479461578,2709.511259081144,2882.546229972727
5.01,2795.3223172197336,2761.9393833306226,8.813559163229904,2716.1356298890946,2874.5090045503725
5.0120000000000005,2794.6540532167505,2761.645304988814,8.063734718516772,2722.204271233509,2867.103835199992
5.014,2794.0614971808886,2761.3510299123573,7.331846510549371,2728.187469851577,2859.9355245102
5.016,2793.5865843342535,2761.056557562002,6.582296289621423,2734.4469985493815,2852.7261701191255
5.018,2793.255540625724,2760.7618873984948,5.836989131694985,2740.812273976739,2845.6988072747085
5.0200000000000005,2793.0910331776054,2760.467018882583,5.231137993051746,2746.0911230428433,2840.0909433123675
5.022,2793.104349722773,2760.1719514750143,5.000732824410701,2748.1745478962025,2838.0341515493433
5.024,2793.2978050931997,2759.876684636536,5.292544831776334,2745.746176402064,2840.8494337843354
5.026,2793.6672861767884,2759.5812178278957,5.962076945722803,2740.1001501085548,2847.234422245022
5.0280000000000005,2794.204646117477,2759.285550509842,6.700502774048124,2734.003017206849,2854.4062750281046
5.03,2794.897005623085,2758.9896821431207,7.237007467397101,2729.8750732894214,2859.918937956749
5.032,2795.727075810787,2758.69361218848,7.4134065806858915,2729.120260324846,2862.333891296728
5.034,2796.6732492230167,2758.3973401066673,7.179685149655895,2732.1663374806913,2861.180160965342
5.0360000000000005,2797.7086349774318,2758.1008653584295,6.581997206233094,2738.5717363501903,2856.845533604673
5.038,2798.802191005018,2757.8041874045157,5.797980424960684,2746.709403680689,2850.894978329347
5.04,2799.920684437695,2757.507305705672,5.154835143131806,2753.6063282099462,2846.2350406654436
5.042,2801.0314568533713,2757.210219722647,5.032324730836792,2755.8178130090632,2846.2451006976794
5.0440000000000005,2802.1046433919846,2756.9129289161865,5.495865245101392,2752.7262532643254,2851.483033519644
5.046,2803.114537995823,2756.61543274704,6.1615653076848425,2747.7550701065593,2858.4740058850866
5.048,2804.041249446041,2756.3177306759535,6.542764971178404,2745.2568384657334,2862.825660426349
5.05,2804.870544623133,2756.019822163675,6.320638019384314,2748.081865123566,2861.6592241227
5.0520000000000005,2805.593150781767,2755.721706670952,5.515433763375346,2756.038944492965,2855.1473570705684
5.054,2806.2049762796496,2755.423383658532,5.02923057398794,2761.019132331661,2851.3908202276384
5.056,2806.7061669393415,2755.1248525871633,6.9216997816816805,2744.5171617647607,2868.8951721139224
5.058,2807.0999885986525,2754.826112917593,11.437757427995031,2704.3358153015597,2909.8641618957454
5.0600000000000005,2807.3919326014206,2754.527164110567,17.540421728465557,2649.7974959685657,2964.9863692342756
5.062,2807.588455398699,2754.228005626834,24.46959251643431,2607.588455398699,3007.588455398699
5.064,2807.6960832984137,2753.9286369271426,31.72037379708767,2607.6960832984137,3007.6960832984137
5.066,2807.720945592228,2753.629057472238,38.2898022807353,2607.720945592228,3007.720945592228
5.0680000000000005,2807.668759004106,2753.3292667228698,43.98637568881896,2607.668759004106,3007.668759004106
5.07,2807.544928622321,2753.0292641397846,48.05201039019414,2607.544928622321,3007.544928622321
5.072,2807.3542216227156,2752.72904918373,50.16479746563115,2607.3542216227156,3007.3542216227156
5.074,2807.1000201951924,2752.428621315453,50.16102267225055,2607.1000201951924,3007.1000201951924
5.0760000000000005,2806.7834969925552,2752.1279799957006,48.0411208126526,2606.7834969925552,3006.7834969925552
5.078,2806.402750460745,2751.827124685222,43.94045044153101,2606.402750460745,3006.402750460745
5.08,2805.9529640373244,2751.5260548447636,38.25723435687758,2605.9529640373244,3005.9529640373244
5.082,2805.4272162767843,2751.2247699350737,31.505066678192236,2605.4272162767843,3005.4272162767843
5.0840000000000005,2804.8173106407635,2750.923269416899,24.27758326918489,2604.8173106407635,3004.8173106407635
5.086,2804.114629650942,2750.6215527509876,17.227099239801255,2649.3352838893243,2958.8939754125595
5.088,2803.3099747644387,2750.319619398087,10.987313104592431,2704.5928831441734,2902.027066384704
5.09,2802.392394754105,2750.0174688189436,6.417512432316973,2744.733333186957,2860.051456321253
5.0920000000000005,2801.3483246757014,2749.715100474306,5.0404109291858035,2756.0620292216977,2846.634620129705
5.094,2800.1610110127012,2749.4125138249215,6.519079416798535,2741.5894062953566,2858.732615730046
5.096,2798.812279012882,2749.1097083315367,8.332025042592914,2723.9520041047062,2873.6725539210574
5.098,2797.285795661196,2748.806683454901,9.626032665346155,2710.7993235347703,2883.772267787622
5.1000000000000005,2795.5711416751687,2748.50343865576,10.291030786030248,2703.1098984848845,2888.032384865453
5.102,2793.6704044487537,2748.199973394863,10.367437595477059,2700.5226733121654,2886.818135585342
5.104,2791.6024518021154,2747.8962871329545,9.980477697669723,2701.931417408541,2881.2734861956897
5.106,2789.405476334393,2747.5923793307857,9.279400575612861,2706.033369971006,2872.77758269778
5.1080000000000005,2787.1394813778134,2747.2882494491014,8.426358428717812,2711.4316546221303,2862.8473081334964
5.11,2784.8822333876114,2746.98389694865,7.56935103136283,2716.87431260153,2852.8901541736927
5.112,2782.7244811131163,2746.6793212901794,6.799518226949505,2721.633233654001,2843.815728572232
5.114,2780.761116999057,2746.374521934437,6.150171681625722,2725.5040167784723,2836.0182172196414
5.1160000000000005,2779.0848212097303,2746.06949834217,5.619621141162626,2728.594528470966,2829.5751139484946
5.118,2777.767644823602,2745.7642499741255,5.223108802437481,2730.83987410436,2824.695415542844
5.12,2776.8691360553357,2745.4587762910514,5.015912975724052,2731.8029459804516,2821.93532613022
5.122,2776.4195000560376,2745.1530767536956,5.052444295838619,2731.025089092167,2821.813911019908
5.124,2776.425453047744,2744.847150822806,5.302210196018875,2728.7869845042815,2824.063921591207
5.126,2776.868484087352,2744.5409979591277,5.621233875109928,2726.3637015089594,2827.3732666657447
5.128,2777.7074379061237,2744.23461762341,5.825195619750478,2725.3701317579516,2830.0447440542957
5.13,2778.8813349128704,2743.9280092764016,5.77285603751321,2727.014281253719,2830.7483885720217
5.132,2780.315335542195,2743.6211723788474,5.436579315275317,2731.469608360492,2829.161062723898
5.134,2781.9275777096723,2743.314106391496,5.045162678985732,2736.598589477562,2827.2565659417824
5.136,2783.636148004828,2743.006810775096,5.218963980920902,2736.7456170294167,2830.5266789802395
5.138,2785.367165433249,2742.699284990393,6.586237521585839,2726.1921690840995,2844.542161782398
5.14,2787.0591982622027,2742.3915284981354,8.991667386381364,2706.272272036413,2867.8461244879923
5.142,2788.6653378658452,2742.0835407590707,11.82408381026077,2682.4301597370513,2894.900515994639
5.144,2790.15220449129,2741.7753212339467,14.452534977029718,2660.301329587561,2920.0030793950186
5.146,2791.4969918293523,2741.466869383511,16.308222392358687,2644.9734269919004,2938.020556666804
5.148,2792.6844012279576,2741.15818466851,16.90415276268946,2640.806614443135,2944.56218801278
5.15,2793.7035946591022,2740.8492665496924,15.825615583262888,2651.5160799675373,2935.891109350667
5.152,2794.5464187486405,2740.5401144878056,12.92867780009872,2678.3868573734594,2910.7059801238215
5.154,2795.205892898516,2740.2307279435945,8.47803232452204,2719.0337946091176,2871.3779911879146
5.156,2795.6765013780414,2739.9211063778102,5.000440558849594,2750.7493254533542,2840.6036773027286
5.158,2795.9547348800065,2739.6112492511984,9.747092672195656,2708.380581746045,2883.528888013968
5.16,2796.0401783476063,2739.301156024508,18.152080045791962,2632.9502097701334,2959.1301469250793
5.162,2795.9395355758606,2738.990826158485,27.043383900531797,2595.9395355758606,2995.9395355758606
5.164,2795.6689658675477,2738.680259113877,35.33338878052031,2595.6689658675477,2995.6689658675477
5.166,2795.255469861553,2738.369454351432,42.265920544394135,2595.255469861553,2995.255469861553
5.168,2794.736050840223,2738.058411331897,47.21707655288941,2594.736050840223,2994.736050840223
5.17,2794.153361586561,2737.7471295160203,49.8661750183019,2594.153361586561,2994.153361586561
5.172,2793.551035775715,2737.435608364549,50.100271245911514,2593.551035775715,2993.551035775715
5.174,2792.9571754084045,2737.12384733823,47.954338056106415,2592.9571754084045,2992.9571754084045
5.176,2792.4233340567184,2736.811845897811,43.763327307564005,2592.4233340567184,2992.4233340567184
5.178,2791.9810409554893,2736.4996035040413,37.98713189537694,2591.9810409554893,2991.9810409554893
5.18,2791.6327781629925,2736.1871196176658,31.173053526333767,2591.6327781629925,2991.6327781629925
5.182,2791.3774562430635,2735.8743936994333,23.95926521621889,2591.3774562430635,2991.3774562430635
5.184,2791.206286728695,2735.561425210091,16.928046588480978,2639.1138224365177,2943.2987510208723
5.186,2791.100217024342,2735.248213610387,10.646107538578779,2695.4487357858757,2886.751698262808
5.188,2791.029025183988,2734.9347583610684,5.999799292720343,2737.1229672747872,2844.9350830931885
5.19,2790.953083033359,2734.621058922882,5.396490357429244,2742.467540847476,2839.4386252192417
5.192,2790.8214283545485,2734.3071147565765,8.329268203191548,2715.9859226656695,2865.6569340434276
5.194,2790.588359617939,2733.9929253228984,11.749622793733208,2685.022187179683,2896.1545320561954
5.196,2790.212649331426,2733.6784900825955,14.789090522457581,2657.3379428232784,2923.0873558395733
5.198,2789.67182021017,2733.363808496416,17.11210626994326,2635.9256452914233,2943.417995128917
5.2,2788.963970004993,2733.048880025106,18.468451918792233,2623.0315129250316,2954.896427084954
5.202,2788.109638579637,2732.7337041294145,18.60883626681994,2620.915878175161,2955.3033989841124
5.204,2787.149166184188,2732.4182802700875,17.289286613722716,2631.811089035689,2942.487243332687
5.206,2786.1372650444737,2732.1026079078733,14.431578951519532,2656.4746725598034,2915.799857529144
5.208,2785.137665765429,2731.7866865035203,10.181646845707089,2693.659198287084,2876.616133243774
5.21,2784.214374074333,2731.470515517774,5.653642100268471,2733.4184151453833,2835.010333003283
5.212,2783.424919726988,2731.154094411384,6.94618981368554,2721.0158803447625,2845.833959109213
5.214,2782.814095540658,2730.8374226450956,13.962992125405306,2657.361588652459,2908.266602428857
5.216,2782.40885781211,2730.5204996796583,21.982398027461986,2584.9048475547634,2979.9128680694566
5.218,2782.216839853546,2730.2033249758188,29.69910032071044,2582.216839853546,2982.216839853546
5.22,2782.225609188444,2729.8858979943243,36.406009549492204,2582.225609188444,2982.225609188444
5.222,2782.40681412755,2729.5682181959223,41.5603477985166,2582.40681412755,2982.40681412755
5.224,2782.7203662403185,2729.250285041361,45.381054808445064,2582.7203662403185,2982.7203662403185
5.226,2783.117460385257,2728.9320979913878,46.120402674291256,2583.117460385257,2983.117460385257
5.228,2783.546781663949,2728.613656506749,44.05994171329998,2583.546781663949,2983.546781663949
5.23,2783.9574820371404,2728.294960048194,40.19762968068334,2583.9574820371404,2983.9574820371404
5.232,2784.301325130782,2727.976008076467,34.562972731937556,2584.301325130782,2984.301325130782
5.234,2784.536360924402,2727.6568000523202,27.506588422641677,2584.536360924402,2984.536360924402
5.236,2784.628061746514,2727.3373354364976,19.65467137799938,2608.0378456747435,2961.2182778182846
5.238,2784.5504887247957,2727.0176136897476,11.87389771340485,2677.86775043331,2891.2332270162815
5.24,2784.2865479050342,2726.697634272819,5.823759791221345,2731.9621421643697,2836.610953645699
5.242,2783.8269229858824,2726.377396646456,6.090750657884294,2729.1036994819265,2838.5501464898384
5.244,2783.1694763947867,2726.056900271409,9.820219665055497,2694.938303297406,2871.4006494921673
5.246,2782.3174518953374,2725.7361446084255,12.625652683088967,2668.88046317776,2895.754440612915
5.248,2781.2790424097657,2725.415129118252,14.062636388133201,2654.9312673409386,2907.626817478593
5.25,2780.06844544067,2725.093853261636,14.302335313753623,2651.5670609701174,2908.5698299112228
5.252,2778.706179666725,2724.772316499325,13.652481498733119,2656.0435000721027,2901.368859261347
5.2540000000000004,2777.2206385575096,2724.4505182920666,12.480592219579707,2665.086966395163,2889.354310719856
5.256,2775.6501086499125,2724.128458100609,11.073721565565592,2676.1566678096465,2875.1435494901784
5.258,2774.0410430783368,2723.8061353856992,9.662824983970301,2687.2240050843543,2860.8580810723192
5.26,2772.4462623481168,2723.4835496080836,8.432953594293192,2696.6791803807037,2848.21334431553
5.2620000000000005,2770.9222070993815,2723.160700228511,7.502692810143096,2703.513186669443,2838.33122752932
5.264,2769.521794013187,2722.837586707729,6.929965393656711,2707.258525261436,2831.785062764938
5.266,2768.289826190602,2722.5142085064845,6.6942943643364,2708.1439776281354,2828.4356747530687
5.268,2767.258681661971,2722.1905650855256,6.7581334110908085,2706.5392620209873,2827.9781013029547
5.2700000000000005,2766.4454900902824,2721.866655905598,7.094028757036939,2702.7081705018836,2830.182809678681
5.272,2765.8524722979028,2721.542480427452,7.653963026115055,2697.0843429004335,2834.620601695372
5.274,2765.4667304151662,2721.2180381118333,8.37216344032995,2690.245826311374,2840.6876345189585
5.276,2765.276135322326,2720.8933284194895,9.15469939277819,2683.024424634739,2847.527846009913
5.2780000000000005,2765.2248665709913,2720.5683508111683,9.882853087833167,2676.430954496758,2854.0187786452243
5.28,2765.252423048729,2720.2431047476175,10.43596872811953,2671.488964114497,2859.0158819829608
5.282,2765.314162882403,2719.9175896895845,10.69416481423555,2669.2309041530366,2861.397421611769
5.284,2765.363870623318,2719.5918050978166,10.584497079621611,2670.26593739643,2860.4618038502053
5.2860000000000005,2765.3620249045734,2719.2657504330605,10.093805842987491,2674.6727775231657,2856.051272285981
5.288,2765.2854463065087,2718.939425156065,9.281216958125569,2681.897020393727,2848.6738722192904
5.29,2765.130601505208,2718.6128287275783,8.304232337989207,2690.5200341406894,2839.741168869726
5.292,2764.914244680234,2718.2859606083457,7.342018707361274,2698.948823788629,2830.879665571839
5.2940000000000005,2764.677120506184,2717.9588202591153,6.545367979555031,2705.869322423501,2823.484918588867
5.296,2764.4680116082304,2717.6314071406355,5.981544632433813,2710.725965314504,2818.210057901957
5.298,2764.3465480584528,2717.3037207136535,5.628268083515862,2713.778565625002,2814.9145304919034
5.3,2764.365374960008,2716.975760438917,5.422931808949495,2715.6422657577446,2813.0884841622715
5.3020000000000005,2764.567090781092,2716.6475257771717,5.308386864984124,2716.873127068761,2812.2610544934228
5.304,2764.9812030184385,2716.319016189168,5.255567867909355,2717.761799166547,2812.20060687033
5.306,2765.6176473596947,2715.9902311356504,5.266716905662914,2718.298073377862,2812.9372213415277
5.308,2766.468503968108,2715.66117007737,5.376494715440108,2718.162615497693,2814.774392438523
5.3100000000000005,2767.5087007301654,2715.3318324750703,5.676585026372524,2716.506607788587,2818.5107936717436
5.312,2768.698318555817,2715.0022177895016,6.326382415285662,2711.858027706769,2825.538609404865
5.314,2769.987890697948,2714.67232548141,7.456770434218958,2702.9914664458347,2836.984314950061
5.316,2771.3228551539482,2714.3421550115445,9.075031768835416,2689.786929668536,2852.8587806393607
5.3180000000000005,2772.651820547853,2714.0117058406504,11.031518122442316,2673.5375625998763,2871.7660784958293
5.32,2773.9301950754816,2713.680977429477,13.059259965484134,2656.5973994926635,2891.2629906582997
5.322,2775.1218720541433,2713.349969238771,14.845840031986533,2641.737291432257,2908.5064526760298
5.324,2776.201635270795,2713.0186807292803,16.037061180088546,2632.114357265321,2920.2889132762693
5.3260000000000005,2777.1527630129526,2712.687111361752,16.30677850132527,2630.642171021735,2923.66335500417
5.328,2777.965494197038,2712.355260596934,15.357528630505788,2639.9835739180194,2915.9474144760566
5.33,2778.636662862234,2712.0231278955735,12.94096617563535,2662.3666948132677,2894.9066309112004
5.332,2779.1686298768004,2711.690712718418,9.150077274157045,2696.958447277387,2861.3788124762136
5.3340000000000005,2779.5691204060386,2711.358014526215,5.288118888722194,2732.0572572355377,2827.0809835765394
5.336,2779.8490653018803,2711.0250327797116,7.585468816443952,2711.6963319623183,2848.0017986414423
5.338,2780.0203243755136,2710.6917669396566,14.99331452454122,2645.310738007947,2914.7299107430804
5.34,2780.093381348789,2710.3582164667964,23.503668106739532,2580.093381348789,2980.093381348789
5.3420000000000005,2780.074156231775,2710.024380821878,31.837641795829395,2580.074156231775,2980.074156231775
5.344,2779.964367598754,2709.69025946565,39.14003201541625,2579.964367598754,2979.964367598754
5.346,2779.7632110660675,2709.3558518588598,44.70073494503524,2579.7632110660675,2979.7632110660675
5.348,2779.4700082729114,2709.021157462255,47.90227701126683,2579.4700082729114,2979.4700082729114
5.3500000000000005,2779.086919736173,2708.6861757365823,48.498720244328275,2579.086919736173,2979.086919736173
5.352,2778.6196901879084,2708.35090614259,46.44618933248648,2578.6196901879084,2978.6196901879084
5.354,2778.076463487857,2708.0153481410243,41.92169048486865,2578.076463487857,2978.076463487857
5.356,2777.4649889211264,2707.6795011926347,35.495184537989836,2577.4649889211264,2977.4649889211264
5.3580000000000005,2776.7896314819686,2707.3433647581674,27.863379027691263,2576.7896314819686,2976.7896314819686
5.36,2776.0500494679272,2707.0069382983693,19.864644739504925,2597.573297591794,2954.5268013440605
5.362,2775.2412875738755,2706.6702212739892,12.432997778259903,2663.535234500897,2886.947340646854
5.364,2774.355024160318,2706.333213145774,6.752972015806963,2713.681977816088,2835.028070504548
5.3660000000000005,2773.381896745488,2705.995913374472,5.064870387100405,2727.875841781133,2818.887951709843
5.368,2772.312676712046,2705.6583214208295,6.7231065590282775,2711.9079608508955,2832.717392573197
5.37,2771.1389149752144,2705.3204367455946,8.23648918727806,2697.1369956715766,2845.1408342788523
5.372,2769.8538658541092,2704.982258809514,8.698184309553193,2691.703780456323,2848.0039512518956
5.3740000000000006,2768.4533839510746,2704.6437870733366,8.228415830082737,2694.5240008839437,2842.3827670182054
5.376,2766.938434936248,2704.305020997809,7.140270760681632,2702.785647428892,2831.0912224436042
5.378,2765.318720270779,2703.9659600436794,5.874383818539815,2712.5394756904993,2818.097964851059
5.38,2763.615265403974,2703.626603671695,5.059058708640794,2718.161426298902,2809.0691045090457
5.382,2761.862782063102,2703.2869513426026,5.2511195696011415,2714.6833445858338,2809.04221954037
5.384,2760.106315122428,2702.9470025171495,6.286148776466571,2703.6275091761686,2816.5851210686874
5.386,2758.397633868622,2702.606756656084,7.549074651812567,2690.571889124921,2826.223378612323
5.388,2756.789749472122,2702.266213220154,8.59068056215852,2679.605546923041,2833.973952021203
5.39,2755.328301298334,2701.925371670106,9.167793040871322,2672.958948850095,2837.6976537465725
5.392,2754.046644584745,2701.5842314666884,9.207168550916037,2671.32351721486,2836.76977195463
5.394,2752.961014985435,2701.242792070648,8.733635930743992,2674.4924094086145,2831.429620562256
5.396,2752.0697809823846,2700.9010529427333,7.866612055888765,2681.3910758549528,2822.7484861098164
5.398,2751.3543474443613,2700.5590135436905,6.8166188743704295,2690.1094567640007,2812.599238124722
5.4,2750.780279023696,2700.2166733342674,5.848034468924312,2698.237773957014,2803.3227840903783
5.402,2750.3052533430214,2699.8740317752113,5.211098596185453,2703.485390045701,2797.1251166403417
5.404,2749.88334615128,2699.531088327271,5.000871521009471,2704.9522981852106,2794.8143941173494
5.406,2749.469699871587,2699.1878424511933,5.100751923906543,2703.6412620896454,2795.298137653529
5.408,2749.029048630634,2698.8442936077254,5.32964977738237,2701.1440452299507,2796.914052031317
5.41,2748.53808803711,2698.5004412576145,5.593228420869283,2698.2849244820236,2798.791251592196
5.412,2747.987780426133,2698.156284861609,5.897140434707468,2695.0040757615902,2800.971485090676
5.414,2747.3829083448286,2697.8118238804554,6.300487770948369,2690.7752716445416,2803.9905450451156
5.416,2746.738840897207,2697.4670577749025,6.8562739378352076,2685.137663607373,2808.340018187041
5.418,2746.0783929138697,2697.1219860056963,7.569709259737284,2678.067253573541,2814.0895322541983
5.42,2745.4247523391464,2696.7766080335855,8.375830962710783,2670.1708968541166,2820.678607824176
5.422,2744.7984179926398,2696.430923319316,9.170415982005569,2662.405499353304,2827.1913366319754
5.424,2744.215464242721,2696.084931323637,9.853593298090956,2655.6844409491455,2832.746487536296
5.426,2743.6851359564766,2695.7386315072968,10.362319212687074,2650.583391664717,2836.7868802482362
5.428,2743.2115222232014,2695.39202333104,10.738523592163544,2646.729715686633,2839.69332875977
5.43,2742.7949361541155,2695.0451062556167,11.049271947223229,2643.5211664191515,2842.0687058890794
5.432,2742.43300650811,2694.697879741772,11.363849429294326,2640.3328702335134,2844.5331427827064
5.434,2742.122037261101,2694.350343250255,11.717589914816188,2636.843668821221,2847.400405700981
5.436,2741.857576198753,2694.002496241814,12.10351088512504,2633.111845409088,2850.6033069884184
5.438,2741.635515467127,2693.6543381771935,12.48681519035251,2629.4459321306763,2853.8250988035775
5.44,2741.452574641388,2693.305868517145,12.834660783081969,2626.137722650053,2856.7674266327226
5.442,2741.3066974146723,2692.957086722412,13.13193865881058,2623.320909679938,2859.2924851494067
5.444,2741.197794229503,2692.607992253744,13.376906042915309,2621.011061871598,2861.384526587408
5.446,2741.1275144389942,2692.25858457189,13.573055323220268,2619.1784507184725,2863.076578159516
5.448,2741.09852261568,2691.9088631375944,13.69906582752915,2618.0172994326435,2864.1797457987163
5.45,2741.1133547921763,2691.558827411606,13.703531407553204,2617.9920099644596,2864.234699619893
5.452,2741.1730306569443,2691.2084768546733,13.537388913039024,2619.5444169179705,2862.801644395918
5.454,2741.275907531497,2690.8578109275436,13.160365138950645,2623.034718005832,2859.517097057162
5.456,2741.417021116994,2690.506829090963,12.572852736216841,2628.454421100576,2854.379621133412
5.458,2741.5881018544824,2690.155530805679,11.832139142803756,2635.2805494342574,2847.8956542747073
5.46,2741.7780251503164,2689.8039155324414,11.019692618422788,2642.770015140543,2840.78603516009
5.462,2741.973842320785,2689.451982731995,10.22822138470663,2650.076919211858,2833.8707654297123
5.464,2742.1617513251385,2689.099731865089,9.521315901142088,2656.616121996921,2827.7073806533563
5.466,2742.3280701515664,2688.7471623924703,8.943439577456555,2661.9744535973,2822.681686705833
5.468,2742.4609698636295,2688.3942737748857,8.524400574711928,2665.872269375068,2819.0496703521912
5.47,2742.5513528084357,2688.041065473084,8.270513750114299,2668.243734936379,2816.8589706804923
5.472,2742.5938645339074,2687.687536947812,8.190633926520576,2669.0039384022466,2816.1837906655683
5.474,2742.5875564696794,2687.3336876598173,8.27739547511779,2668.21810875158,2816.9570041877787
5.476,2742.535799315886,2686.979517069848,8.494707957417717,2666.2138764092474,2818.8577222225244
5.478,2742.446298525399,2686.62502463865,8.779021956710952,2663.569915683927,2821.322681366871
5.48,2742.329085825139,2686.270209826972,9.043329872323646,2661.077990579176,2823.580181071102
5.482,2742.1958848431254,2685.915072095562,9.21979739540761,2659.359291807262,2825.032477878989
5.484,2742.0592586548073,2685.5596109051667,9.280004087255744,2658.6817299544414,2825.4367873551732
5.486,2741.931122110441,2685.203825716534,9.25732231087437,2658.757381085536,2825.1048631353456
5.488,2741.8219676990198,2684.8477159904096,9.236063670020387,2658.839227984165,2824.8047074138744
5.49,2741.739600987104,2684.491281187544,9.315097017616823,2658.046774816947,2825.432427157261
5.492,2741.687222187173,2684.1345207686827,9.582974600145809,2655.5876114277544,2827.786832946592
5.494,2741.662826422602,2683.777434194574,10.083656533065394,2651.064766972941,2832.260885872263
5.496,2741.6591274070483,2683.420020925964,10.824654364320777,2644.4034665855033,2838.9147882285934
5.498,2741.6646048207217,2683.0622804236027,11.774061013565406,2635.878863688714,2847.4503459527295
5.5,2741.6657499169005,2682.7042121482345,12.864977526928877,2626.0785127890476,2857.2529870447534
5.502,2741.6494555147574,2682.3458155606113,14.019439410700718,2615.689789889825,2867.6091211396897
5.5040000000000004,2741.6049330673864,2681.9870901214745,15.153043955616516,2605.460234700024,2877.7496314347486
5.506,2741.5244352278414,2681.6280352915774,16.18152958399873,2596.1391601115834,2886.9097103440995
5.508,2741.402859644445,2681.2686505316633,17.02242585973139,2588.462431243264,2894.343288045626
5.51,2741.2368639418164,2680.9089353024838,17.594339490671942,2583.1579954354893,2899.3157324481435
5.5120000000000005,2741.023834770297,2680.548889064782,17.840348852447107,2580.734659842862,2901.313009697732
5.514,2740.761363004667,2680.1885112793084,17.722981870322545,2581.526688574059,2899.9960374352754
5.516,2740.4480555528107,2679.8278014068082,17.23017583967944,2585.641067637997,2895.2550434676245
5.518,2740.0840902652462,2679.4667589080327,16.398494132450853,2592.7494660220445,2887.418714508448
5.5200000000000005,2739.6721795744947,2679.1053832437256,15.2805337059983,2602.3820312459566,2876.962327903033
5.522,2739.2185734248146,2678.7436738746355,13.952834001152686,2613.85733366198,2864.579813187649
5.524,2738.7332819162566,2678.3816302615105,12.526697832558964,2626.185367256463,2851.28119657605
5.526,2738.230091407621,2678.0192518650974,11.123965188516987,2638.2852295253756,2838.174953289866
5.5280000000000005,2737.7255616940593,2677.656538146144,9.877029975332164,2648.983968209895,2826.4671551782235
5.53,2737.237711020309,2677.2934885653976,8.892924861426684,2657.3379511826956,2817.137470857922
5.532,2736.783945918936,2676.930102583607,8.234614133991974,2662.798873300677,2810.769018537195
5.534,2736.3780739186814,2676.566379661518,7.916477620325886,2665.2513444702554,2807.5048033671073
5.5360000000000005,2736.028076100783,2676.202319259879,7.887070451939454,2665.1655595775974,2806.8905926239686
5.538,2735.734343698386,2675.8379208394363,8.07582194838045,2663.175962263529,2808.292725133243
5.54,2735.489744121313,2675.4731838609396,8.389995977563325,2660.108621027206,2810.87086721542
5.542,2735.2811438126137,2675.1081077851345,8.704117114376789,2657.0777542783417,2813.4845333468857
5.5440000000000005,2735.0918660756793,2674.7426920727694,8.91787361646497,2654.9679505674776,2815.215781583881
5.546,2734.9051665357692,2674.3769361845907,8.970489721913303,2654.3085140760672,2815.5018189954712
5.548,2734.7059564140145,2674.0108395813477,8.866082562698317,2655.047365062058,2814.364547765971
5.55,2734.4818167882477,2673.6444017237864,8.6696293763094,2656.5882872867396,2812.3753462897557
5.5520000000000005,2734.223331017761,2673.2776220726537,8.472649728314716,2658.0995934365624,2810.34706859896
5.554,2733.9241804064404,2672.9105000887002,8.374852050012361,2658.6791201030546,2809.169240709826
5.556,2733.5800870066223,2672.5430352326707,8.433617232040982,2657.807042490611,2809.3531315226337
5.558,2733.1913821058365,2672.1752269653125,8.658295481608471,2655.3996836080464,2810.9830806036266
5.5600000000000005,2732.762045757226,2671.807074747374,9.031983923533907,2651.6128898166726,2813.9112016977797
5.562,2732.3010760223688,2671.438578039604,9.506401280499125,2646.8894492440445,2817.712702800693
5.564,2731.8220358828307,2671.0697363027484,10.034874246328549,2641.662267890181,2821.9818038754806
5.566,2731.3426937127806,2670.7005489975545,10.603721632647456,2636.072034729892,2826.613352695669
5.5680000000000005,2730.8837370699625,2670.3310155847694,11.226959791377308,2630.0135053952877,2831.7539687446374
5.57,2730.4665669310143,2669.9611355251436,11.949674068798384,2623.1030050981562,2837.8301287638724
5.572,2730.111952422856,2669.5909082794205,12.815499123360082,2614.9692611136056,2845.2546437321066
5.574,2729.8380936089247,2669.2203333083507,13.848423559705584,2605.414944443521,2854.2612427743284
5.5760000000000005,2729.65838733127,2668.8494100726793,15.034108435497101,2594.582282215485,2864.7344924470553
5.578,2729.5798596498316,2668.478138033157,16.29131427137379,2583.2082082522265,2875.9515110474367
5.58,2729.6015087596484,2668.106516650527,17.50569426183057,2572.3190860352815,2886.883931484015
5.582,2729.713703635302,2667.734545385542,18.539088206059372,2563.146604693815,2896.280802576789
5.5840000000000005,2729.8982223868493,2667.362223698943,19.24524746486666,2556.9865342280914,2902.809910545607
5.586,2730.1291246276824,2666.989551051485,19.505412633424122,2554.879945169969,2905.378304085396
5.588,2730.3754441504857,2666.616526903909,19.233112656302296,2557.5727829210086,2903.1781053799627
5.59,2730.6032806882617,2666.243150716966,18.401881420074027,2565.2689358090374,2895.937625567486
5.5920000000000005,2730.7787156736613,2665.869421951402,17.035840799763466,2577.7177588182876,2883.839672529035
5.594,2730.8716543900896,2665.4953400679656,15.207059260578285,2594.2416477623683,2867.501661017811
5.596,2730.858240913222,2665.1209045274036,13.053322272619335,2613.578793384197,2848.1376884422466
5.598,2730.7236584550474,2664.746114790465,10.743700822806519,2634.1953363466682,2827.2519805634265
5.6000000000000005,2730.463964667208,2664.370970317895,8.494773791034744,2654.141450268988,2806.786479065428
5.602,2730.086378844648,2663.9954705704413,6.5913345511475345,2670.8655875018144,2789.307170187482
5.604,2729.608593430408,2663.6196150088526,5.37679749104787,2681.299984629087,2777.917202231729
5.606,2729.055892380135,2663.2434030938775,5.00013326901564,2684.1314773450667,2773.9803074152032
5.6080000000000005,2728.458227308078,2662.866834286261,5.1739458948117365,2681.972167788855,2774.9442868273013
5.61,2727.8466878589093,2662.4899080467508,5.405727682443445,2679.2781516005834,2776.415224117235
5.612,2727.2496490072676,2662.1126238360957,5.427266493314425,2678.487594211161,2776.011703803374
5.614,2726.6908578861876,2661.7349811150434,5.239915666249305,2679.6120834867043,2773.769632285671
5.6160000000000005,2726.1877771780887,2661.3569793443403,5.03075071441215,2680.9882753102697,2771.3872790459077
5.618,2725.7505263827006,2660.9786179847333,5.055323010465575,2680.3302511940765,2771.170801571325
5.62,2725.3821311622664,2660.5998964969726,5.440823133855602,2676.4982747834047,2774.265987541128
5.622,2725.0788010810707,2660.2208143418025,6.102051967318047,2670.2540393404065,2779.903562821735
5.6240000000000006,2724.8310959187293,2659.8413709799725,6.871197043627467,2663.0958398429602,2786.5663519944983
5.626,2724.625190774927,2659.4615658722296,7.62846130482761,2656.08618525268,2793.164196297174
5.628,2724.4443206879205,2659.0813984793217,8.335021377809804,2649.5571247759185,2799.3315165999225
5.63,2724.270942459304,2658.7008682619953,9.004923773870019,2643.3649123174055,2805.1769726012026
5.632,2724.087753010534,2658.3199746809987,9.67751570152196,2637.138724156119,2811.036781864949
5.634,2723.87898952711,2657.9387171970784,10.384832081863053,2630.5749751309195,2817.183003923301
5.636,2723.631844575409,2657.557095270984,11.13056856793837,2623.6276536829555,2823.6360354678627
5.638,2723.337164120818,2657.1751083634604,11.883300728915504,2616.5699430868426,2830.104385154794
5.64,2722.9906163549854,2656.7927559352574,12.55466060295665,2610.191466170999,2835.789766538972
5.642,2722.593227255567,2656.4100374471195,13.019096609469868,2605.6212851095897,2839.565169401544
5.644,2722.1515738857443,2656.0269523597985,13.151707941443464,2603.9881661936683,2840.31498157782
5.646,2721.6775464520665,2655.6435001340387,12.849311337028972,2606.23106445597,2837.124028448163
5.648,2721.186841035557,2655.2596802305884,12.090213423211859,2612.5605832010633,2829.8130988700505
5.65,2720.697731530142,2654.8754921101954,10.960183813911696,2622.2243869159215,2819.1710761443624
5.652,2720.229282873635,2654.4909352336063,9.628872433221758,2633.7172964451333,2806.7412693021365
5.654,2719.799237369228,2654.1060090615692,8.316156847827024,2645.081532534522,2794.5169422039344
5.656,2719.4218345466466,2653.720713054832,7.210643753529222,2654.636770784268,2784.2068983090253
5.658,2719.1074043768704,2653.3350466741413,6.4213303575340275,2661.414040112615,2776.8007686411256
5.66,2718.859196749561,2652.949009380246,5.9498299352332555,2665.4020957049097,2772.316297794212
5.662,2718.674998945869,2652.562600633893,5.7276681890511485,2667.2139419971313,2770.1360558946067
5.664,2718.5474075734405,2652.1758198958278,5.699488533624176,2667.3395347835717,2769.7552803633093
5.666,2718.465710623212,2651.7886666268014,5.851765426225571,2665.8896842351446,2771.0417370112796
5.668,2718.417440326208,2651.4011402875576,6.213651698973238,2662.589994778345,2774.2448858740713
5.67,2718.389858875797,2651.013240338848,6.8303895097695,2657.0212439451657,2779.7584738064284
5.672,2718.370881174324,2650.624966241415,7.7057258554353005,2649.1376812072,2787.604081141448
5.674,2718.3490094622653,2650.236317456012,8.773754827604149,2639.519949898255,2797.1780690262754
5.676,2718.3134753776244,2649.8472934433817,9.907655989860315,2629.296718070116,2807.3302326851326
5.678,2718.2547253456805,2649.457893664274,10.96058203393297,2619.7778028665216,2816.7316478248395
5.68,2718.165286985539,2649.0681175794357,11.815149318692676,2612.010382078625,2824.320191892453
5.682,2718.0410609500914,2648.677964649614,12.387246076604931,2606.746070607469,2829.336051292714
5.684,2717.88225843722,2648.2874343355566,12.640456358451198,2604.3122639735484,2831.452252900892
5.686,2717.6937805233397,2647.8965260980126,12.581566242786032,2604.652892756483,2830.734668290196
5.688,2717.4847394296726,2647.5052393977267,12.232180499029445,2607.5829580256645,2827.3865208336806
5.69,2717.2671703229985,2647.113573695447,11.63182164842756,2612.759399182986,2821.774941463011
5.692,2717.0549101559545,2646.7215284519248,10.833695253074017,2619.7180201717483,2814.3918001401607
5.694,2716.862383569807,2646.3291031279023,9.896452246843477,2627.9462878995305,2805.778479240084
5.696,2716.7032279179207,2645.9362971841283,8.888172548847646,2636.8461659147833,2796.560289921058
5.698,2716.5895578531527,2645.5431100813526,7.87746994703582,2645.8132984442545,2787.3658172620508
5.7,2716.530646961928,2645.149541280323,6.934696610925629,2654.2248699095426,2778.8364240143137
5.702,2716.5313310787456,2644.7555902417835,6.129033649554398,2661.4641485412917,2771.5985136161994
5.704,2716.591085052963,2644.361256426483,5.521664559033804,2666.980897286249,2766.2012728196773
5.706,2716.7032071070316,2643.9665392951697,5.155284930916618,2670.384809696371,2763.021604517692
5.708,2716.8553013897613,2643.571438308592,5.012615574750974,2671.8187372872026,2761.89186549232
5.71,2717.030283683492,2643.175952927495,5.007731828783369,2672.037598297554,2762.0229690694305
5.712,2717.208128195051,2642.780082612627,5.032085223403958,2671.99663623965,2762.419620150452
5.714,2717.3680560305365,2642.383826824736,5.021783421406732,2672.249122093819,2762.486989967254
5.716,2717.4896625794645,2641.9871850245713,5.000035437854828,2672.5661265225026,2762.4131986364264
5.718,2717.5541836746083,2641.590156672876,5.069188907971902,2672.0093283396372,2763.0990390095794
5.72,2717.545741440076,2641.1927412304026,5.342448203475768,2669.5457487431718,2765.5457341369806
5.722,2717.452152117023,2640.794938157894,5.8533546218833825,2664.8618473724678,2770.0424568615786
5.724,2717.2662233744268,2640.3967469161016,6.5338144307798265,2658.56222980902,2775.9702169398333
5.726,2716.9867873686085,2639.99816696577,7.273666171295935,2651.6354896480652,2782.3380850891517
5.728,2716.619006314839,2639.5991977676485,7.978271895624793,2644.9370773305286,2788.30093529915
5.73,2716.1740920763623,2639.199838782483,8.584784062236972,2639.0428674771633,2793.3053166755612
5.732,2715.66790928627,2638.8000894710226,9.052896682641387,2634.330859659863,2797.004958912677
5.734,2715.1196592169113,2638.3999492940134,9.352071136838353,2631.094633765636,2799.1446846681865
5.736,2714.549587945038,2637.999417712204,9.459570870461256,2629.558715707366,2799.5404601827104
5.738,2713.9773403700297,2637.5984941863426,9.37071998852515,2629.7847616340655,2798.169919105994
5.74,2713.419949796996,2637.197178177173,9.11550752708505,2631.5203640520194,2795.319535541973
5.742,2712.890402764922,2636.7954691454484,8.766628860546698,2634.1253674747445,2791.6554380550992
5.744,2712.3965957161327,2636.39336655191,8.430437488095965,2636.6521200659904,2788.141071366275
5.746,2711.9411851961922,2635.9908698573095,8.215968756836007,2638.123634645201,2785.7587357471834
5.748,2711.5217678900117,2635.5879785223938,8.210489295497856,2637.7534483458917,2785.2900874341317
5.75,2711.1319090032475,2635.1846920079106,8.459296860281565,2635.128142181458,2787.135675825037
5.752,2710.7622696762787,2634.7810097746055,8.955572258466088,2630.299645308053,2791.2248940445043
5.7540000000000004,2710.4020523632953,2634.3769312832273,9.648612607214861,2623.712707508204,2797.0913972183866
5.756,2710.040548366561,2633.972455994525,10.450374425756348,2616.1476593742314,2803.9334373588904
5.758,2709.6683147172544,2633.5675833692435,11.265618005780475,2608.45075276658,2810.8858766679286
5.76,2709.278632714366,2633.162312868131,12.0180199777107,2601.3010072530537,2817.256258175678
5.7620000000000005,2708.868832365917,2632.7566439519355,12.66188636334898,2595.106296947348,2822.6313677844864
5.764,2708.441035663348,2632.350576081404,13.182266911350558,2590.003066519949,2826.879004806747
5.766,2708.002363048585,2631.9441087172854,13.575692376681081,2586.0296063427427,2829.975119754427
5.768,2707.5640481843516,2631.5372413203263,13.842698004133185,2583.1923410947893,2831.935755273914
5.7700000000000005,2707.1395518340314,2631.1299733512724,13.988297985899111,2581.4596808100227,2832.81942285804
5.772,2706.742195134115,2630.7223042708733,14.013481787279535,2580.83605663192,2832.6483336363094
5.774,2706.382813901834,2630.3142335398766,13.924520897988053,2581.2759572782215,2831.489670525447
5.776,2706.0682483683945,2629.9057606190295,13.735867746544951,2582.656373061704,2829.480123675085
5.7780000000000005,2705.800715853854,2629.496884969078,13.454889318539749,2584.9133315629983,2826.6881001447096
5.78,2705.5782287319753,2629.087606050772,13.090424013833024,2587.9654352837256,2823.191022180225
5.782,2705.3972951949927,2628.6779233248576,12.654521256775016,2591.700932633566,2819.0936577564194
5.784,2705.2494986420265,2628.267836252082,12.182747976964636,2595.791850827663,2814.70714645639
5.7860000000000005,2705.127694036913,2627.8573442931934,11.721239612800204,2599.8165343616465,2810.4388537121795
5.788,2705.0258376757706,2627.4464469089394,11.357303324598417,2602.9845158183907,2807.0671595331505
5.79,2704.940104224361,2627.035143560066,11.161091261021637,2604.661677814915,2805.2185306338074
5.792,2704.8696431011886,2626.6234337073242,11.179581654364595,2604.4250870987876,2805.3141991035895
5.7940000000000005,2704.8166891076703,2626.2113168114574,11.411306718153284,2602.2901660096763,2807.3432122056643
5.796,2704.786048881415,2625.7987923332153,11.80579718575394,2598.71516955522,2810.8569282076096
5.798,2704.7838794660333,2625.385859733345,12.270762365265325,2594.535453747093,2815.0323051849737
5.8,2704.8159950317768,2624.972518472594,12.711797491554945,2590.605025917992,2819.0269641455616
5.8020000000000005,2704.8861032374402,2624.558768011709,13.060796873113315,2587.5394990874324,2822.232707387448
5.804,2704.9945103374575,2624.1446078114395,13.300795719720384,2585.4916021025715,2824.4974185723436
5.806,2705.137426193082,2623.730037332531,13.457018676107403,2584.2309103835287,2826.043942002635
5.808,2705.3068659790983,2623.315056035732,13.567026667797846,2583.411967578525,2827.2017643796717
5.8100000000000005,2705.491250913805,2622.8996633817883,13.654116483086717,2582.813881567585,2828.1686202600245
5.812,2705.676444259651,2622.4838588314515,13.706331748880272,2582.5299393633427,2828.822949155959
5.814,2705.847182039235,2622.0676418454645,13.678035754617529,2582.954906564764,2828.7394575137064
5.816,2705.9888346481353,2621.6510118845777,13.516478373605901,2584.548094652032,2827.4295746442385
5.8180000000000005,2706.0892609087214,2621.2339684095373,13.191011180654089,2587.572727622681,2824.6057941947615
5.82,2706.140901692647,2620.816510881092,12.713742825316531,2591.9124544484634,2820.36934893683
5.822,2706.1420944884526,2620.3986387599875,12.147017829767542,2597.005469310004,2815.278719666901
5.824,2706.0974944687227,2619.9803515069725,11.588398309359864,2601.9798665512067,2810.215122386239
5.8260000000000005,2706.0175209787208,2619.561648582794,11.15293230452091,2605.8123998850274,2806.222642072414
5.828,2705.9164712239017,2619.1425294482,10.94599695962886,2607.5705904382544,2804.262352009549
5.83,2705.81036085409,2618.7229935639375,11.049280043310967,2606.5365183786635,2805.0842033295166
5.832,2705.7143124411555,2618.3030403907537,11.586023170456532,2601.618024300025,2809.810600582286
5.8340000000000005,2705.640209657546,2617.882669389398,12.418864894231463,2594.0611355096435,2817.219283805449
5.836,2705.5949481249827,2617.461880020615,13.547334320000266,2583.876978449681,2827.3129178002846
5.838,2705.579713181762,2617.0406717451556,14.853305464155515,2572.1280583130247,2839.0313680504996
5.84,2705.589622454639,2616.6190440237633,16.17853385029952,2560.2312629377857,2850.9479819714925
5.8420000000000005,2705.6155557957263,2616.196996317188,17.360942321883453,2549.6336776523635,2861.597433939089
5.844,2705.645913910875,2615.774528086178,18.26887477577292,2541.506586318096,2869.785241503654
5.846,2705.668805563155,2615.351638791479,18.834849214505628,2536.444399390086,2874.8932117362237
5.848,2705.673638172668,2614.9283278938397,19.060194839340795,2534.4245818889376,2876.922694456398
5.8500000000000005,2705.651725405349,2614.5045948540064,19.010354028709013,2534.8504710384964,2876.452979772202
5.852,2705.5959206373605,2614.080439132728,18.78724864222381,2536.7991886381674,2874.3926526365535
5.854,2705.499788476869,2613.655860190752,18.49926922419003,2539.290448893289,2871.709128060449
5.856,2705.3570439798764,2613.230857488823,18.241363317810634,2541.4648970299368,2869.249190929816
5.8580000000000005,2705.1617720311274,2612.8054304876914,18.060633941208692,2542.893414105734,2867.430129956521
5.86,2704.9092772073545,2612.3795786481046,17.952991754061436,2543.608045962494,2866.210508452215
5.862,2704.5973960277106,2611.95330143081,17.865235852496337,2544.08462027625,2865.110171779171
5.864,2704.2272643347246,2611.526598296553,17.7137575218379,2545.0754673870665,2863.3790612823827
5.8660000000000005,2703.8032124346087,2611.0994687060843,17.41699764430404,2547.31769720122,2860.288727667997
5.868,2703.331813858446,2610.671912120149,16.90826085346645,2551.4171173423947,2855.246510374497
5.87,2702.8204552295447,2610.2439279994946,16.168555931049287,2557.5517437603467,2848.0891666987427
5.872,2702.2761792463793,2609.8155158048703,15.22076656061678,2565.5230174140247,2839.029341078734
5.8740000000000006,2701.7050443951725,2609.386674997022,14.109145765606637,2574.939399148847,2828.470689641498
5.876,2701.112227961956,2608.957405036698,12.897561624649969,2585.232234331264,2816.9922215926476
5.878,2700.502488438806,2608.527705384646,11.648070347127787,2595.848728533111,2805.1562483445005
5.88,2699.8807332616416,2608.097575501614,10.421713765259911,2606.2453500872666,2793.5161164360165
5.882000000000001,2699.2524249496296,2607.6670148483463,9.278780523910942,2615.885889529756,2782.6189603695034
5.884,2698.621899232549,2607.2360228855946,8.27939022608058,2624.234529388114,2773.009269076984
5.886,2697.997567538589,2606.804599074103,7.48846674168652,2630.716363262596,2765.278771814582
5.888,2697.3875248254067,2606.3727428746224,6.948729073104191,2634.9556711024693,2759.819378548344
5.89,2696.80042401241,2605.940453747897,6.675640612276058,2636.8221727627415,2756.7786752620787
5.892,2696.244624568414,2605.507731154677,6.674379022244428,2636.2777082554635,2756.2115408813647
5.894,2695.726751160055,2605.074574555707,6.9440858022490515,2633.336615570574,2758.1168867495358
5.896,2695.250037395872,2604.6409834117385,7.47792161069254,2628.063577362859,2762.4364974288846
5.898,2694.812923698494,2604.2069571835136,8.237661932843174,2620.800467694,2768.8253797029884
5.9,2694.408698439333,2603.7724953317843,9.134669898493394,2612.3369456180226,2776.4804512606433
5.902,2694.0262556345974,2603.337597317296,10.05836365652193,2603.6554436645806,2784.397067604614
5.904,2693.652253004567,2602.902262600798,10.910503252285482,2595.625270527032,2791.6792354821014
5.906,2693.273813576451,2602.4664906430357,11.642558337906465,2588.6695771087557,2797.8780500441467
5.908,2692.880839721623,2602.0302809047585,12.265029954394759,2582.683917670934,2803.077761772312
5.91,2692.4677673542296,2601.593632846712,12.825658035360052,2577.2338018419855,2807.701732866474
5.912,2692.034059398289,2601.1565459296444,13.395055437062252,2571.6842612036507,2812.3838575929276
5.914,2691.5840580731315,2600.7190196143033,14.028589323735147,2565.542183741235,2817.625932405028
5.916,2691.1257489263194,2600.2810533614365,14.741329193271284,2558.68016093553,2823.571336917109
5.918,2690.6697177833234,2599.842646631793,15.50578506385578,2551.3557662993157,2829.983669267331
5.92,2690.2280117047294,2599.4037988861155,16.259855800650136,2544.139003452641,2836.3170199568176
5.922,2689.812482570207,2598.9645095851565,16.93271726972446,2537.678053872005,2841.946911268409
5.924,2689.433402940945,2598.5247781896605,17.468581567092254,2532.4844245493177,2846.3823813325725
5.926,2689.098429595843,2598.0846041603772,17.843750788309247,2528.7786894873675,2849.418169704318
5.928,2688.8116904533217,2597.643986958052,18.071408343628942,2526.446528362911,2851.1768525437324
5.93,2688.5735840357133,2597.2029260434347,18.188113963460076,2525.1598635529276,2851.987304518499
5.932,2688.38084044839,2596.7614208772693,18.23910853058902,2524.5089519578773,2852.2527289389022
5.934,2688.2273768825207,2596.319470920307,18.265334968396925,2524.1198531971877,2852.3349005678538
5.936,2688.1052292119957,2595.877075633293,18.292192615568148,2523.7563991407183,2852.454059283273
5.938,2688.0053544336524,2595.4342344769766,18.329201092646134,2523.3240163881637,2852.686692479141
5.94,2687.9188052388217,2594.990946912104,18.370419671657732,2522.8671329540143,2852.970477523629
5.942,2687.8374253167835,2594.547212399422,18.399430181045037,2522.5251039464465,2853.1497466871206
5.944,2687.7540904766906,2594.103030399679,18.393647967789686,2522.4937202312794,2853.014460722102
5.946,2687.6626228811715,2593.6584003736234,18.328908610653098,2522.98391268213,2852.341333080213
5.948,2687.557511041048,2593.213321782002,18.192050352327318,2524.108423507487,2851.0065985746096
5.95,2687.4336032537135,2592.7677940855615,17.99120490784541,2525.7890404438667,2849.0781660635603
5.952,2687.2861767754052,2592.321816745049,17.757729540695166,2527.7393069129284,2846.833046637882
5.954,2687.1115283714084,2591.8753892212153,17.548332082524265,2529.4460200271233,2844.7770367156936
5.956,2686.9079721223793,2591.4285109748034,17.427265289470522,2530.330205757256,2843.4857384875027
5.958,2686.676690142389,2590.9811814665645,17.44548479795593,2529.935227988194,2843.4181522965837
5.96,2686.4220643678996,2590.5334001572446,17.622955607825592,2528.0860902496743,2844.758038486125
5.962,2686.1515298137642,2590.08516650759,17.940966553795814,2524.9583407066925,2847.344718920836
5.964,2685.8743157479867,2589.6364799783514,18.364162460422598,2520.878862275632,2850.8697692203414
5.966,2685.5999273657117,2589.187340030272,18.837751409059283,2516.3494460091174,2854.850408722306
5.968,2685.336579711706,2588.7377461241035,19.333983440845152,2511.6276304403086,2859.045528983103
5.97,2685.0898579931636,2588.287697720589,19.84591550824023,2506.781381583574,2863.3983344027533
5.972,2684.862001966152,2587.8371942804806,20.36993098334531,2501.8454333074424,2867.878570624862
5.974,2684.6515351305643,2587.3862352645224,20.888199449817606,2496.978509046676,2872.3245612144524
5.976,2684.4537997813227,2586.934820133465,21.34890323487754,2492.641514414785,2876.2660851478604
5.978,2684.2617418117766,2586.4829483480526,21.670286393789407,2489.5619433251973,2878.961540298356
5.98,2684.06700899596,2586.030619369035,21.76426669944535,2488.5228309640247,2879.611187027895
5.982,2683.861817723771,2585.5778326571576,21.563459631584895,2490.1218196152868,2877.601815832255
5.984,2683.6347479977044,2585.12458767317,21.066706803917924,2494.3578969693676,2872.911599026041
5.986,2683.390559220973,2584.670883877818,20.339564040738622,2500.6468267167443,2866.134291725202
5.988,2683.1311231356663,2584.216720731852,19.503289231243038,2507.901021689625,2858.3612245817076
5.99,2682.86118328825,2583.762097696016,18.708002947345864,2514.776445608988,2850.9459209675115
5.992,2682.5871347758066,2583.3070142310594,18.08502487731282,2520.099632984103,2845.07463656751
5.994,2682.3150061316987,2582.8514697977294,17.72319645766038,2523.0784037103535,2841.551608553044
5.996,2682.049078156777,2582.395463856773,17.63967891371322,2523.562851096473,2840.535305217081
5.998,2681.791351183189,2581.938995868938,17.79528634162984,2521.907046852108,2841.6756555142697
6.0,2681.54148814988,2581.482065294971,18.118724470725887,2518.751207524184,2844.331768775576
6.002,2681.2976737331073,2581.024671595621,18.531767423629827,2514.796349412126,2847.7989980540888
6.0040000000000004,2681.057600611559,2580.5668142316354,18.987602040973123,2510.4607647441594,2851.6544364789584
6.006,2680.8191928175056,2580.1084926637623,19.481400956646127,2505.78574971625,2855.8526359187613
6.008,2680.581095505309,2579.649706352746,20.044134838159064,2500.491689075228,2860.67050193539
6.01,2680.342816359531,2579.190454759338,20.713869647126423,2494.2360814098433,2866.4495513092184
6.0120000000000005,2680.1051255632565,2578.7307373442814,21.506085664072724,2486.880612100891,2873.329639025622
6.014,2679.8703560500253,2578.270553568329,22.38774398631888,2479.8703560500253,2879.8703560500253
6.016,2679.642443382696,2577.8099028922234,23.276179934052376,2479.642443382696,2879.642443382696
6.018,2679.427337509618,2577.348784776716,24.05319821711627,2479.427337509618,2879.427337509618
6.0200000000000005,2679.2322218771264,2576.8871986825507,24.594331062662445,2479.2322218771264,2879.2322218771264
6.022,2679.06473046041,2576.4251440704775,24.800466786411267,2479.06473046041,2879.06473046041
6.024,2678.931663138424,2575.962620401243,24.61033417122232,2478.931663138424,2878.931663138424
6.026,2678.8379562983355,2575.4996271355963,24.023869077455558,2478.8379562983355,2878.8379562983355
6.0280000000000005,2678.7861055986978,2575.036163734281,23.08631525112882,2478.7861055986978,2878.7861055986978
6.03,2678.7756829905306,2574.572229658049,21.870947528446045,2482.273015738316,2875.278350242745
6.032,2678.803434050882,2574.107824367645,20.483735576296223,2494.7643716921934,2862.8424964095707
6.034,2678.8635145912813,2573.642947323818,18.743504684967842,2510.459806454716,2847.2672227278467
6.0360000000000005,2678.947536845752,2573.1775979873155,17.363926768408586,2522.9388445142204,2834.9562291772836
6.038,2679.0448681910784,2572.7117758188824,16.172112353134057,2533.744203537199,2824.3455328449577
6.04,2679.1430529815784,2572.2454802792695,15.237530458779354,2542.239273500025,2816.046832463132
6.042,2679.228744009789,2571.7787108292227,14.601456321548723,2548.039863911237,2810.417624108341
6.0440000000000005,2679.2890463032127,2571.3114669294896,14.257070771400029,2551.1943476103506,2807.3837449960747
6.046,2679.3128596754614,2570.8437480408174,14.176571042993906,2551.9414223467584,2806.6842970041644
6.048,2679.2926391232227,2570.3755536239564,14.3319759426279,2550.5249441681676,2808.0603340782777
6.05,2679.225222912954,2569.906883139649,14.693551765448897,2547.208898080029,2811.241547745879
6.0520000000000005,2679.1118994105714,2569.437736048646,15.244364739462254,2542.146716353284,2816.077082467859
6.054,2678.957929444218,2568.968111811695,15.963443725132539,2535.532078029263,2822.3837808591725
6.056,2678.7712095399547,2568.4980098895435,16.813220317373155,2527.7104183618007,2829.8320007181087
6.058,2678.560761862877,2568.0274297429364,17.7326486909655,2519.239234494703,2837.882289231051
6.0600000000000005,2678.334993327742,2567.556370832624,18.63615229105065,2510.8958081828396,2845.774178472644
6.062,2678.1002503369955,2567.084832619353,19.445382223081378,2503.3904227172966,2852.8100779566944
6.064,2677.859831769074,2566.6128145638713,20.103229276467957,2497.2394828760584,2858.4801806620894
6.066,2677.6135071608333,2566.1403161269254,20.59279239874346,2492.5946081277134,2862.632406193953
6.0680000000000005,2677.3579311717863,2565.6673367692642,20.944424761983704,2489.179740700605,2865.5361216429674
6.07,2677.0876453399464,2565.193875951633,21.211646721990995,2486.5085608141526,2867.6667298657403
6.072,2676.7965839313943,2564.7199331347815,21.45287366568262,2484.0501613061947,2869.543006556594
6.074,2676.4795534882637,2564.245507779456,21.685463521124852,2481.6433939227345,2871.315713053793
6.0760000000000005,2676.13343157281,2563.7705993464037,21.884949234874657,2479.5049639794934,2872.7618991661266
6.078,2675.757939065524,2563.2952072963726,21.998483196772696,2478.1094092957674,2873.406468835281
6.08,2675.3556119034533,2562.8193310901115,21.96112100314245,2478.042768125041,2872.6684556818655
6.082,2674.933212205786,2562.3429701883665,21.742605832855663,2479.583649338755,2870.2827750728165
6.0840000000000005,2674.499507017046,2561.8661240518854,21.360482303021247,2482.5831878508034,2866.415826183289
6.086,2674.073097619075,2561.3887921414153,20.883610309874182,2486.4413033216974,2861.704891916452
6.088,2673.6612079288743,2560.9109739177034,20.40849396198762,2490.2981646535277,2857.024251204221
6.09,2673.275916581724,2560.432668841498,20.02497747953256,2493.3586321899184,2853.193200973529
6.0920000000000005,2672.926886851058,2559.9538763735472,19.802562991557032,2495.0079173500862,2850.84585635203
6.094,2672.619743652407,2559.474595974597,19.769608142441655,2494.996861723391,2850.2426255814235
6.096,2672.3542217642166,2558.9948271053954,19.909516244079036,2493.4743154147363,2851.234128113697
6.098,2672.125132670953,2558.514569226691,20.17767913667193,2490.8358783229905,2853.4143870189155
6.1000000000000005,2671.9236441511084,2558.0338217992285,20.502110372532506,2487.719490798262,2856.1277975039548
6.102,2671.739704025713,2557.552584283759,20.800244337409552,2484.8569232736363,2858.6224847777894
6.104,2671.564562884337,2557.070856141028,21.003725962837446,2482.85357226246,2860.2755535062142
6.106,2671.3971696179065,2556.5886368317824,21.078051996837495,2482.0183860753846,2860.7759531604283
6.1080000000000005,2671.229204300243,2556.1059258167716,21.041356506049212,2482.180116661689,2860.278291938797
6.11,2671.063143865081,2555.6227225567413,20.954599130263382,2482.793540321743,2859.3327474084194
6.112,2670.904227824877,2555.1390265124396,20.89949431090918,2483.1297214403367,2858.6787342094176
6.114,2670.759013317753,2554.6548371446142,20.94627430661226,2482.564205347388,2858.9538212881184
6.1160000000000005,2670.6335677682846,2554.1701539140145,21.111467692392655,2480.9545561128225,2860.3125794237467
6.118,2670.5320461966703,2553.684976281384,21.35328529111582,2478.680389616894,2862.3837027764466
6.12,2670.455934600447,2553.1993037074712,21.57755511551707,2476.5892935934203,2864.322575607474
6.122,2670.4036889409936,2552.7131356530267,21.676170605058616,2475.651022913693,2865.156354968294
6.1240000000000006,2670.370913778063,2552.2264715787956,21.567438344755832,2476.5951683500216,2864.1466592061042
6.126,2670.3512765196465,2551.739310945525,21.217811885814946,2479.7168001945774,2860.9857528447155
6.128,2670.337480749189,2551.2516532139643,20.667194086896274,2484.6501090698303,2856.024852428548
6.13,2670.3222505666054,2550.7634978448586,19.98356440688971,2490.777047870065,2849.8674532631458
6.132000000000001,2670.2991158067553,2550.2748442989573,19.310347534573577,2496.8025267277662,2843.7957048857443
6.134,2670.262927944277,2549.7856920370054,18.69395327268924,2502.304421583547,2838.2214343050073
6.136,2670.2103742578524,2549.2960405197555,18.20808000853901,2506.617265977287,2833.803482538418
6.138,2670.1398753397975,2548.8058892079484,17.886364662764514,2509.43726475982,2830.842485919775
6.140000000000001,2670.0518814072593,2548.3152375623363,17.73178017449107,2510.7381573500097,2829.365605464509
6.142,2669.9491196474883,2547.8240850436664,17.737438634179412,2510.5845563469984,2829.313682947978
6.144,2669.8360647232744,2547.332431112685,17.91951444496095,2508.8356151670955,2830.8365142794532
6.146,2669.718536440455,2546.840275230139,18.248501031683702,2505.762259675732,2833.674813205178
6.148,2669.602643457556,2546.347616856777,18.729997373706613,2501.32029369775,2837.884993217362
6.15,2669.493294684687,2545.8544554533455,19.359135327237063,2495.558364679899,2843.428224689475
6.152,2669.392728124198,2545.360790480594,20.108232489424356,2488.7274271462543,2850.058029102142
6.154,2669.2991715730786,2544.8666213992674,20.931340496306927,2481.2385385648827,2857.3598045812746
6.156,2669.206463929932,2544.3719476701153,21.988442350170924,2471.6481475876526,2866.7647802722113
6.158,2669.1041557046406,2543.8767687538834,22.654633099143556,2469.1041557046406,2869.1041557046406
6.16,2668.9784381662444,2543.381084111322,23.1413296349793,2468.9784381662444,2868.9784381662444
6.162,2668.814473043725,2542.8848932031747,23.38556642101365,2468.814473043725,2868.814473043725
6.164,2668.5986829958747,2542.3881954901926,23.37996836193532,2468.5986829958747,2868.5986829958747
6.166,2668.320944375563,2541.8909904331213,23.15359986566193,2468.320944375563,2868.320944375563
6.168,2667.97687281178,2541.3932774927075,22.768026330244584,2467.97687281178,2867.97687281178
6.17,2667.568477079358,2540.8950561297,22.312786359850865,2467.568477079358,2867.568477079358
6.172,2667.104041918425,2540.3963258048484,21.866953200762534,2470.637262276597,2863.570821560253
6.174,2666.597189560954,2539.8970859788956,21.490282339586496,2473.51466333572,2859.6797157861884
6.176,2666.0651781235824,2539.3973361125927,21.210647395332785,2475.4950721915843,2856.6352840555805
6.178,2665.5274833218277,2538.897075666686,21.031239837174255,2476.5692903468475,2854.485676296808
6.18,2665.0038720205002,2538.3963041019224,20.949377256854024,2476.7811851483148,2853.2265588926857
6.182,2664.5134130015713,2537.8950208790493,20.95857602083956,2476.2080785140397,2852.818747489103
6.184,2664.0717863415143,2537.393225458815,21.07092021778737,2474.7570792915076,2853.386493391521
6.186,2663.691452993189,2536.8909173019683,21.319467475459962,2472.1436374321147,2855.2392685542636
6.188,2663.3793912617675,2536.3880958692534,21.725674417636405,2468.181951124976,2858.576831398559
6.19,2663.1367071383047,2535.8847606214204,22.296356254966966,2463.1367071383047,2863.1367071383047
6.192,2662.9591127854155,2535.3809110192155,23.001971252554164,2462.9591127854155,2862.9591127854155
6.194,2662.8384045294865,2534.8765465233882,23.754592770840954,2462.8384045294865,2862.8384045294865
6.196,2662.7641708462083,2534.371666594682,24.435554802574188,2462.7641708462083,2862.7641708462083
6.198,2662.726520781875,2533.8662706938485,24.91168024091677,2462.726520781875,2862.726520781875
6.2,2662.716923774035,2533.3603582816336,25.078882098794445,2462.716923774035,2862.716923774035
6.202,2662.7289056234363,2532.853928818785,24.88790615865622,2462.7289056234363,2862.7289056234363
6.204,2662.757615551721,2532.34698176605,24.35074276731947,2462.757615551721,2862.757615551721
6.206,2662.799511942999,2531.839516584175,23.55252198029156,2462.799511942999,2862.799511942999
6.208,2662.846474819864,2531.331532733909,22.60527103817269,2462.846474819864,2862.846474819864
6.21,2662.902956819209,2530.823029676,21.612356608236443,2468.723636805714,2857.0822768327043
6.212,2662.968682414504,2530.3140068711937,20.661117487194232,2477.3359068173554,2848.601458011653
6.214,2663.044355278799,2529.804463780239,19.785533886863963,2485.2783862131646,2840.810324344433
6.216,2663.1314660342955,2529.2943998638834,18.96690325783045,2492.720601354981,2833.5423307136098
6.218,2663.232207129459,2528.7838145828723,18.169439382933646,2499.9862710958146,2826.478143163103
6.22,2663.3496059790045,2528.272707397955,17.33932750557581,2507.5619292551773,2819.1372827028317
6.222,2663.4875388980463,2527.76107776988,16.43208507273907,2515.851112030447,2811.1239657656456
6.224,2663.6509264104798,2527.248925159393,15.434389522489493,2524.978438415429,2802.3234144055305
6.226,2663.845647976296,2526.736249027241,14.35542682917118,2534.867255165138,2792.8240407874537
6.228,2664.077568547614,2526.223048834174,13.22865166427454,2545.2228489338686,2782.93228816136
6.23,2664.3512955607916,2525.709324040937,12.087752784464676,2555.7471456883027,2772.9554454332806
6.232,2664.6684789512274,2525.195074108279,10.962341177122685,2566.175751197587,2763.1612067048677
6.234,2665.0261124877134,2524.6802984969463,9.876589064148877,2576.2884804333603,2753.7637445420664
6.236,2665.4157333534345,2524.164996667689,8.845229951736455,2585.9444952776835,2744.8869714291855
6.238,2665.8230813530854,2523.649168081251,7.901853511818316,2594.8277443065745,2736.8184183995963
6.24,2666.229571415596,2523.1328121983825,7.104043438438361,2602.402273484718,2730.0568693464743
6.242,2666.613931434107,2522.6159284798287,6.514878754881666,2608.0800681666847,2725.1477947015296
6.244,2666.9540522140232,2522.09851638634,6.180307286815635,2611.426194323183,2722.4819101048633
6.246,2667.2299875386893,2521.580575378661,6.127082162996574,2612.180338412315,2722.2796366650637
6.248,2667.4253122909518,2521.062104917542,6.380485985888377,2610.098920146225,2724.7517044356787
6.25,2667.52824448384,2520.543104463727,6.992880019321891,2604.699710247532,2730.3567787201478
6.252,2667.5325190456006,2520.0235734779676,7.9858420390027325,2595.7825750215525,2739.2824630696487
6.2540000000000004,2667.4371938583954,2519.5035114210086,9.267449693423115,2584.172461911377,2750.701925805414
6.256,2667.2467444469507,2518.9829177535976,10.671177681580904,2571.3700169103117,2763.1234719835898
6.258,2666.9703698873327,2518.4617919364828,12.013492578805552,2559.033421491311,2774.9073182833545
6.26,2666.621499135412,2517.940133430411,13.16259419548238,2548.3602823313963,2784.8827159394273
6.2620000000000005,2666.2171770751515,2517.4179416961306,14.058298105263194,2539.9083799314526,2792.5259742188505
6.264,2665.77609084459,2516.895216194388,14.703954920903081,2533.6662973682996,2797.88588432088
6.266,2665.316965291996,2516.3719563859336,15.163193978388223,2529.0810725881875,2801.5528579958045
6.268,2664.8572351559724,2515.8481617315115,15.520679392087176,2525.4094634421554,2804.3050068697894
6.2700000000000005,2664.4110184719757,2515.3238316918696,15.870984771041085,2521.815877800883,2807.0061591430685
6.272,2663.988167180052,2514.7989657277567,16.308869355708918,2517.45878960752,2810.5175447525844
6.274,2663.5944395620218,2514.2735632999197,16.912154646174326,2511.644758706502,2815.5441204175413
6.276,2663.230285392094,2513.7476238691047,17.738811048297627,2503.8533914399736,2822.6071793442147
6.2780000000000005,2662.892313902854,2513.2211468960627,18.791966902498334,2494.053190017002,2831.7314377887055
6.28,2662.5738172411493,2512.694131841539,20.026756509431877,2482.6405488998657,2842.507085582433
6.282,2662.2664044258213,2512.1665781662805,21.355090080452378,2470.3985324572054,2854.134276394437
6.284,2661.961760112601,2511.6384853310356,22.644492051677332,2461.961760112601,2861.961760112601
6.2860000000000005,2661.653367941168,2511.1098527965523,23.772751774647553,2461.653367941168,2861.653367941168
6.288,2661.3384877298818,2510.580680023576,24.639335342788097,2461.3384877298818,2861.3384877298818
6.29,2661.018511178109,2510.0509664728584,25.199978748062726,2461.018511178109,2861.018511178109
6.292,2660.6984511494916,2509.520711605141,25.453085629495895,2460.6984511494916,2860.6984511494916
6.2940000000000005,2660.385743555376,2508.9899148811755,25.410753954482416,2460.385743555376,2860.385743555376
6.296,2660.0882063739623,2508.458575761709,25.12038643359913,2460.0882063739623,2860.0882063739623
6.298,2659.8121418968976,2507.92669370749,24.61226511003624,2459.8121418968976,2859.8121418968976
6.3,2659.5615142256033,2507.394268179262,23.904536696977956,2459.5615142256033,2859.5615142256033
6.3020000000000005,2659.3376935893643,2506.8612986377757,23.03989950371285,2459.3376935893643,2859.3376935893643
6.304,2659.1398577446516,2506.3277845437774,22.0651488043514,2460.8923612549497,2857.3873542343536
6.306,2658.966020857864,2505.7937253580158,21.05264541503738,2469.815506396185,2848.116535319543
6.308,2658.813701650628,2505.259120541237,20.082947763022624,2478.37557492621,2839.251828375046
6.3100000000000005,2658.680447854102,2504.7239695541894,19.224640636153943,2485.953904705655,2831.406991002549
6.312,2658.56391774315,2504.1882718576207,18.521615042574545,2492.1538089469523,2824.9740265393475
6.314,2658.461960047422,2503.6520269122766,17.963045725617608,2497.0703974520475,2819.8535226427966
6.316,2658.372738736061,2503.115234178907,17.504970869779516,2501.096815431407,2815.648662040715
6.3180000000000005,2658.2948088389903,2502.5778931182576,17.112932674345252,2504.5412089712786,2812.048408706702
6.32,2658.2271835335664,2502.040003191077,16.770278691286126,2507.5522075584927,2808.90215950864
6.322,2658.169297184174,2501.5015638581112,16.498358037155175,2509.937431355481,2806.401163012867
6.324,2658.120737661497,2500.9625745801113,16.380743430905287,2510.9455971441266,2805.2958781788675
6.3260000000000005,2658.0808965086567,2500.4230348178194,16.45083761299187,2510.2759847515645,2805.885808265749
6.328,2658.048543871191,2499.882944031988,16.742334643867242,2507.6246352010203,2808.472452541362
6.33,2658.021703227873,2499.342301683361,17.21103256603776,2503.3867108027666,2812.656695652979
6.332,2657.9976581676283,2498.8011072326885,17.752333257718224,2498.4992719840975,2817.496044351159
6.3340000000000005,2657.9730712765136,2498.259360140716,18.223626673708804,2494.240281751285,2821.7058608017423
6.336,2657.9443734869837,2497.717059868193,18.481821258799,2491.8917976528023,2823.996949321165
6.338,2657.9083608734504,2497.1742058758646,18.437136196600964,2492.257264394328,2823.5594573525727
6.34,2657.8631058516094,2496.6307976244807,18.053041868436246,2495.662959993746,2820.0632517094728
6.3420000000000005,2657.808341661903,2496.086834574787,17.35557657731104,2501.8746728208075,2813.7420105029983
6.344,2657.7461764088894,2495.5423161875315,16.425955000778654,2510.1648260526804,2805.3275267650984
6.346,2657.681391931351,2494.997241923462,15.370360900574813,2519.5841782800544,2795.7786055826473
6.348,2657.6203549481816,2494.451611243326,14.309432095100043,2529.055208427006,2786.185501469357
6.3500000000000005,2657.5700658819965,2493.90542360787,13.35147629710258,2537.6118107253305,2777.5283210386624
6.352,2657.5369581739305,2493.3586784778436,12.583167242455083,2544.4816859957523,2770.592230352109
6.354,2657.5255624097144,2492.8113753139933,12.052063054778028,2549.242072036217,2765.809052783212
6.356,2657.5380001571234,2492.2635135770647,11.741887936052347,2552.041322657901,2763.0346776563456
6.3580000000000005,2657.57373340794,2491.7150927278076,11.583481645620145,2553.500279961492,2761.6471868543877
6.36,2657.6297995629147,2491.166112226969,11.458814031663401,2554.676440187865,2760.5831589379645
6.362,2657.7009755361696,2490.6165715352968,11.235251239043754,2556.756248159847,2758.645702912492
6.364,2657.779769613924,2490.0664701135365,10.809417023593804,2560.661010867188,2754.8985283606603
6.3660000000000005,2657.8567230079407,2489.5158074224382,10.143864524498698,2566.717716217468,2748.9957297984133
6.368,2657.920784099113,2488.964582922747,9.298146705392178,2574.3802504420523,2741.4613177561737
6.37,2657.95957413168,2488.4127960752135,8.39990077076675,2582.489460001381,2733.4296882619788
6.372,2657.9603499590753,2487.860446340582,7.60456919206505,2589.6360065532285,2726.284693364922
6.3740000000000006,2657.9111688852054,2487.307533179601,7.036780010545781,2594.688208876689,2721.134128893722
6.376,2657.80115665585,2486.7540560530183,6.753797915641827,2597.1206898960104,2718.4816234156892
6.378,2657.6225283030694,2486.2000144215835,6.769060593363888,2596.8049318245517,2718.440124781587
6.38,2657.370409569541,2485.6454077460394,7.082916125952245,2593.7329330101416,2721.0078861289408
6.382000000000001,2657.043473512649,2485.0902354871364,7.703905359989679,2587.8266300481555,2726.260316977143
6.384,2656.6443982780384,2484.5344971056234,8.631223189477398,2579.0959346746426,2734.192861881434
6.386,2656.1797844689236,2483.978192062245,9.822908600876325,2567.924452241712,2744.435116696135
6.388,2655.6599596372826,2483.421319817749,11.21449657720185,2554.9017054992382,2756.418213775327
6.390000000000001,2655.0983599025094,2482.863879832885,12.719531483214741,2540.8179036305814,2769.3788161744374
6.392,2654.510337602448,2482.3058715684,14.230175586416772,2526.6572825593903,2782.363392645506
6.394,2653.9117180566104,2481.747294485039,15.642448667986578,2513.3698928056765,2794.4535433075444
6.396,2653.317158459022,2481.1881480435536,16.862231006066313,2501.816023713697,2804.8182932043464
6.398000000000001,2652.738869482631,2480.6284317046866,17.828271497189036,2492.558205287,2812.919533678262
6.4,2652.1858805453644,2480.0681449291887,18.515672511242776,2485.829163274861,2818.542597815868
6.402,2651.663970962879,2479.5072871778057,18.936037350574516,2481.530425457554,2821.797516468204
6.404,2651.176208973862,2478.9458579112875,19.1408518616446,2479.202478096372,2823.1499398513515
6.406,2650.723733374844,2478.383856590379,19.193382450224775,2478.27803388443,2823.169432865258
6.408,2650.3063702860045,2477.8212826758295,19.15962807414898,2478.16394183228,2822.4487987397288
6.41,2649.923079597931,2477.2581356283854,19.09933622415401,2478.322351924302,2821.52380727156
6.412,2649.572070483896,2476.6944149087935,19.05638980836955,2478.357201047071,2820.7869399207207
6.414,2649.2505553848737,2476.1301199778036,19.066781434402753,2477.942320892422,2820.5587898773256
6.416,2648.954882068021,2475.5652502961616,19.160037086120727,2476.80877878753,2821.100985348512
6.418,2648.680833496928,2474.999805324616,19.371353663543804,2474.6361260958683,2822.7255408979872
6.42,2648.4241226856498,2474.4337845239124,19.73955711404006,2471.0712385345946,2825.777006836705
6.422,2648.181115188883,2473.8671873548005,20.294318560717176,2465.843897194085,2830.5183331836806
6.424,2647.9491831833056,2473.300013278026,21.045497175710253,2458.8628931038634,2837.035473262748
6.426,2647.7271226017656,2472.7322617543377,21.965298014724574,2450.3767498632587,2845.0774953402724
6.428,2647.514887014121,2472.1639322444826,22.988153031887936,2447.514887014121,2847.514887014121
6.43,2647.313108154219,2471.5950242092076,24.01441897924675,2447.313108154219,2847.313108154219
6.432,2647.123371142644,2471.0255371092608,24.92195514312679,2447.123371142644,2847.123371142644
6.434,2646.9474508223993,2470.455470405391,25.60263545544327,2446.9474508223993,2846.9474508223993
6.436,2646.786722739182,2469.884823558343,25.959164842007763,2446.786722739182,2846.786722739182
6.438,2646.6423552320152,2469.3135960288664,25.918597900041956,2446.6423552320152,2846.6423552320152
6.44,2646.514732172593,2468.7417872777073,25.45422815001833,2446.514732172593,2846.514732172593
6.442,2646.403850126363,2468.169396765615,24.560565681141174,2446.403850126363,2846.403850126363
6.444,2646.3097024134577,2467.596423953334,23.26632652951425,2446.3097024134577,2846.3097024134577
6.446,2646.2390516284004,2467.0228683016167,21.639157356344278,2451.818936446763,2840.6591668100377
6.448,2646.199584182895,2466.448729271205,19.780453412934143,2468.479261364494,2823.9199070012955
6.45,2646.205740547643,2465.8740063228497,17.827646545048598,2486.0306913242184,2806.3807897710676
6.452,2646.2779042902953,2465.298698917298,15.9276095278089,2503.174010364552,2789.3817982160385
6.454,2646.442277222385,2464.7228065152967,14.220627516355874,2518.6750081852438,2774.2095462595266
6.456,2646.723748636016,2464.146328577593,12.811492045952626,2531.617059488877,2761.8304377831546
6.458,2647.1441902012543,2463.5692645649356,11.731951557329618,2541.7367875228556,2752.551592879653
6.46,2647.719167825538,2462.991613938071,10.958118676808004,2549.264377732039,2746.173957919037
6.462,2648.4557230079463,2462.413376157748,10.419125115954131,2554.8435979248134,2742.067848091079
6.464,2649.352882271047,2461.8345506847118,10.017850410934914,2559.346067370958,2739.359697171136
6.466,2650.4025067968955,2461.255136979712,9.668633527999269,2563.533281105372,2737.271732488419
6.468,2651.590951400491,2460.675134503495,9.304273894665258,2567.995367131958,2735.186535669024
6.47,2652.9007497211946,2460.0945427168085,8.888168204899554,2573.0437267468824,2732.757772695507
6.472,2654.311529553547,2459.5133610804005,8.399896976361493,2578.841449514627,2729.7816095924672
6.474,2655.8008860680666,2458.9315890550183,7.822614814248617,2585.517480473167,2726.0842916629663
6.476,2657.344843334423,2458.3492261014085,7.155410384381106,2593.0560317049167,2721.633654963929
6.478,2658.918905465432,2457.766271680321,6.407768068139087,2601.3473935368693,2716.490417393995
6.48,2660.499526162693,2457.1827252525004,5.646442763146397,2609.7682507114523,2711.230801613934
6.482,2662.0655162517464,2456.598586278695,5.086912165781867,2616.3614237631255,2707.7696087403674
6.484,2663.5997464758957,2456.013854219654,5.115309903952809,2617.640510432691,2709.5589825191005
6.486,2665.0899523241105,2455.4285285361225,6.066846506105168,2610.5814991028274,2719.5984055453937
6.488,2666.528971062652,2454.8426086888494,7.897956621970505,2595.568646182308,2737.4892959429963
6.49,2667.9140805352035,2454.2560941385805,10.377047217944103,2574.6800103662704,2761.1481507041367
6.492,2669.2450646227876,2453.668984346068,13.31241069092226,2549.637800012017,2788.852329233558
6.494,2670.522338092337,2453.081278772053,16.60499191316083,2521.3324048992877,2819.7122712853866
6.496,2671.744962488372,2452.4929768772868,19.904534900908367,2492.909811731591,2850.580113245153
6.498,2672.909299788379,2451.9040781225162,23.186455023501757,2472.909299788379,2872.909299788379
6.5,2674.00862506215,2451.31458196849,26.195536614191976,2474.00862506215,2874.00862506215
6.502,2675.0335573071093,2450.724487875953,28.695801549294014,2475.0335573071093,2875.0335573071093
6.5040000000000004,2675.973556898891,2450.133795305655,30.39012913725112,2475.973556898891,2875.973556898891
6.506,2676.8179538913796,2449.5425037183422,31.22015925298708,2476.8179538913796,2876.8179538913796
6.508,2677.5569786156266,2448.9506125747616,31.13682437788467,2477.5569786156266,2877.5569786156266
6.51,2678.182569738235,2448.358121335663,30.200535432132426,2478.182569738235,2878.182569738235
6.5120000000000005,2678.688099314401,2447.765029461792,28.591861818556627,2478.688099314401,2878.688099314401
6.514,2679.0681245642254,2447.171336413896,26.54649970814314,2479.0681245642254,2879.0681245642254
6.516,2679.3179319059636,2446.5770416527234,24.36310180887202,2479.3179319059636,2879.3179319059636
6.518,2679.4335954138755,2445.982144639022,22.35759303854451,2479.4335954138755,2879.4335954138755
6.5200000000000005,2679.412173333543,2445.3866448335375,20.798228198447525,2492.5475068713513,2866.2768397957343
6.522,2679.2517197564425,2444.7905416970193,19.86834232339833,2500.7417464070973,2857.761693105788
6.524,2678.9522021147627,2444.1938346902143,19.61748652520373,2502.6960786901545,2855.208325539371
6.526,2678.5158915310276,2443.5965232738686,19.968043003953877,2499.1101431069833,2857.921639955072
6.5280000000000005,2677.9473910866154,2442.998606908732,20.732289601313052,2491.6751594146835,2864.2196227585473
6.53,2677.2540120820267,2442.400085055551,21.65716615786456,2482.6720942382894,2871.835929925764
6.532,2676.446016131061,2441.8009571750717,22.503771656611274,2476.446016131061,2876.446016131061
6.534,2675.536776053163,2441.201222728045,23.08818494496933,2475.536776053163,2875.536776053163
6.5360000000000005,2674.543092993852,2440.6008811752145,23.31072652009661,2474.543092993852,2874.543092993852
6.538,2673.4858811779654,2439.999931977332,23.164101662743366,2473.4858811779654,2873.4858811779654
6.54,2672.3901584180594,2439.3983745951396,22.710222148587636,2472.3901584180594,2872.3901584180594
6.542,2671.284747996485,2438.79620848939,22.05881888831969,2473.094123545916,2869.475372447054
6.5440000000000005,2670.201198734144,2438.1934331208263,21.35190799256662,2478.3619166908693,2862.0404807774185
6.546,2669.172757091912,2437.5900479502,20.75242720672702,2482.7195962137457,2855.6259179700783
6.548,2668.225959273709,2436.986052438255,20.430690746537014,2484.6634858016278,2851.7884327457905
6.55,2667.385199435217,2436.381446045742,20.552495406398137,2482.7283545137357,2852.0420443566986
6.5520000000000005,2666.666094089411,2435.776228233406,21.249522043986453,2475.746713296825,2857.5854748819975
6.554,2666.0746262660364,2435.170398461996,22.57439699522758,2466.0746262660364,2866.0746262660364
6.556,2665.6054833291437,2434.563956192259,24.488289633303665,2465.6054833291437,2865.6054833291437
6.558,2665.2479708202045,2433.9569008849426,26.830696289711213,2465.2479708202045,2865.2479708202045
6.5600000000000005,2664.9876402111163,2433.349232000794,29.33334296580731,2464.9876402111163,2864.9876402111163
6.562,2664.8099568325324,2432.7409490005607,31.665156670760464,2464.8099568325324,2864.8099568325324
6.564,2664.7030439563005,2432.1320513449905,33.48096288168668,2464.7030439563005,2864.7030439563005
6.566,2664.657847682913,2431.5225384948317,34.499445348078964,2464.657847682913,2864.657847682913
6.5680000000000005,2664.667032086051,2430.9124099108294,34.52566193485471,2464.667032086051,2864.667032086051
6.57,2664.722352460308,2430.3016650537324,33.50094795893919,2464.722352460308,2864.722352460308
6.572,2664.8124657406925,2429.69030338429,31.528647410152697,2464.8124657406925,2864.8124657406925
6.574,2664.9216408571165,2429.0783243632463,28.837224892731268,2464.9216408571165,2864.9216408571165
6.5760000000000005,2665.030071492816,2428.4657274513515,25.776746658945108,2465.030071492816,2865.030071492816
6.578,2665.1162267466716,2427.852512109351,22.75493078291187,2465.1162267466716,2865.1162267466716
6.58,2665.159833414435,2427.2386777979955,20.161205499340888,2484.018588825569,2846.301078003301
6.582,2665.145172900276,2426.6242239780295,18.288289204893836,2500.8314135824667,2829.4589322180855
6.5840000000000005,2665.063412127605,2426.0091501102006,17.25310981383345,2510.050370630243,2820.0764536249667
6.586,2664.9137158912804,2425.393455655258,17.01522600794355,2512.037975591897,2817.7894561906637
6.588,2664.702820445031,2424.777140073949,17.3895693327419,2508.4637388137157,2820.9419020763467
6.59,2664.4429438868065,2424.16020282702,18.117191493781593,2501.6664365124975,2827.2194512611154
6.5920000000000005,2664.149116635933,2423.5426433752177,18.957761692906022,2493.82038565879,2834.4778476130755
6.594,2663.8363872195932,2422.9244611792915,19.750182765576678,2486.388035377185,2841.2847390620013
6.596,2663.5177979492237,2422.305655699989,20.456124427523058,2479.726811919774,2847.3087839786735
6.598,2663.20358198813,2421.6862263980556,21.13296462097981,2473.3314280922773,2853.0757358839824
6.6000000000000005,2662.901351195029,2421.0661727342413,21.89064278586318,2466.2217290756485,2859.580973314409
6.602,2662.6173543106456,2420.4454941692916,22.82121665814361,2462.6173543106456,2862.6173543106456
6.604,2662.357651106477,2419.824190163956,23.954953551294047,2462.357651106477,2862.357651106477
6.606,2662.1282366652968,2419.202260178979,25.237902948264512,2462.1282366652968,2862.1282366652968
6.6080000000000005,2661.9349386941462,2418.5797036751114,26.53544853468608,2461.9349386941462,2861.9349386941462
6.61,2661.781674245,2417.956520113099,27.66951164847048,2461.781674245,2861.781674245
6.612,2661.6678950000446,2417.332708953689,28.443538844800884,2461.6678950000446,2861.6678950000446
6.614,2661.5868408024476,2416.70826965763,28.689202456127607,2461.5868408024476,2861.5868408024476
6.6160000000000005,2661.524076395336,2416.0832016856675,28.285979134632687,2461.524076395336,2861.524076395336
6.618,2661.4583401546693,2415.4575044985518,27.19397657958802,2461.4583401546693,2861.4583401546693
6.62,2661.363856099978,2414.8311775570287,25.485903430296176,2461.363856099978,2861.363856099978
6.622,2661.212423960321,2414.204220321846,23.31052978447807,2461.212423960321,2861.212423960321
6.6240000000000006,2660.9808221158346,2413.5766322537493,20.89116661199406,2473.281137137489,2848.68050709418
6.626,2660.652289397689,2412.948412813491,18.47460572599762,2494.664542553622,2826.6400362417558
6.628,2660.221115478157,2412.319561461815,16.275978246959525,2513.987252793114,2806.4549781632004
6.63,2659.692216178013,2411.6900776594675,14.4508244087556,2529.8567101204644,2789.5277222355617
6.632000000000001,2659.081482824224,2411.0599608671982,13.064829028759172,2541.6986511930722,2776.464314455376
6.634,2658.4125244479296,2410.4292105457557,12.131935784439694,2549.411406070487,2767.4136428253723
6.636,2657.7118156191173,2409.7978261558856,11.622517118493315,2553.287642363797,2762.1359888744373
6.638,2657.004658350147,2409.165807158335,11.485438366572346,2553.8120888166613,2760.197227883633
6.640000000000001,2656.31065271611,2408.533153013853,11.681223233735851,2551.3590259421817,2761.262279490038
6.642,2655.6408691792376,2407.899863183186,12.169000456501886,2546.306737935682,2764.975000422793
6.644,2654.9976277459195,2407.2659371270815,12.903969120553873,2539.0600650485976,2770.9351904432415
6.646,2654.375607935022,2406.631374306289,13.827525218975326,2530.140222911492,2778.610992958552
6.648000000000001,2653.765094705527,2405.9961741815523,14.857625435486161,2520.274626434315,2787.2555629767394
6.65,2653.1553867715347,2405.3603362136223,15.891221345878765,2510.3784276892147,2795.9323458538547
6.652,2652.5386354532775,2404.7238598632453,16.795849568164662,2501.633914264647,2803.443356641908
6.654,2651.9128047169725,2404.086744591167,17.419973886826977,2495.4005490054506,2808.4250604284944
6.656000000000001,2651.2833227681963,2403.448989858138,17.617783383187042,2492.993819244616,2809.5728262917764
6.658,2650.663816236411,2402.8105951249036,17.25924463031285,2495.595655599847,2805.7319768729753
6.66,2650.0746615930143,2402.171559852213,16.281886308760555,2503.787717078723,2796.3616061073058
6.662,2649.5404811055046,2401.5318835008115,14.740967029674803,2517.0981470255297,2781.9828151854795
6.664,2649.0855576358217,2400.891565531448,12.802856392048541,2534.0564567606775,2764.114658510966
6.666,2648.7289207265053,2400.2506054048695,10.75117108248059,2552.1334809978625,2745.324360455148
6.668,2648.4805543754965,2399.6090025818244,8.913334298208868,2568.397423023705,2728.563685727288
6.67,2648.3384926770004,2398.9667565230598,7.549617628231722,2580.5078694837275,2716.1691158702733
6.672,2648.289455066802,2398.3238666893235,6.82640250673577,2586.95666193719,2709.622248196414
6.674,2648.311442193581,2397.6803325413616,6.663876816544691,2588.438884455143,2708.183999932019
6.676,2648.378046173785,2397.036153539921,7.049988833605662,2585.036409598597,2711.7196827489734
6.678,2648.4635488143595,2396.391329145752,7.972434277687979,2576.834068746288,2720.093028882431
6.68,2648.546667087867,2395.745858819603,9.42809566222109,2563.838588376331,2733.254745799403
6.682,2648.6137113561167,2395.099742022216,11.253378798133575,2547.506114323265,2749.7213083889683
6.684,2648.6595588817895,2394.452978214344,13.212020076553289,2529.954268155092,2767.364849608487
6.686,2648.6871022721098,2393.8055668567304,15.052789284181825,2513.4431563900152,2783.9310481542043
6.688,2648.70599937717,2393.1575074101265,16.535032793091183,2500.144623939765,2797.267374814575
6.69,2648.7299158878172,2392.508799335276,17.50551335728091,2491.4491185263423,2806.010713249292
6.692,2648.7737514164282,2391.859442092929,17.937849109951813,2487.608571431026,2809.9389314018304
6.694,2648.8507794867037,2391.2094351438323,17.937181263001857,2487.6915998680806,2810.0099591053267
6.696,2648.970128687398,2390.558777948734,17.741344831971055,2489.570469592184,2808.3697877826116
6.698,2649.135418433819,2389.9074699683797,17.639705325919245,2490.6489540692587,2807.621882798379
6.7,2649.3438990390337,2389.255510663519,17.900912810415594,2488.510578538359,2810.1772195397084
6.702,2649.586775235312,2388.602899494899,18.679126865469645,2481.7614788583114,2817.4120716123125
6.704,2649.8499546657667,2387.9496359232658,19.966349228957863,2470.4594242062853,2829.240485125248
6.706,2650.1149023098637,2387.2957194093688,21.602462169573812,2456.0244803007026,2844.205324319025
6.708,2650.3599955826485,2386.6411494139525,23.290537805192805,2450.3599955826485,2850.3599955826485
6.71,2650.561331238744,2385.9859253977684,24.688798255351717,2450.561331238744,2850.561331238744
6.712,2650.6947117847158,2385.3300468215616,25.46977838151113,2450.6947117847158,2850.6947117847158
6.714,2650.7385750106405,2384.6735131460796,25.40698444879211,2450.7385750106405,2850.7385750106405
6.716,2650.6768227957646,2384.0163238320706,24.413991152382494,2450.6768227957646,2850.6768227957646
6.718,2650.502346576533,2383.3584783402816,22.51588762679686,2450.502346576533,2850.502346576533
6.72,2650.218807648247,2382.6999761314605,19.885584638947833,2471.5539182400216,2828.8836970564726
6.722,2649.840457780089,2382.0408166663547,16.790635450378105,2498.9825835811052,2800.6983319790725
6.724,2649.391594414911,2381.380999405711,13.551460355552088,2527.636553780975,2771.146635048847
6.726,2648.8997768366517,2380.720523810279,10.529453826596601,2554.2963876170406,2743.5031660562627
6.728,2648.393473760553,2380.059389340803,8.067274689493514,2575.9118863999715,2720.875061121135
6.73,2647.895820188984,2379.3975954580324,6.4275746179619295,2590.1463534706627,2705.6452869073055
6.732,2647.423054803897,2378.735141622715,5.61208897163225,2597.0004359233862,2697.8456736844073
6.734,2646.9822328756686,2378.072027295599,5.353620665852847,2598.88185958693,2695.082606164407
6.736,2646.572241156191,2377.408251937428,5.4266464277822,2597.815757427858,2695.328724884524
6.738,2646.186431117986,2376.7438150089547,5.832069437866034,2593.7873661643416,2698.5854960716306
6.74,2645.8154119015553,2376.078715970924,6.6595440613732935,2585.9817824238444,2705.6490413792662
6.742,2645.450377335392,2375.412954284081,7.871672578536631,2574.7262052158835,2716.174549454901
6.744,2645.0857698539726,2374.7465294091776,9.284810181675876,2561.6650601084602,2728.506479599485
6.746,2644.720667318041,2374.079440806959,10.688698496854505,2548.686521501777,2740.7548131343046
6.748,2644.3596109461328,2373.4116879381727,11.912806628846347,2537.3272899191848,2751.391931973081
6.75,2644.0121338114936,2372.743270263566,12.875751658266454,2528.3280949542045,2759.6961726687828
6.752,2643.691906469369,2372.0741872438894,13.588448341478824,2521.6045419669113,2765.7792709718265
6.7540000000000004,2643.4149058719036,2371.4044383398846,14.144549999735203,2516.331166202406,2770.498645541401
6.756,2643.19706521599,2370.7340230123054,14.70443815057617,2511.082930093343,2775.311200338637
6.758,2643.052322642066,2370.062940721894,15.440203110630367,2504.327601629927,2781.777043654205
6.76,2642.989715340487,2369.3911909294015,16.49399518320767,2494.7970481992943,2791.1823824816793
6.7620000000000005,2643.011177169434,2368.718773095574,17.906984351828676,2482.1233060334725,2803.899048305396
6.764,2643.1105369213087,2368.04568668116,19.594561537497228,2467.060386339221,2819.1606875033963
6.766,2643.272637322675,2367.371931146905,21.364349970755825,2451.3215685405366,2835.2237061048136
6.768,2643.473941972702,2366.697505953558,22.95360661983938,2443.473941972702,2843.473941972702
6.7700000000000005,2643.684348767501,2366.0224105618668,24.11880955510352,2443.684348767501,2843.684348767501
6.772,2643.868660572345,2365.346644432577,24.683588481673688,2443.868660572345,2843.868660572345
6.774,2643.9883346541815,2364.6702070264364,24.587209435246844,2443.9883346541815,2843.9883346541815
6.776,2644.0032114916867,2363.9930978041966,23.86995248237147,2444.0032114916867,2844.0032114916867
6.7780000000000005,2643.8722644711734,2363.3153162265994,22.61587164276635,2443.8722644711734,2843.8722644711734
6.78,2643.5548828654414,2362.6368617543953,20.937912984900553,2455.435198390113,2831.67456734077
6.782,2643.012492763559,2361.957733848332,18.937116281110736,2472.86925345197,2813.1557320751476
6.784,2642.210564130655,2361.277931969156,16.690866328200467,2492.249079929947,2792.1720483313625
6.7860000000000005,2641.1207749714426,2360.597455577615,14.278816625077232,2512.8306975349897,2769.4108524078956
6.788,2639.721860412083,2359.9163041344564,11.796808718167338,2533.731739263054,2745.711981561112
6.79,2638.000241113157,2359.234477100428,9.380307408849498,2553.721522823186,2722.2789594031274
6.792,2635.949015356171,2358.551973936277,7.234938086249352,2570.945675674452,2700.95235503789
6.7940000000000005,2633.56570374079,2357.868794102752,5.667537502134604,2582.6448995793376,2684.4865079022425
6.796,2630.8510657078905,2357.184937060597,5.012555516516736,2585.8150412071577,2675.8870902086232
6.798,2627.808293936351,2356.5004022705643,5.259944702070083,2580.5495657897263,2675.067022082976
6.8,2624.443265272309,2355.8151891933994,5.965628660005554,2570.844218317317,2678.042312227301
6.8020000000000005,2620.766914685052,2355.1292972898486,6.749786162047532,2560.122492101196,2681.4113372689085
6.804,2616.7942354036854,2354.4427260206608,7.499355399998538,2549.415200414216,2684.173270393155
6.806,2612.541492570781,2353.7554748465827,8.312289471935634,2537.8585347298635,2687.2244504116984
6.808,2608.0392228576547,2353.067543228363,9.460951870706436,2523.0359428250617,2693.0425028902478
6.8100000000000005,2603.315061550183,2352.3789306267486,11.345399208053221,2501.3806939365263,2705.24942916384
6.812,2598.3985333712267,2351.6896365024845,14.428206809907097,2468.766238376884,2728.0308283655695
6.814,2593.319258521427,2350.999660316322,19.173882054934406,2421.048763131432,2765.5897539114217
6.816,2588.10440803745,2350.3090015290077,25.891768401746894,2388.10440803745,2788.10440803745
6.8180000000000005,2582.775981367307,2349.6176596012874,34.69937614824087,2382.775981367307,2782.775981367307
6.82,2577.3458792406846,2348.925633993911,45.57956051256245,2377.3458792406846,2777.3458792406846
6.822,2571.812821867083,2348.232924167623,58.31179443118075,2371.812821867083,2771.812821867083
6.824,2566.159716662268,2347.539529583172,72.52963069500818,2366.159716662268,2766.159716662268
6.8260000000000005,2560.3552511806283,2346.845449701307,87.77161231361957,2360.3552511806283,2760.3552511806283
6.828,2554.359775049694,2346.150683982776,103.45112656327369,2354.359775049694,2754.359775049694
6.83,2548.132518230499,2345.4552318883234,118.93897514972399,2348.132518230499,2748.132518230499
6.832,2541.644311138284,2344.7590928787,133.59736589839224,2341.644311138284,2741.644311138284
6.8340000000000005,2534.8852329399588,2344.0622664146485,146.89116115887498,2334.8852329399588,2734.8852329399588
6.836,2527.867808694842,2343.3647519569217,158.4784638917109,2327.867808694842,2727.867808694842
6.838,2520.626603520246,2342.6665489662637,168.19860647548202,2320.626603520246,2720.626603520246
6.84,2513.211003728979,2341.967656903425,176.16404783871687,2313.211003728979,2713.211003728979
6.8420000000000005,2505.6772483763243,2341.2680752291494,182.6772990383313,2305.6772483763243,2705.6772483763243
6.844,2498.0794170558815,2340.5678034041875,188.12719260051006,2298.0794170558815,2698.0794170558815
6.846,2490.464080456102,2339.8668408892854,192.97250036507998,2290.464080456102,2690.464080456102
6.848,2482.8680488772643,2339.165187145191,197.65985832221358,2282.8680488772643,2682.8680488772643
6.8500000000000005,2475.3174566112716,2338.462841632651,202.61348694814058,2275.3174566112716,2675.3174566112716
6.852,2467.82932290632,2337.7598038124133,208.27483671432563,2267.82932290632,2667.82932290632
6.854,2460.4128925690475,2337.056073145226,214.9256922053003,2260.4128925690475,2660.4128925690475
6.856,2453.07214965732,2336.3516490918378,222.58681137462804,2253.07214965732,2653.07214965732
6.8580000000000005,2445.808447877617,2335.646531112992,231.83844464878592,2245.808447877617,2645.808447877617
6.86,2438.6224143624304,2334.9407186694393,242.41446225857243,2238.6224143624304,2638.6224143624304
6.862,2431.5171255323407,2334.2342112219267,254.2433650580794,2231.5171255323407,2631.5171255323407
6.864,2424.498784788949,2333.527008231202,267.232135358493,2224.498784788949,2624.498784788949
6.8660000000000005,2417.5750562276658,2332.8191091580125,281.26677036612864,2217.5750562276658,2617.5750562276658
6.868,2410.752822451415,2332.110513463105,296.20429085847763,2210.752822451415,2610.752822451415
6.87,2404.035049226835,2331.4012206072275,311.74177924274727,2204.035049226835,2604.035049226835
6.872,2397.4176480085544,2330.691230051128,327.4080600723073,2197.4176480085544,2597.4176480085544
6.8740000000000006,2390.8887795818778,2329.9805412555525,342.5097264305788,2190.8887795818778,2590.8887795818778
6.876,2384.43075380698,2329.26915368125,356.2454148110206,2184.43075380698,2584.43075380698
6.878,2378.022698902587,2328.557066788967,367.90605814011644,2178.022698902587,2578.022698902587
6.88,2371.645041532637,2327.844280039451,377.01124043019877,2171.645041532637,2571.645041532637
6.882000000000001,2365.283037265505,2327.1307928934516,383.6527436295554,2165.283037265505,2565.283037265505
6.884,2358.9291416550486,2326.4166048117127,388.38129853272443,2158.9291416550486,2558.9291416550486
6.886,2352.584629454378,2325.7017152549856,392.07058144777056,2152.584629454378,2552.584629454378
6.888,2346.259136989334,2324.9861236840147,395.7514574994805,2146.259136989334,2546.259136989334
6.890000000000001,2339.9705771354356,2324.2698295595487,400.25600006537195,2139.9705771354356,2539.9705771354356
6.892,2333.7440386046255,2323.552832342335,406.1112661381456,2133.7440386046255,2533.7440386046255
6.894,2327.609503280848,2322.8351314931224,413.41409828506664,2127.609503280848,2527.609503280848
6.896,2321.6000783775803,2322.116726472656,421.95471519704296,2121.6000783775803,2521.6000783775803
6.898000000000001,2315.7480574565225,2321.3976167416863,431.3485641670092,2115.7480574565225,2515.7480574565225
6.9,2310.0814003153682,2320.6778017609563,441.1009568029839,2110.0814003153682,2510.0814003153682
6.902,2304.62093161255,2319.9572809912183,450.7397333693729,2104.62093161255,2504.62093161255
6.904,2299.3764558447174,2319.236053893217,459.8290527939847,2099.3764558447174,2499.3764558447174
6.906000000000001,2294.348671980937,2318.5141199277,468.0483707657134,2094.348671980937,2494.348671980937
6.908,2289.534001491405,2317.7914785554167,475.2299451796044,2089.534001491405,2489.534001491405
6.91,2284.9110179873096,2317.0681292371128,481.38001557965896,2084.9110179873096,2484.9110179873096
6.912,2280.4560561825247,2316.3440714335347,486.75959337314373,2080.4560561825247,2480.4560561825247
6.914,2276.1376200221953,2315.6193046054345,491.77645153124485,2076.1376200221953,2476.1376200221953
6.916,2271.91628927739,2314.893828213554,496.9031143476542,2071.91628927739,2471.91628927739
6.918,2267.7458191448814,2314.167641718644,502.5343570472272,2067.7458191448814,2467.7458191448814
6.92,2263.575880571927,2313.440744581454,508.87729439713445,2063.575880571927,2463.575880571927
6.922,2259.3598569448445,2312.7131362627256,515.9396866723587,2059.3598569448445,2459.3598569448445
6.924,2255.062088541297,2311.98481622321,523.5012521874856,2055.062088541297,2455.062088541297
6.926,2250.665756657265,2311.255783923655,531.2379961582607,2050.665756657265,2450.665756657265
6.928,2246.1772873565146,2310.526038824808,538.7919393098184,2046.1772873565146,2446.1772873565146
6.93,2241.625223053516,2309.7955803874142,545.8295516853073,2041.625223053516,2441.625223053516
6.932,2237.056229041684,2309.064408072224,552.089325554778,2037.0562290416842,2437.056229041684
6.934,2232.5229536860516,2308.3325213399835,557.3642782806195,2032.5229536860516,2432.5229536860516
6.936,2228.074517237012,2307.5999196514394,561.5733549943205,2028.074517237012,2428.074517237012
6.938,2223.7494175330858,2306.866602467341,564.7525989307002,2023.7494175330858,2423.7494175330858
6.94,2219.570333999127,2306.1325692484343,567.0618229669129,2019.570333999127,2419.570333999127
6.942,2215.545301974255,2305.3978194554675,568.8517403458869,2015.545301974255,2415.545301974255
6.944,2211.669952744403,2304.662352549189,570.5615094416357,2011.669952744403,2411.669952744403
6.946,2207.9313380520757,2303.926167990345,572.6581145232176,2007.9313380520757,2407.9313380520757
6.948,2204.310275752673,2303.1892652396837,575.5144505903924,2004.310275752673,2404.310275752673
6.95,2200.7826652777094,2302.4516437579505,579.3231892755576,2000.7826652777094,2400.7826652777094
6.952,2197.3224169078285,2301.713303005896,584.0905138657062,1997.3224169078285,2397.3224169078285
6.954,2193.9048155855385,2300.974242444266,589.6144665817785,1993.9048155855385,2393.9048155855385
6.956,2190.511189698531,2300.2344615338093,595.5998093144907,1990.5111896985309,2390.511189698531
6.958,2187.1328413384726,2299.493959735271,601.7219278661315,1987.1328413384726,2387.1328413384726
6.96,2183.771739952263,2298.752736509401,607.6764102362258,1983.771739952263,2383.771739952263
6.962,2180.4382816466136,2298.0107913169445,613.2153748644176,1980.4382816466136,2380.4382816466136
6.964,2177.144704597589,2297.2681236186513,618.1357167652818,1977.1447045975892,2377.144704597589
6.966,2173.8995978382304,2296.524732875268,622.324239845334,1973.8995978382304,2373.8995978382304
6.968,2170.7044727206276,2295.780618547541,625.7582225015428,1970.7044727206276,2370.7044727206276
6.97,2167.5544969275497,2295.035780096221,628.5068839215173,1967.5544969275497,2367.5544969275497
6.972,2164.4418694684027,2294.290216982051,630.7827621623873,1964.4418694684027,2364.4418694684027
6.974,2161.3584892477606,2293.543928665781,632.8649546719123,1961.3584892477606,2361.3584892477606
6.976,2158.297917257443,2292.7969146081577,635.0486387644646,1958.2979172574428,2358.297917257443
6.978,2155.254007927245,2292.0491742699314,637.5764363315471,1955.2540079272449,2355.254007927245
6.98,2152.2190790628574,2291.3007071118454,640.5713284978982,1952.2190790628574,2352.2190790628574
6.982,2149.184681293519,2290.551512594651,644.044334320857,1949.1846812935191,2349.184681293519
6.984,2146.14385968053,2289.8015901790923,647.8884414128275,1946.14385968053,2346.14385968053
6.986,2143.096753785378,2289.05093932592,651.9637594254073,1943.096753785378,2343.096753785378
6.988,2140.048588532565,2288.299559495878,656.1591458993405,1940.0485885325652,2340.048588532565
6.99,2137.016796456768,2287.547450149717,660.4073359957697,1937.0167964567681,2337.016796456768
6.992,2134.01767371349,2286.794610748182,664.7020722884785,1934.0176737134898,2334.01767371349
6.994,2131.0648205077164,2286.041040752024,669.0705163588783,1931.0648205077164,2331.0648205077164
6.996,2128.162252244584,2285.2867396219854,673.501366684276,1928.1622522445841,2328.162252244584
6.998,2125.3016016675615,2284.5317068188183,677.930923662804,1925.3016016675615,2325.3016016675615
7.0,2122.463857432841,2283.775941803268,682.2437843690093,1922.463857432841,2322.463857432841
7.002,2119.62419045099,2283.019444036083,686.3283379436253,1919.6241904509902,2319.62419045099
7.0040000000000004,2116.7569382422867,2282.2622129780098,690.1625154185269,1916.7569382422867,2316.7569382422867
7.006,2113.841489723741,2281.504248089796,693.8481809084694,1913.8414897237408,2313.841489723741
7.008,2110.8636867418822,2280.7455488321903,697.63652766802,1910.8636867418822,2310.8636867418822
7.01,2107.815140365948,2279.986114665939,701.8094630958844,1907.815140365948,2307.815140365948
7.0120000000000005,2104.692710258265,2279.225945051789,706.5624838167168,1904.692710258265,2304.692710258265
7.014,2101.49812028162,2278.465039450489,711.8952904826018,1901.4981202816198,2301.49812028162
7.016,2098.2399739656666,2277.7033973227867,717.596539119037,1898.2399739656666,2298.2399739656666
7.018,2094.9362796274995,2276.9410181294293,723.3299669743075,1894.9362796274995,2294.9362796274995
7.0200000000000005,2091.614540669834,2276.177901331164,728.7915959366945,1891.6145406698338,2291.614540669834
7.022,2088.309661300901,2275.414046388737,733.8287520284209,1888.309661300901,2288.309661300901
7.024,2085.0574108912315,2274.6494527628993,738.4620195991591,1885.0574108912315,2285.0574108912315
7.026,2081.8893856313066,2273.884119914395,742.8175827143684,1881.8893856313066,2281.8893856313066
7.0280000000000005,2078.8301345865407,2273.1180473039735,747.008211457732,1878.8301345865407,2278.8301345865407
7.03,2075.896504490001,2272.351234392381,751.0478118316718,1875.896504490001,2275.896504490001
7.032,2073.099307912316,2271.583680640367,754.9009999491478,1873.099307912316,2273.099307912316
7.034,2070.4437400224474,2270.815385508677,758.5188154824734,1870.4437400224474,2270.4437400224474
7.0360000000000005,2067.928253852675,2270.046348458058,761.9759045887783,1867.928253852675,2267.928253852675
7.038,2065.543107156978,2269.2765689492603,765.2249987591371,1865.5431071569778,2265.543107156978
7.04,2063.269473257172,2268.5060464430285,768.6433488668025,1863.2694732571722,2263.269473257172
7.042,2061.0821257113525,2267.734780400112,772.1346434317041,1861.0821257113525,2261.0821257113525
7.0440000000000005,2058.9527663072504,2266.962770281258,775.7902950763951,1858.9527663072504,2258.9527663072504
7.046,2056.8529683283427,2266.1900155472144,779.5498461339104,1856.8529683283427,2256.8529683283427
7.048,2054.7575296652158,2265.4165156587264,783.2947218513237,1854.7575296652158,2254.7575296652158
7.05,2052.6455374291154,2264.642270076544,786.9055380938987,1852.6455374291154,2252.6455374291154
7.0520000000000005,2050.5022341404697,2263.8672782614117,790.2993930820265,1850.5022341404697,2250.5022341404697
7.054,2048.3215523734198,2263.091539674082,793.4267219487472,1848.3215523734198,2248.3215523734198
7.056,2046.1076115754045,2262.315053775297,796.3014771729388,1846.1076115754045,2246.1076115754045
7.058,2043.8749664591157,2261.5378200258074,798.9091055960728,1843.8749664591157,2243.874966459116
7.0600000000000005,2041.645405123621,2260.75983788636,801.1684072829365,1841.645405123621,2241.645405123621
7.062,2039.4443049577094,2259.9811068177028,802.9797695631976,1839.4443049577094,2239.4443049577094
7.064,2037.2977786631002,2259.201626280582,804.2571371408533,1837.2977786631002,2237.2977786631
7.066,2035.230211905335,2258.421395735747,805.0225868288227,1835.230211905335,2235.2302119053347
7.0680000000000005,2033.2635811178347,2257.640414643942,805.4827673906967,1833.2635811178347,2233.2635811178347
7.07,2031.4155142729637,2256.858682465919,805.9278557259511,1831.4155142729637,2231.4155142729637
7.072,2029.6944029487352,2256.076198662422,806.6408467063337,1829.6944029487352,2229.694402948735
7.074,2028.0954561390677,2255.2929626941996,807.7511008040241,1828.0954561390677,2228.0954561390677
7.0760000000000005,2026.598614535922,2254.508974022,809.247778627934,1826.598614535922,2226.598614535922
7.078,2025.172870785891,2253.724232106569,811.0585688059717,1825.172870785891,2225.172870785891
7.08,2023.784156771715,2252.938736408655,813.11475623515,1823.784156771715,2223.784156771715
7.082,2022.4044461120782,2252.1524863890054,815.4108385113733,1822.4044461120782,2222.4044461120784
7.0840000000000005,2021.0185485083998,2251.3654815083696,817.9437950501703,1821.0185485083998,2221.0185485084
7.086,2019.6244551504678,2250.5777212274925,820.588640140584,1819.6244551504678,2219.624455150468
7.088,2018.2288060942024,2249.7892050071223,823.1074035230042,1818.2288060942024,2218.2288060942024
7.09,2016.8451512596773,2248.9999323080065,825.1934820206945,1816.8451512596773,2216.8451512596776
7.0920000000000005,2015.4803145687524,2248.209902590893,826.6472578922622,1815.4803145687524,2215.4803145687524
7.094,2014.1402213729339,2247.4191153165284,827.4466367868919,1814.1402213729339,2214.140221372934
7.096,2012.8217476916093,2246.6275699456623,827.7287404525664,1812.8217476916093,2212.8217476916093
7.098,2011.515168060409,2245.835265939039,827.7414442398143,1811.515168060409,2211.515168060409
7.1000000000000005,2010.2066435169636,2245.04220275741,827.6817810482983,1810.2066435169636,2210.2066435169636
7.102,2008.8817564109268,2244.248379861519,827.6708330943474,1808.8817564109268,2208.8817564109268
7.104,2007.5289280406464,2243.4537967121155,827.7932575241596,1807.5289280406464,2207.5289280406464
7.106,2006.1411552800855,2242.658452769946,828.1347492076217,1806.1411552800855,2206.1411552800855
7.1080000000000005,2004.715736609422,2241.862347495759,828.8162210458821,1804.715736609422,2204.715736609422
7.11,2003.2534984931804,2241.0654803503003,829.9551539500712,1803.2534984931804,2203.2534984931804
7.112,2001.7589086099924,2240.2678507943215,831.6316430724441,1801.7589086099924,2201.7589086099924
7.114,2000.240488492674,2239.4694582885645,833.8882905848294,1800.240488492674,2200.240488492674
7.1160000000000005,1998.7106780299107,2238.670302293781,836.6719083132219,1798.7106780299107,2198.710678029911
7.118,1997.1838332317318,2237.8703822707166,839.8902174997766,1797.1838332317318,2197.183833231732
7.12,1995.6718337223174,2237.0696976801196,843.3901108053541,1795.6718337223174,2195.6718337223174
7.122,1994.1811594434976,2236.268247982737,846.8933410812162,1794.1811594434976,2194.1811594434976
7.1240000000000006,1992.7119389658872,2235.4660326393164,850.0700982363716,1792.7119389658872,2192.7119389658874
7.126,1991.261133792894,2234.663051110605,852.5669874846944,1791.261133792894,2191.261133792894
7.128,1989.8255693183055,2233.8593028573514,854.1924400943257,1789.8255693183055,2189.8255693183055
7.13,1988.4033210970483,2233.0547873403016,854.9555786165282,1788.4033210970483,2188.4033210970483
7.132000000000001,1986.9939055611214,2232.249504020204,855.0576235039322,1786.9939055611214,2186.993905561121
7.134,1985.5963554529856,2231.443452357805,854.8880228569855,1785.5963554529856,2185.5963554529853
7.136,1984.208598436527,2230.6366318138544,854.8212787589916,1784.208598436527,2184.2085984365267
7.138,1982.8282668310585,2229.829041849098,855.187788248114,1782.8282668310585,2182.8282668310585
7.140000000000001,1981.4539720289113,2229.0206819242826,856.1936669927949,1781.4539720289113,2181.4539720289113
7.142,1980.0866163421153,2228.2115515001587,857.9263280710187,1780.0866163421153,2180.086616342115
7.144,1978.7282033489057,2227.40165003747,860.365233981611,1778.7282033489057,2178.7282033489055
7.146,1977.3817355260783,2226.5909769969658,863.30080402125,1777.3817355260783,2177.381735526078
7.148000000000001,1976.0515832188403,2225.7795318393937,866.4609381903557,1776.0515832188403,2176.0515832188403
7.15,1974.7440836476756,2224.9673140255018,869.5585590549183,1774.7440836476756,2174.7440836476753
7.152,1973.46887681335,2224.154323016037,872.3872729811828,1773.46887681335,2173.46887681335
7.154,1972.23871845736,2223.340558271746,874.8764226788761,1772.23871845736,2172.23871845736
7.156000000000001,1971.0668613840476,2222.526019253378,877.0465513882789,1771.0668613840476,2171.0668613840476
7.158,1969.963486005322,2221.7107054216785,878.9864543084234,1769.963486005322,2169.963486005322
7.16,1968.9321865850713,2220.894616237395,880.7634630617189,1768.9321865850713,2168.9321865850716
7.162,1967.9690902350317,2220.0777511612787,882.4214246836215,1767.9690902350317,2167.9690902350317
7.164000000000001,1967.0632644247532,2219.260109654072,884.0226880121204,1767.0632644247532,2167.0632644247535
7.166,1966.2003946748096,2218.4416911765247,885.6254131709234,1766.2003946748096,2166.2003946748096
7.168,1965.3625656035474,2217.6224951893855,887.2637288385988,1765.3625656035474,2165.3625656035474
7.17,1964.531400936074,2216.8025211534004,888.9085979864861,1764.531400936074,2164.531400936074
7.172,1963.6847865078842,2215.9817685293174,890.4543126080671,1763.6847865078842,2163.6847865078844
7.174,1962.8017403283907,2215.160236777884,891.7482456079937,1762.8017403283907,2162.8017403283907
7.176,1961.8659985332617,2214.337925359847,892.6714074856452,1761.8659985332617,2161.8659985332615
7.178,1960.8719316143383,2213.514833735954,893.1694784160244,1760.8719316143383,2160.8719316143383
7.18,1959.8277839219459,2212.690961366954,893.2752668861016,1759.8277839219459,2159.827783921946
7.182,1958.7552625855083,2211.8663077135934,893.1325222338568,1758.7552625855083,2158.7552625855083
7.184,1957.685695013026,2211.040872236619,892.9557681246574,1757.685695013026,2157.685695013026
7.186,1956.6512760409057,2210.21465439678,893.0106393596193,1756.6512760409057,2156.651276040906
7.188,1955.6774433713788,2209.3876536548214,893.4987305580213,1755.6774433713788,2155.677443371379
7.19,1954.7752497064603,2208.5598694714936,894.5042693158975,1754.7752497064603,2154.7752497064603
7.192,1953.9372733564512,2207.731301307542,895.961236532425,1753.9372733564512,2153.9372733564514
7.194,1953.1383778818956,2206.9019486237157,897.662656602264,1753.1383778818956,2153.1383778818954
7.196,1952.34024712838,2206.0718108807614,899.3937670061305,1752.34024712838,2152.34024712838
7.198,1951.5018561098536,2205.240887539424,900.9946952569654,1751.5018561098536,2151.5018561098536
7.2,1950.5875123633384,2204.409178060456,902.4108431846516,1750.5875123633384,2150.5875123633386
7.202,1949.5730337271111,2203.5766819046003,903.6534364589454,1749.5730337271111,2149.573033727111
7.204,1948.447797789383,2202.743398532609,904.7658526044689,1748.447797789383,2148.447797789383
7.206,1947.2121866623586,2201.9093274052248,905.7882916566169,1747.2121866623586,2147.2121866623584
7.208,1945.874551720292,2201.0744679831996,906.7601669170956,1745.874551720292,2145.874551720292
7.21,1944.448050369277,2200.2388197272776,907.7336554433797,1744.448050369277,2144.448050369277
7.212,1942.949903969702,2199.4023820982084,908.8099743683746,1742.949903969702,2142.949903969702
7.214,1941.401055111311,2198.565154556736,910.0991016143043,1741.401055111311,2141.401055111311
7.216,1939.8239934507305,2197.7271365636125,911.8279634705978,1739.8239934507305,2139.8239934507305
7.218,1938.2397509817042,2196.8883275795843,914.0542527499026,1738.2397509817042,2138.239750981704
7.22,1936.6644161576269,2196.0487270653966,916.8628749520961,1736.6644161576269,2136.664416157627
7.222,1935.1073315628337,2195.2083344817984,920.0162400446283,1735.1073315628337,2135.1073315628337
7.224,1933.5719385947282,2194.3671492895364,923.2429615889214,1733.5719385947282,2133.571938594728
7.226,1932.0583999320288,2193.5251709493596,926.2290172711785,1732.0583999320288,2132.058399932029
7.228,1930.5674277805244,2192.6823989220147,928.7538000563493,1730.5674277805244,2130.5674277805247
7.23,1929.103510230551,2191.83883266825,930.7972042452931,1729.103510230551,2129.103510230551
7.232,1927.6775326423099,2190.99447164881,932.5040273581424,1727.6775326423099,2127.67753264231
7.234,1926.3063432648744,2190.1493153244464,934.1276271862739,1726.3063432648744,2126.306343264874
7.236,1925.0093527301608,2189.303363155903,935.8959764142062,1725.0093527301608,2125.0093527301606
7.238,1923.8033653792045,2188.4566146039288,937.9117613737875,1723.8033653792045,2123.8033653792045
7.24,1922.6982231325699,2187.609069129271,940.1019808124066,1722.6982231325699,2122.69822313257
7.242,1921.6965785746513,2186.7607261926814,942.2309606141442,1721.6965785746513,2121.6965785746515
7.244,1920.7956892508785,2185.9115852549003,944.0333069364912,1720.7956892508785,2120.7956892508782
7.246,1919.9900803505514,2185.061645776679,945.3054203627335,1719.9900803505514,2119.9900803505516
7.248,1919.2727752430974,2184.210907218764,946.0266183448064,1719.2727752430974,2119.2727752430974
7.25,1918.6347467348983,2183.3593690419048,946.3229069288295,1718.6347467348983,2118.6347467348983
7.252,1918.0634827918582,2182.5070307068454,946.4216886477332,1718.0634827918582,2118.0634827918584
7.2540000000000004,1917.5414636328483,2181.6538916743375,946.5791837757032,1717.5414636328483,2117.5414636328483
7.256,1917.046242562405,2180.7999514051253,946.9600789943529,1717.046242562405,2117.046242562405
7.258,1916.554516623568,2179.9452093599575,947.6111856624598,1716.554516623568,2116.554516623568
7.26,1916.0476557793174,2179.089664999582,948.4684711928008,1716.0476557793174,2116.047655779317
7.2620000000000005,1915.517624902905,2178.233317784745,949.418704877905,1715.517624902905,2115.517624902905
7.264,1914.969432759148,2177.376167176196,950.359382556978,1714.969432759148,2114.969432759148
7.266,1914.4199475100693,2176.518212634679,951.2074999685635,1714.4199475100693,2114.4199475100695
7.268,1913.8913253230367,2175.659453620945,951.8823415025464,1713.8913253230367,2113.8913253230367
7.2700000000000005,1913.406737307531,2174.79988959574,952.2720030446122,1713.406737307531,2113.4067373075313
7.272,1912.9823163840006,2173.9395200198132,952.2375740343774,1712.9823163840006,2112.9823163840006
7.274,1912.6271916725302,2173.0783443539094,951.6520272857882,1712.6271916725302,2112.62719167253
7.276,1912.3412669739112,2172.216362058778,950.4306346478114,1712.3412669739112,2112.341266973911
7.2780000000000005,1912.1191369923695,2171.353572595165,948.6147447229558,1712.1191369923695,2112.1191369923695
7.28,1911.9533256196596,2170.4899754238195,946.36754032694,1711.9533256196596,2111.9533256196596
7.282,1911.8357628255822,2169.625570005487,944.0043613525385,1711.8357628255822,2111.835762825582
7.284,1911.7563552322254,2168.7603558009187,941.9337682324415,1711.7563552322254,2111.7563552322254
7.2860000000000005,1911.700430439401,2167.8943322708574,940.5255580687647,1711.700430439401,2111.7004304394013
7.288,1911.6473849231552,2167.027498876054,940.0201251118008,1711.6473849231552,2111.647384923155
7.29,1911.569955084697,2166.159855077254,940.4197730594645,1711.569955084697,2111.569955084697
7.292,1911.435817302194,2165.291400335207,941.578681670975,1711.435817302194,2111.4358173021938
7.2940000000000005,1911.2131147223445,2164.4221341106586,943.2290886703923,1711.2131147223445,2111.2131147223445
7.296,1910.87665524034,2163.5520558643557,945.0254844286475,1710.87665524034,2110.87665524034
7.298,1910.414187936607,2162.681165057048,946.6515106895262,1710.414187936607,2110.414187936607
7.3,1909.829546177124,2161.8094611494835,947.8675481199367,1709.829546177124,2109.829546177124
7.3020000000000005,1909.1409976463453,2160.936943602407,948.569310902932,1709.1409976463453,2109.1409976463456
7.304,1908.3771183554313,2160.063611876567,948.7341552065292,1708.3771183554313,2108.3771183554313
7.306,1907.5702835310558,2159.1894654327116,948.383295394051,1707.5702835310558,2107.570283531056
7.308,1906.7513989271695,2158.314503731587,947.6313532406454,1706.7513989271695,2106.7513989271692
7.3100000000000005,1905.9462396982028,2157.4387262339433,946.680865931277,1705.9462396982028,2105.9462396982026
7.312,1905.1750815696341,2156.562132400524,945.8462758243376,1705.1750815696341,2105.175081569634
7.314,1904.4551333411657,2155.6847216920805,945.4941788412292,1704.4551333411657,2104.4551333411655
7.316,1903.8034242919514,2154.8064935693574,945.9399685423898,1703.8034242919514,2103.803424291951
7.3180000000000005,1903.238233785146,2153.9274474931053,947.4167492811682,1703.238233785146,2103.238233785146
7.32,1902.778447657385,2153.0475829240695,949.9574464646431,1702.778447657385,2102.778447657385
7.322,1902.4418507575738,2152.166899322998,953.3944384513414,1702.4418507575738,2102.441850757574
7.324,1902.2414578770095,2151.285396150636,957.3146352684821,1702.2414578770095,2102.2414578770095
7.3260000000000005,1902.1843346881724,2150.4030728677353,961.1293008705901,1702.1843346881724,2102.1843346881724
7.328,1902.271416164135,2149.5199289350403,964.3107784233758,1702.271416164135,2102.271416164135
7.33,1902.4985965452233,2148.635963813301,966.5135982428396,1702.4985965452233,2102.4985965452233
7.332,1902.8589792178554,2147.751176963262,967.6746626953365,1702.8589792178554,2102.8589792178554
7.3340000000000005,1903.3434331659143,2146.8655678456726,967.9198059457262,1703.3434331659143,2103.3434331659146
7.336,1903.9406965862922,2145.9791359212795,967.4876970241132,1703.9406965862922,2103.9406965862922
7.338,1904.6363207436652,2145.0918806508307,966.625478524714,1704.6363207436652,2104.6363207436652
7.34,1905.412481395037,2144.203801495074,965.4286050898842,1705.412481395037,2105.412481395037
7.3420000000000005,1906.2499367811404,2143.3148979147554,963.7854519502965,1706.2499367811404,2106.2499367811406
7.344,1907.1309729513307,2142.4251693706246,961.4908634017771,1707.1309729513307,2107.1309729513305
7.346,1908.0444920620578,2141.534615323427,958.3928411929292,1708.0444920620578,2108.0444920620575
7.348,1908.990569410054,2140.6432352339116,954.5389107456313,1708.990569410054,2108.990569410054
7.3500000000000005,1909.9835674411363,2139.751028562826,950.2438195652629,1709.9835674411363,2109.983567441136
7.352,1911.048278605486,2138.857994770917,945.9134798368669,1711.048278605486,2111.0482786054863
7.354,1912.2157088120184,2137.964133318931,941.9320970930686,1712.2157088120184,2112.2157088120184
7.356,1913.5172592748904,2137.0694436676176,938.493615051575,1713.5172592748904,2113.5172592748904
7.3580000000000005,1914.9770966475382,2136.1739252777224,935.5318936887461,1714.9770966475382,2114.977096647538
7.36,1916.6034011517784,2135.2775776099943,932.7600605672648,1716.6034011517784,2116.6034011517786
7.362,1918.3849471584576,2134.38040012518,929.8450276070862,1718.3849471584576,2118.3849471584576
7.364,1920.287836692002,2133.4823922840287,926.6378070619644,1720.287836692002,2120.287836692002
7.3660000000000005,1922.2559214147984,2132.5835535472834,923.2901398989677,1722.2559214147984,2122.2559214147986
7.368,1924.2137376194503,2131.6838833756974,920.1853861970582,1724.2137376194503,2124.2137376194505
7.37,1926.069617991985,2130.783381230015,917.7493613184704,1726.069617991985,2126.069617991985
7.372,1927.7223421754286,2129.882046570985,916.2486787277704,1727.7223421754286,2127.722342175429
7.3740000000000006,1929.0664837071672,2128.9798788593525,915.5806960147951,1729.0664837071672,2129.066483707167
7.376,1930.0008967226593,2128.076877555867,915.3705088604346,1730.0008967226593,2130.0008967226595
7.378,1930.4393108108868,2127.173042121276,915.0751195188254,1730.4393108108868,2130.439310810887
7.38,1930.3158657684605,2126.268372016326,914.2272982576378,1730.3158657684605,2130.3158657684608
7.382000000000001,1929.5911463460711,2125.3628667017665,912.619290822706,1729.5911463460711,2129.591146346071
7.384,1928.2540994369338,2124.456525638342,910.360086108859,1728.2540994369338,2128.2540994369338
7.386,1926.318812038996,2123.5493482868023,907.8448957096291,1726.318812038996,2126.318812038996
7.388,1923.8182714243667,2122.641334107894,905.5365273738399,1723.8182714243667,2123.8182714243667
7.390000000000001,1920.7940007273785,2121.7324825623646,903.8262537605124,1720.7940007273785,2120.7940007273783
7.392,1917.2878130925174,2120.8227931109623,902.925104624536,1717.2878130925174,2117.2878130925174
7.394,1913.336239585579,2119.9122652144342,902.9388091708506,1713.336239585579,2113.3362395855793
7.396,1908.96879348448,2119.0008983335265,904.0034670142693,1708.96879348448,2108.96879348448
7.398000000000001,1904.2105547895223,2118.0886919289887,906.3490096175702,1704.2105547895223,2104.2105547895226
7.4,1899.087695710514,2117.175645461568,910.3970314505096,1699.087695710514,2099.087695710514
7.402,1893.6342619414886,2116.261758392012,916.5051068934868,1693.6342619414886,2093.6342619414886
7.404,1887.8973860473873,2115.347030181065,925.0061970318144,1687.8973860473873,2087.897386047387
7.406000000000001,1881.9387414565049,2114.4314602894774,936.0625776565747,1681.9387414565049,2081.938741456505
7.408,1875.8291107548444,2113.5150481779983,949.5010079915315,1675.8291107548444,2075.8291107548444
7.41,1869.6381669997518,2112.597793307372,964.7717350071936,1669.6381669997518,2069.638166999752
7.412,1863.4199971742848,2111.6796951383476,981.202894677829,1663.4199971742848,2063.4199971742846
7.414000000000001,1857.1992383586296,2110.7607531316708,998.0681022440099,1657.1992383586296,2057.1992383586294
7.416,1850.96196767108,2109.840966748093,1014.7411640694311,1650.96196767108,2050.96196767108
7.418,1844.6555841666943,2108.920335448358,1030.7287875342645,1644.6555841666943,2044.6555841666943
7.42,1838.20554718208,2107.998858693213,1045.629352825653,1638.20554718208,2038.20554718208
7.422000000000001,1831.5351988836665,2107.07653594341,1059.140401908205,1631.5351988836665,2031.5351988836665
7.424,1824.59482934558,2106.1533666596906,1070.9322370909226,1624.59482934558,2024.59482934558
7.426,1817.3911554139404,2105.2293503028086,1080.6869625956667,1617.3911554139404,2017.3911554139404
7.428,1809.9974598585363,2104.3044863335053,1088.2288354587963,1609.9974598585363,2009.9974598585363
7.43,1802.5563743784528,2103.3787742125314,1093.521667817505,1602.5563743784528,2002.5563743784528
7.432,1795.2652751730222,2102.4522134006356,1096.8726483566054,1595.2652751730222,1995.2652751730222
7.434,1788.3539893173684,2101.524803358562,1098.9417098229512,1588.3539893173684,1988.3539893173684
7.436,1782.0611331518874,2100.59654354706,1100.5003705320148,1582.0611331518874,1982.0611331518874
7.438,1776.6105818937253,2099.6674334268782,1102.273865605169,1576.6105818937253,1976.6105818937253
7.44,1772.2023746776522,2098.7374724587626,1104.6572473021656,1572.2023746776522,1972.2023746776522
7.442,1769.0044065596483,2097.8066601034598,1107.6145827285377,1569.0044065596483,1969.0044065596483
7.444,1767.1455294924897,2096.8749958217204,1110.661397439516,1567.1455294924897,1967.1455294924897
7.446,1766.714544252154,2095.9424790742887,1113.0658059088948,1566.714544252154,1966.714544252154
7.448,1767.7530477176397,2095.0091093219135,1114.149485920699,1567.7530477176397,1967.7530477176397
7.45,1770.250244416059,2094.0748860253434,1113.5937696222993,1570.250244416059,1970.250244416059
7.452,1774.1426518870703,2093.139808645323,1111.6678100300103,1574.1426518870703,1974.1426518870703
7.454,1779.3204636144076,2092.203876642603,1109.1070547590107,1579.3204636144076,1979.3204636144076
7.456,1785.6375412533237,2091.2670894779285,1106.9264560119711,1585.6375412533237,1985.6375412533237
7.458,1792.9245678319887,2090.329446612048,1105.958597595715,1592.9245678319887,1992.9245678319887
7.46,1801.0048018973578,2089.39094750571,1106.483186289211,1601.0048018973578,2001.0048018973578
7.462,1809.7088942147,2088.4515916196597,1107.8925591828404,1609.7088942147,2009.7088942147
7.464,1818.8811085109285,2087.511378414646,1108.6762922183796,1618.8811085109285,2018.8811085109285
7.466,1828.3833326739214,2086.570307351416,1106.6968432961007,1628.3833326739214,2028.3833326739214
7.468,1838.0951829251455,2085.628377890718,1099.654657403201,1638.0951829251455,2038.0951829251455
7.47,1847.9126957737321,2084.6855894933005,1085.8924166993775,1647.9126957737321,2047.9126957737321
7.472,1857.748116593114,2083.7419416199073,1064.518708458879,1657.748116593114,2057.748116593114
7.474,1867.5295266031028,2082.797433731289,1035.8674530560427,1667.5295266031028,2067.5295266031026
7.476,1877.2024811951883,2081.8520652881916,1001.5498393507419,1677.2024811951883,2077.2024811951883
7.478,1886.7309724703819,2080.9058357513622,963.7822593915602,1686.7309724703819,2086.730972470382
7.48,1896.0950841439828,2079.9587445815514,925.2012837475435,1696.0950841439828,2096.0950841439826
7.482,1905.2878907922832,2079.0107912395033,888.2564003917657,1705.2878907922832,2105.287890792283
7.484,1914.307241698299,2078.0619751859667,854.9376684620069,1714.307241698299,2114.307241698299
7.486,1923.1447412707946,2077.1122958816895,826.6630243622122,1723.1447412707946,2123.144741270795
7.488,1931.7781513178347,2076.1617527874178,804.1496340000806,1731.7781513178347,2131.7781513178347
7.49,1940.165298904048,2075.210345363901,787.8217420703837,1740.165298904048,2140.165298904048
7.492,1948.2438603114608,2074.2580730718846,777.6687853005741,1748.2438603114608,2148.2438603114606
7.494,1955.9374517263138,2073.304935372118,773.139401930591,1755.9374517263138,2155.937451726314
7.496,1963.1651430430477,2072.3509317253465,773.4608717130556,1763.1651430430477,2163.1651430430475
7.498,1969.8510187038864,2071.3960615923197,777.4708235831389,1769.8510187038864,2169.8510187038864
7.5,1975.9303602404552,2070.4403244337846,783.764384008083,1775.9303602404552,2175.9303602404552
7.502,1981.349061785563,2069.483719710489,791.0529116271048,1781.349061785563,2181.349061785563
7.5040000000000004,1986.0565477207272,2068.526246883177,798.2478868536559,1786.0565477207272,2186.0565477207274
7.506,1989.9968986226409,2067.567905412603,804.6721533586971,1789.9968986226409,2189.996898622641
7.508,1993.1012689731842,2066.6086947595068,810.0571327407708,1793.1012689731842,2193.1012689731842
7.51,1995.2890332236443,2065.6486143846414,814.459655386378,1795.2890332236443,2195.2890332236443
7.5120000000000005,1996.4767864413202,2064.687663748752,818.1118172422664,1796.4767864413202,2196.47678644132
7.514,1996.5981611431462,2063.725842312586,821.2155784832038,1796.5981611431462,2196.598161143146
7.516,1995.627455217587,2062.7631495368914,823.8920015866263,1795.627455217587,2195.6274552175873
7.518,1993.599827594601,2061.7995848824157,826.1702748637655,1793.599827594601,2193.5998275946013
7.5200000000000005,1990.6230355993982,2060.8351478099075,827.9998935504484,1790.6230355993982,2190.6230355993985
7.522,1986.869835259034,2059.869837780112,829.3145046458077,1786.869835259034,2186.869835259034
7.524,1982.5653178072778,2058.9036542537788,830.0861286113212,1782.5653178072778,2182.565317807278
7.526,1977.95971391359,2057.936596691654,830.3350642559094,1777.95971391359,2177.95971391359
7.5280000000000005,1973.2975982155215,2056.9686645544834,830.159588016307,1773.2975982155215,2173.2975982155212
7.53,1968.7862242564702,2055.999857303019,829.7380304650361,1768.7862242564702,2168.78622425647
7.532,1964.5843723630987,2055.0301743980053,829.3235206173956,1764.5843723630987,2164.5843723630987
7.534,1960.7914237060047,2054.0596153001916,829.2521571997152,1760.7914237060047,2160.791423706005
7.5360000000000005,1957.448451158521,2053.088179470322,829.8846504963159,1757.448451158521,2157.448451158521
7.538,1954.5429210251143,2052.1158663691467,831.565922916543,1754.5429210251143,2154.542921025114
7.54,1952.021005606895,2051.142675457413,834.5214617064622,1752.021005606895,2152.021005606895
7.542,1949.7945296194926,2050.168606195871,838.7685012342197,1749.7945296194926,2149.7945296194926
7.5440000000000005,1947.7531345560467,2049.193658045261,844.1802512324385,1747.7531345560467,2147.7531345560465
7.546,1945.7808964443973,2048.2178304663366,850.4792677577326,1745.7808964443973,2145.7808964443975
7.548,1943.7664334136666,2047.241122919845,857.3099480605175,1743.7664334136666,2143.7664334136666
7.55,1941.6168348687618,2046.2635348665308,864.3223700685925,1741.6168348687618,2141.6168348687615
7.5520000000000005,1939.267030450451,2045.2850657671415,871.1931895170924,1739.267030450451,2139.267030450451
7.554,1936.680125968096,2044.305715082427,877.6718191110117,1736.680125968096,2136.680125968096
7.556,1933.8423451124202,2043.325482273135,883.5400700395509,1733.8423451124202,2133.84234511242
7.558,1930.7509153323904,2042.344366800011,888.6329335451828,1730.7509153323904,2130.7509153323904
7.5600000000000005,1927.4012971009324,2041.3623681238014,892.873834411795,1727.4012971009324,2127.4012971009324
7.562,1923.774817477517,2040.3794857052608,896.2550985313766,1723.774817477517,2123.774817477517
7.564,1919.832840721915,2039.395719005126,898.9042043058203,1719.832840721915,2119.832840721915
7.566,1915.517340599062,2038.4110674841513,901.0847183968633,1715.517340599062,2115.5173405990618
7.5680000000000005,1910.7580348472222,2037.4255306030846,903.1545739476855,1710.7580348472222,2110.758034847222
7.57,1905.4831962048368,2036.4391078226708,905.5427019681964,1705.4831962048368,2105.4831962048365
7.572,1899.6277264419944,2035.4517986036572,908.6654815035521,1699.6277264419944,2099.627726441994
7.574,1893.144518594237,2034.4636024067959,912.9370147867688,1693.144518594237,2093.144518594237
7.5760000000000005,1886.010551075978,2033.4745186928258,918.7108259703988,1686.010551075978,2086.0105510759777
7.578,1878.2264150345566,2032.484546922503,926.3852958246787,1678.2264150345566,2078.2264150345563
7.58,1869.818040775182,2031.4936865565696,935.79918502115,1669.818040775182,2069.818040775182
7.582,1860.833848500794,2030.5019370557748,947.0795704449546,1660.833848500794,2060.833848500794
7.5840000000000005,1851.3391081254872,2029.5092978808689,960.0495473652242,1651.3391081254872,2051.339108125487
7.586,1841.414121663151,2028.5157684925953,974.426472027108,1641.414121663151,2041.414121663151
7.588,1831.1520862144966,2027.521348351701,989.7670769387558,1631.1520862144966,2031.1520862144966
7.59,1820.6572883778454,2026.5260369189373,1005.5796702587384,1620.6572883778454,2020.6572883778454
7.5920000000000005,1810.0463452670497,2025.5298336550495,1021.4016197064415,1610.0463452670497,2010.0463452670497
7.594,1799.4480393998924,2024.5327380207855,1036.8826809800173,1599.4480393998924,1999.4480393998924
7.596,1789.0013670547298,2023.5347494768912,1051.8645002987955,1589.0013670547298,1989.0013670547298
7.598,1778.8501444862982,2022.5358674841173,1066.3898260626622,1578.8501444862982,1978.8501444862982
7.6000000000000005,1769.1361111491337,2021.5360915032106,1080.7301957842692,1569.1361111491337,1969.1361111491337
7.602,1759.9944802725458,2020.5354209949155,1095.299653776722,1559.9944802725458,1959.9944802725458
7.604,1751.5479902690918,2019.5338554199834,1110.5723573557493,1551.5479902690918,1951.5479902690918
7.606,1743.9045851902858,2018.5313942391595,1126.8934191780477,1543.9045851902858,1943.9045851902858
7.6080000000000005,1737.1593981171882,2017.5280369131924,1144.3206815409553,1537.1593981171882,1937.1593981171882
7.61,1731.3938926689157,2016.5237829028274,1162.5635544663403,1531.3938926689157,1931.3938926689157
7.612,1726.6749442947591,2015.5186316688132,1180.8883303220352,1526.6749442947591,1926.6749442947591
7.614,1723.054751823848,2014.5125826719004,1198.2588699268567,1523.054751823848,1923.054751823848
7.6160000000000005,1720.5678378359448,2013.5056353728323,1213.4271185033163,1520.5678378359448,1920.5678378359448
7.618,1719.2302833249792,2012.4977892323568,1225.2110422407832,1519.2302833249792,1919.2302833249792
7.62,1719.0418540475703,2011.4890437112235,1232.7175661622266,1519.0418540475703,1919.0418540475703
7.622,1719.9880205742013,2010.4793982701794,1235.2843363152297,1519.9880205742013,1919.9880205742013
7.6240000000000006,1722.0429993958378,2009.4688523699715,1232.7692813714089,1522.0429993958378,1922.0429993958378
7.626,1725.1714243791098,2008.4574054713457,1225.4201481140285,1525.1714243791098,1925.1714243791098
7.628,1729.327508479968,2007.4450570350537,1213.5824629450933,1529.327508479968,1929.327508479968
7.63,1734.450739713866,2006.4318065218367,1197.8328943562592,1534.450739713866,1934.450739713866
7.632000000000001,1740.4766705750449,2005.4176533924474,1178.769658152771,1540.4766705750449,1940.4766705750449
7.634,1747.3280774000204,2004.4025971076317,1156.8718451025065,1547.3280774000204,1947.3280774000204
7.636,1754.9192179935721,2003.386637128141,1132.7227201568255,1554.9192179935721,1954.9192179935721
7.638,1763.1578702429995,2002.3697729147143,1106.9969182074694,1563.1578702429995,1963.1578702429995
7.640000000000001,1771.9438304358334,2001.3520039281038,1080.487166074208,1571.9438304358334,1971.9438304358334
7.642,1781.1655612285067,2000.3333296290575,1054.1814797365698,1581.1655612285067,1981.1655612285067
7.644,1790.696493063497,1999.313749478324,1029.0971648659663,1590.696493063497,1990.696493063497
7.646,1800.389725156162,1998.2932629366478,1006.2106719359878,1600.389725156162,2000.389725156162
7.648000000000001,1810.0772280969747,1997.2718694647801,986.2067452826984,1610.0772280969747,2010.0772280969747
7.65,1819.571398669912,1996.2495685234644,969.3786550270627,1619.571398669912,2019.571398669912
7.652,1828.6717951191383,1995.2263595734494,955.7647945925894,1628.6717951191383,2028.6717951191383
7.654,1837.174506397192,1994.2022420754802,945.0683226666649,1637.174506397192,2037.174506397192
7.656000000000001,1844.8786162541473,1993.177215490311,936.8818674597602,1644.8786162541473,2044.8786162541473
7.658,1851.5975207481529,1992.1512792786862,930.8984286543989,1651.5975207481529,2051.597520748153
7.66,1857.166632861083,1991.1244329013507,926.8305462213526,1657.166632861083,2057.1666328610827
7.662,1861.4475242016083,1990.0966758190543,924.4477399876996,1661.4475242016083,2061.4475242016083
7.664000000000001,1864.3333569891543,1989.068007492543,923.5794299564619,1664.3333569891543,2064.3333569891543
7.666,1865.7498516574437,1988.0384273825657,924.0046441991008,1665.7498516574437,2065.7498516574437
7.668,1865.6565349692908,1987.00793494987,925.5320585449422,1665.6565349692908,2065.656534969291
7.67,1864.0448511122545,1985.9765296552032,928.1017673257954,1664.0448511122545,2064.0448511122545
7.672000000000001,1860.9348462305002,1984.94421095931,931.7892221891442,1660.9348462305002,2060.9348462305
7.674,1856.3749308965698,1983.9109783229433,936.8129840761954,1656.3749308965698,2056.37493089657
7.676,1850.4373642111184,1982.8768312068469,943.523736197804,1650.4373642111184,2050.4373642111186
7.678,1843.2154595700185,1981.8417690717706,952.250930428215,1643.2154595700185,2043.2154595700185
7.68,1834.8237464613155,1980.805791378457,963.2509104214523,1634.8237464613155,2034.8237464613155
7.682,1825.3940597727824,1979.768897587659,976.7881605867925,1625.3940597727824,2025.3940597727824
7.684,1815.0719086138556,1978.7310871601221,993.0209034796044,1615.0719086138556,2015.0719086138556
7.686,1804.0121469053374,1977.6923595565931,1012.0314519508586,1604.0121469053374,2004.0121469053374
7.688,1792.3704473135983,1976.6527142378209,1033.8775394642998,1592.3704473135983,1992.3704473135983
7.69,1780.2946815855355,1975.6121506645504,1058.316116395145,1580.2946815855355,1980.2946815855355
7.692,1767.9150074461568,1974.5706682975333,1084.750383030686,1567.9150074461568,1967.9150074461568
7.694,1755.3390763996904,1973.5282665975128,1112.2337179354417,1555.3390763996904,1955.3390763996904
7.696,1742.6540071337502,1972.4849450252395,1139.43848455483,1542.6540071337502,1942.6540071337502
7.698,1729.929672153068,1971.4407030414604,1164.958376164927,1529.929672153068,1929.929672153068
7.7,1717.236162918406,1970.3955401069225,1187.4867266149402,1517.236162918406,1917.236162918406
7.702,1704.6611716883283,1969.3494556823716,1206.1907071479932,1504.6611716883283,1904.6611716883283
7.704,1692.3199300747292,1968.3024492285576,1220.873293466102,1492.3199300747292,1892.3199300747292
7.706,1680.3658139049041,1967.2545202062256,1231.8365869216361,1480.3658139049041,1880.3658139049041
7.708,1668.9722432667506,1966.2056680761261,1239.9651336628797,1468.9722432667506,1868.9722432667506
7.71,1658.3678787527995,1965.1558922990062,1246.3759270582627,1458.3678787527995,1858.3678787527995
7.712,1648.7668124315173,1964.10519233561,1252.1013582185544,1448.7668124315173,1848.7668124315173
7.714,1640.3712440756715,1963.053567646688,1257.9427619614623,1440.3712440756715,1840.3712440756715
7.716,1633.3626841873142,1962.0010176929882,1264.2859841067757,1433.3626841873142,1833.3626841873142
7.718,1627.8918306461237,1960.9475419352557,1271.1181297062835,1427.8918306461237,1827.8918306461237
7.72,1624.0787508757974,1959.8931398342402,1278.1111832501824,1424.0787508757974,1824.0787508757974
7.722,1622.0139065149865,1958.8378108506877,1284.786736343323,1422.0139065149865,1822.0139065149865
7.724,1621.7521270484256,1957.781554445347,1290.6342100173338,1421.7521270484256,1821.7521270484256
7.726,1623.311358630345,1956.7243700789622,1295.2545414082006,1423.311358630345,1823.311358630345
7.728,1626.6709313449317,1955.6662572122868,1298.4059392253296,1426.6709313449317,1826.6709313449317
7.73,1631.7699535151758,1954.6072153060613,1299.9196051949943,1431.7699535151758,1831.7699535151758
7.732,1638.5129077034273,1953.5472438210409,1299.7067840510488,1438.5129077034273,1838.5129077034273
7.734,1646.7748824036335,1952.486342217966,1297.636301208572,1446.7748824036335,1846.7748824036335
7.736,1656.4069131812973,1951.4245099575883,1293.38304458738,1456.4069131812973,1856.4069131812973
7.738,1667.2407108327805,1950.3617465006546,1286.462534115015,1467.2407108327805,1867.2407108327805
7.74,1679.090577311971,1949.29805130791,1276.2301580710762,1479.090577311971,1879.090577311971
7.742,1691.7562510519062,1948.2334238401054,1261.8318963118384,1491.7562510519062,1891.7562510519062
7.744,1705.0295609447448,1947.1678635579856,1242.5235082146194,1505.0295609447448,1905.0295609447448
7.746,1718.7032207513348,1946.1013699223013,1217.8451387862858,1518.7032207513348,1918.7032207513348
7.748,1732.5792277539717,1945.0339423937958,1187.6153641098952,1532.5792277539717,1932.5792277539717
7.75,1746.475604959691,1943.9655804332197,1152.3798982162887,1546.475604959691,1946.475604959691
7.752,1760.2294182563544,1942.896283501319,1113.3463154582387,1560.2294182563544,1960.2294182563544
7.7540000000000004,1773.6909992562264,1941.8260510588425,1072.1998768040203,1573.6909992562264,1973.6909992562264
7.756,1786.7156277632605,1940.7548825665372,1031.0902733557093,1586.7156277632605,1986.7156277632605
7.758,1799.15627256264,1939.682777485149,991.4093289619149,1599.15627256264,1999.15627256264
7.76,1810.8588440747135,1938.6097352754268,956.6881930028773,1610.8588440747135,2010.8588440747135
7.7620000000000005,1821.6631495947552,1937.5357553981194,927.3820621843048,1621.6631495947552,2021.6631495947552
7.764,1831.408280442774,1936.4608373139718,904.0974626550496,1631.408280442774,2031.408280442774
7.766,1839.9459897581235,1935.3849804837328,887.0357812907589,1639.9459897581235,2039.9459897581235
7.768,1847.1505462646733,1934.308184368152,875.7369847447767,1647.1505462646733,2047.1505462646733
7.7700000000000005,1852.9255829076687,1933.2304484279712,869.6117966840183,1652.9255829076687,2052.9255829076687
7.772,1857.2099581894581,1932.1517721239425,868.1366514546277,1657.2099581894581,2057.209958189458
7.774,1859.9742400631553,1931.0721549168138,870.5686950561051,1659.9742400631553,2059.9742400631553
7.776,1861.2145595844247,1929.9915962673294,876.2209589888379,1661.2145595844247,2061.214559584425
7.7780000000000005,1860.942771411256,1928.91009563624,884.4820253443584,1660.942771411256,2060.942771411256
7.78,1859.1761672196167,1927.8276524842904,894.683621522985,1659.1761672196167,2059.1761672196167
7.782,1855.9304570213335,1926.744266272227,906.3935659307782,1655.9304570213335,2055.9304570213335
7.784,1851.2154677619626,1925.6599364608019,919.5062004068884,1651.2154677619626,2051.215467761963
7.7860000000000005,1845.0368234996363,1924.5746625107604,934.1419446708034,1645.0368234996363,2045.0368234996363
7.788,1837.4028526807424,1923.4884438828494,950.6264560326297,1637.4028526807424,2037.4028526807424
7.79,1828.3378142508157,1922.4012800378168,969.3789756973572,1628.3378142508157,2028.3378142508157
7.792,1817.8951462895793,1921.3131704364114,990.601109457925,1617.8951462895793,2017.8951462895793
7.7940000000000005,1806.1720245373358,1920.2241145393773,1014.2890416630024,1606.1720245373358,2006.1720245373358
7.796,1793.3204078280276,1919.1341118074633,1040.248843828017,1593.3204078280276,1993.3204078280276
7.798,1779.5478209072346,1918.04316170142,1067.9640439917407,1579.5478209072346,1979.5478209072346
7.8,1765.1151512203694,1916.9512636819918,1096.776089044181,1565.1151512203694,1965.1151512203694
7.8020000000000005,1750.3199922749204,1915.8584172099263,1125.896916399652,1550.3199922749204,1950.3199922749204
7.804,1735.4747448606208,1914.7646217459724,1154.4031384183659,1535.4747448606208,1935.4747448606208
7.806,1720.8864344574001,1913.669876750877,1181.3512066884155,1520.8864344574001,1920.8864344574001
7.808,1706.8312261018457,1912.5741816853879,1205.7567113628927,1506.8312261018457,1906.8312261018457
7.8100000000000005,1693.5579969398093,1911.4775360102512,1226.8816239604223,1493.5579969398093,1893.5579969398093
7.812,1681.2308281789428,1910.3799391862158,1244.264950463489,1481.2308281789428,1881.2308281789428
7.814,1669.9789045126756,1909.2813906740284,1257.691358146527,1469.9789045126756,1869.9789045126756
7.816,1659.8886641523263,1908.181889934437,1267.513018108139,1459.8886641523263,1859.8886641523263
7.8180000000000005,1651.0083897036307,1907.0814364281905,1274.3639901607164,1451.0083897036307,1851.0083897036307
7.82,1643.3566130745035,1905.980029616032,1279.0348085748067,1443.3566130745035,1843.3566130745035
7.822,1636.9241431143846,1904.877668958712,1282.4857274220044,1436.9241431143846,1836.9241431143846
7.824,1631.6728232017774,1903.7743539169815,1285.5057143814563,1431.6728232017774,1831.6728232017774
7.8260000000000005,1627.5407993725526,1902.6700839515797,1288.6222553332748,1427.5407993725526,1827.5407993725526
7.828,1624.446602336001,1901.564858523262,1291.9995223804985,1424.446602336001,1824.446602336001
7.83,1622.2932400944824,1900.4586770927708,1295.4228747984826,1422.2932400944824,1822.2932400944824
7.832,1620.9787319538507,1899.3515391208575,1298.3539404647704,1420.9787319538507,1820.9787319538507
7.8340000000000005,1620.400282087038,1898.2434440682646,1300.0699638889662,1420.400282087038,1820.400282087038
7.836,1620.4540742347576,1897.1343913957453,1299.8358100069438,1420.4540742347576,1820.4540742347576
7.838,1621.0397646790857,1896.024380564042,1296.9773261020637,1421.0397646790857,1821.0397646790857
7.84,1622.059868768596,1894.9134110339055,1291.1840773270571,1422.059868768596,1822.059868768596
7.8420000000000005,1623.4185483048248,1893.8014822660825,1282.4794457718695,1423.4185483048248,1823.4185483048248
7.844,1625.0281010077292,1892.6885937213192,1271.1839486928766,1425.0281010077292,1825.0281010077292
7.846,1626.8104036200573,1891.574744860366,1258.0608757574314,1426.8104036200573,1826.8104036200573
7.848,1628.6977922623362,1890.4599351439692,1244.051549279064,1428.6977922623362,1828.6977922623362
7.8500000000000005,1630.6356463977602,1889.3441640328747,1230.189706278116,1430.6356463977602,1830.6356463977602
7.852,1632.5805098842243,1888.2274309878294,1217.4697707863559,1432.5805098842243,1832.5805098842243
7.854,1634.500580328079,1887.109735469583,1206.672480560996,1434.500580328079,1834.500580328079
7.856,1636.372934734043,1885.9910769388835,1198.3806299161022,1436.372934734043,1836.372934734043
7.8580000000000005,1638.1826290823376,1884.8714548564767,1192.8059016747543,1438.1826290823376,1838.1826290823376
7.86,1639.925099842244,1883.7508686831106,1189.9419151522818,1439.925099842244,1839.925099842244
7.862,1641.5978894597347,1882.629317879534,1189.712175803807,1441.5978894597347,1841.5978894597347
7.864,1643.197015731776,1881.506801906491,1191.8663359691766,1443.197015731776,1843.197015731776
7.8660000000000005,1644.8101291121743,1880.3833202247324,1196.1845477917996,1444.8101291121743,1844.8101291121743
7.868,1646.2917998791343,1879.258872295005,1202.5163023196485,1446.2917998791343,1846.2917998791343
7.87,1647.5909207608852,1878.1334575780547,1210.5711152168542,1447.5909207608852,1847.5909207608852
7.872,1648.6349055966593,1877.0070755346296,1219.9900940813477,1448.6349055966593,1848.6349055966593
7.8740000000000006,1649.3308787718065,1875.8797256254793,1230.2896089977771,1449.3308787718065,1849.3308787718065
7.876,1649.5722744838624,1874.7514073113516,1240.7823275930461,1449.5722744838624,1849.5722744838624
7.878,1649.2452670046216,1873.622120052988,1250.718862726774,1449.2452670046216,1849.2452670046216
7.88,1648.2461456162887,1872.4918633111447,1259.3013911168575,1448.2461456162887,1848.2461456162887
7.882000000000001,1646.494163299784,1871.3606365465603,1265.8777766529695,1446.494163299784,1846.494163299784
7.884,1643.9404954803167,1870.228439219988,1269.9849991268645,1443.9404954803167,1843.9404954803167
7.886,1640.588389316568,1869.0952707921742,1271.3151153978622,1440.588389316568,1840.588389316568
7.888,1636.498682416415,1867.9611307238665,1269.93791933159,1436.498682416415,1836.498682416415
7.890000000000001,1631.796372875107,1866.826018475811,1266.1308917628362,1431.796372875107,1831.796372875107
7.892,1626.65847653598,1865.6899335087592,1260.3159109522835,1426.65847653598,1826.65847653598
7.894,1621.3050488808904,1864.5528752834507,1253.1813886990312,1421.3050488808904,1821.3050488808904
7.896,1615.987119367934,1863.4148432606407,1245.496420459694,1415.987119367934,1815.987119367934
7.898000000000001,1610.9580874768549,1862.2758369010753,1238.1291654241077,1410.9580874768549,1810.9580874768549
7.9,1606.4551049276286,1861.1358556654986,1231.9883419257649,1406.4551049276286,1806.4551049276286
7.902,1602.6843354618672,1859.9948990146604,1227.9308791384133,1402.6843354618672,1802.6843354618672
7.904,1599.798168006344,1858.8529664093085,1226.7993979721448,1399.798168006344,1799.798168006344
7.906000000000001,1597.8933938758005,1857.7100573101898,1229.1177760654332,1397.8933938758005,1797.8933938758005
7.908,1597.0105155973245,1856.5661711780494,1235.1412686805863,1397.0105155973245,1797.0105155973245
7.91,1597.1313749243395,1855.42130747364,1244.886277742423,1397.1313749243395,1797.1313749243395
7.912,1598.1871898051816,1854.2754656577063,1257.8441114799236,1398.1871898051816,1798.1871898051816
7.914000000000001,1600.0612861621958,1853.1286451909955,1273.2450303990013,1400.0612861621958,1800.0612861621958
7.916,1602.5951886724815,1851.9808455342536,1295.2265890990552,1402.5951886724815,1802.5951886724815
7.918,1605.5961149568302,1850.8320661482312,1312.1731361876582,1405.5961149568302,1805.5961149568302
7.92,1608.84119126288,1849.6823064936752,1327.8237891894776,1408.84119126288,1808.84119126288
7.922000000000001,1612.097255741967,1848.5315660313317,1340.9481640565107,1412.097255741967,1812.097255741967
7.924,1615.1342339515425,1847.3798442219477,1350.5253740846329,1415.1342339515425,1815.1342339515425
7.926,1617.7379520416137,1846.2271405262736,1355.696771947727,1417.7379520416137,1817.7379520416137
7.928,1619.740422264203,1845.0734544050556,1355.6565115148735,1419.740422264203,1819.740422264203
7.930000000000001,1621.0311823630695,1843.9187853190388,1350.0862350851057,1421.0311823630695,1821.0311823630695
7.932,1621.5695352864143,1842.7631327289728,1338.9398728028991,1421.5695352864143,1821.5695352864143
7.934,1621.3991150225643,1841.6064960956064,1322.2805790625468,1421.3991150225643,1821.3991150225643
7.936,1620.6427670842095,1840.448874879683,1300.977489743709,1420.6427670842095,1820.6427670842095
7.938,1619.4988466017685,1839.2902685419576,1276.2354578562188,1419.4988466017685,1819.4988466017685
7.94,1618.2166714179627,1838.1306765431682,1249.7741912955075,1418.2166714179627,1818.2166714179627
7.942,1617.0703302869538,1836.970098344069,1223.3015565127116,1417.0703302869538,1817.0703302869538
7.944,1616.3339442212437,1835.808533405403,1198.709934828175,1416.3339442212437,1816.3339442212437
7.946,1616.233842108025,1834.645981187924,1177.9706348777386,1416.233842108025,1816.233842108025
7.948,1616.9282583159284,1833.4824411523741,1162.4974851748223,1416.9282583159284,1816.9282583159284
7.95,1618.4920706549794,1832.3179127595022,1153.3120696563494,1418.4920706549794,1818.4920706549794
7.952,1620.902484283794,1831.152395470056,1151.089643086785,1420.902484283794,1820.902484283794
7.954,1624.0516604195507,1829.9858887447826,1155.531231488037,1424.0516604195507,1824.0516604195507
7.956,1627.7578579576796,1828.818392044429,1166.0932664162308,1427.7578579576796,1827.7578579576796
7.958,1631.7905096536733,1827.6499048297437,1182.0293929783745,1431.7905096536733,1831.7905096536733
7.96,1635.8937151774815,1826.4804265614766,1202.0522013036896,1435.8937151774815,1835.8937151774815
7.962,1639.8036310023206,1825.30995670037,1224.8859814618074,1439.8036310023206,1839.8036310023206
7.964,1643.2778748510243,1824.1384947071756,1249.0836855466496,1443.2778748510243,1843.2778748510243
7.966,1646.1061200422319,1822.9660400426374,1272.9593533614216,1446.1061200422319,1846.1061200422319
7.968,1647.9993840007442,1821.792592167506,1294.7562394642896,1447.9993840007442,1847.9993840007442
7.97,1648.9347722916527,1820.6181505425266,1312.4848445480122,1448.9347722916527,1848.9347722916527
7.972,1648.842944466048,1819.4427146284488,1324.4979002230284,1448.842944466048,1848.842944466048
7.974,1647.698935115791,1818.2662838860188,1329.369810413112,1447.698935115791,1847.698935115791
7.976,1645.5209280315107,1817.088857775986,1325.941520615531,1445.5209280315107,1845.5209280315107
7.978,1642.3665105416671,1815.910435759095,1314.2669604461119,1442.3665105416671,1842.3665105416671
7.98,1638.3345140507097,1814.7310172960924,1295.0148500425,1438.3345140507097,1838.3345140507097
7.982,1633.5645486131152,1813.55060184773,1269.6034936561025,1433.5645486131152,1833.5645486131152
7.984,1628.2355217768713,1812.3691888747535,1240.6196870347496,1428.2355217768713,1828.2355217768713
7.986,1622.5687911490536,1811.18677783791,1211.0095930092214,1422.5687911490536,1822.5687911490536
7.988,1616.8143160017826,1810.0033681979467,1184.1575336266035,1416.8143160017826,1816.8143160017826
7.99,1611.2382368002627,1808.8189594156102,1163.1411860635953,1411.2382368002627,1811.2382368002627
7.992,1606.1051073306207,1807.633550951652,1150.4478330026213,1406.1051073306207,1806.1051073306207
7.994,1601.6575708293085,1806.4471422668148,1147.8981167155036,1401.6575708293085,1801.6575708293085
7.996,1598.0949349182868,1805.2597328218471,1155.456718969615,1398.0949349182868,1798.0949349182868
7.998,1595.5541152434812,1804.0713220774996,1172.1266421175285,1395.5541152434812,1795.5541152434812
8.0,1594.0925010501862,1802.8819094945175,1196.0559944175852,1394.0925010501862,1794.0925010501862
8.002,1593.68616863476,1801.6914945336493,1224.3768110861452,1393.68616863476,1793.68616863476
8.004,1594.2297627067117,1800.5000766556404,1254.3568064129431,1394.2297627067117,1794.2297627067117
8.006,1595.5507009956511,1799.3076553212386,1283.4338516219887,1395.5507009956511,1795.5507009956511
8.008000000000001,1597.4241361765958,1798.1142299911899,1309.661352386085,1397.4241361765958,1797.4241361765958
8.01,1599.5858342159233,1796.9198001262512,1331.7696953474072,1399.5858342159233,1799.5858342159233
8.012,1601.759404974709,1795.7243651871586,1348.966933944265,1401.759404974709,1801.759404974709
8.014,1603.6710836231996,1794.5279246346645,1361.2745649553704,1403.6710836231996,1803.6710836231996
8.016,1605.0638866326071,1793.330477929515,1368.913352724049,1405.0638866326071,1805.0638866326071
8.018,1605.7234889006145,1792.1320245324605,1372.1624276115767,1405.7234889006145,1805.7234889006145
8.02,1605.4892677414684,1790.9325639042454,1371.5606940352427,1405.4892677414684,1805.4892677414684
8.022,1604.2682659508673,1789.7320955056202,1367.4488251064456,1404.2682659508673,1804.2682659508673
8.024000000000001,1602.05082283713,1788.5306187973265,1359.9861743114238,1402.05082283713,1802.05082283713
8.026,1598.914485446666,1787.3281332401184,1349.4142769624766,1398.914485446666,1798.914485446666
8.028,1595.0300522553512,1786.1246382947393,1335.8635038799127,1395.0300522553512,1795.0300522553512
8.03,1590.6515791575282,1784.9201334219415,1319.4569205877706,1390.6515791575282,1790.6515791575282
8.032,1586.10199712455,1783.7146180824657,1300.6734689803855,1386.10199712455,1786.10199712455
8.034,1581.755287918508,1782.5080917370633,1280.192349424297,1381.755287918508,1781.755287918508
8.036,1577.9913219310483,1781.3005538464831,1259.0462727188035,1377.9913219310483,1777.9913219310483
8.038,1575.1615359280866,1780.0920038714712,1238.6768353885518,1375.1615359280866,1775.1615359280866
8.040000000000001,1573.5513052270053,1778.8824412727727,1220.7039558576548,1373.5513052270053,1773.5513052270053
8.042,1573.3341087137223,1777.671865511138,1206.9533184086033,1373.3341087137223,1773.3341087137223
8.044,1574.555483847503,1776.4602760473135,1198.8030748361236,1374.555483847503,1774.555483847503
8.046,1577.1237746849908,1775.2476723420486,1197.2365521823906,1377.1237746849908,1777.1237746849908
8.048,1580.8257043946312,1774.0340538560868,1202.7943284408477,1380.8257043946312,1780.8257043946312
8.05,1585.3562619768977,1772.8194200501785,1214.8635961505163,1385.3562619768977,1785.3562619768977
8.052,1590.355253558196,1771.6037703850716,1232.396324849397,1390.355253558196,1790.355253558196
8.054,1595.428660090519,1770.387104321513,1253.9492954527727,1395.428660090519,1795.428660090519
8.056000000000001,1600.227099001058,1769.1694213202472,1277.56820430202,1400.227099001058,1800.227099001058
8.058,1604.4209749082524,1767.950720842029,1301.3993764692816,1404.4209749082524,1804.4209749082524
8.06,1607.766708692397,1766.7310023475984,1323.5757102618763,1407.766708692397,1807.766708692397
8.062,1610.0963528989716,1765.5102652977057,1342.4993257201552,1410.0963528989716,1810.0963528989716
8.064,1611.3269156368087,1764.2885091530998,1356.79797547211,1411.3269156368087,1811.3269156368087
8.066,1611.4558685703923,1763.065733374523,1365.1614109408833,1411.4558685703923,1811.4558685703923
8.068,1610.5861422306566,1761.8419374227306,1366.9181446454304,1410.5861422306566,1810.5861422306566
8.07,1608.8884574841686,1760.6171207584657,1361.581796930338,1408.8884574841686,1808.8884574841686
8.072000000000001,1606.5933551044923,1759.3912828424736,1348.8354692243283,1406.5933551044923,1806.5933551044923
8.074,1603.9762333917456,1758.1644231355058,1329.2560586025888,1403.9762333917456,1803.9762333917456
8.076,1601.341500003562,1756.9365410983082,1303.7237194520171,1401.341500003562,1801.341500003562
8.078,1598.9850348966997,1755.7076361916288,1273.607679754867,1398.9850348966997,1798.9850348966997
8.08,1597.176483322019,1754.4777078762145,1241.1550266589811,1397.176483322019,1797.176483322019
8.082,1596.1390303917358,1753.2467556128158,1208.9445047780466,1396.1390303917358,1796.1390303917358
8.084,1596.0181242522995,1752.0147788621762,1180.0610474362502,1396.0181242522995,1796.0181242522995
8.086,1596.8780079640596,1750.7817770850424,1157.4199131067428,1396.8780079640596,1796.8780079640596
8.088000000000001,1598.6944669375275,1749.5477497421634,1143.5655219625785,1398.6944669375275,1798.6944669375275
8.09,1601.3544539687132,1748.3126962942897,1140.5714862434647,1401.3544539687132,1801.3544539687132
8.092,1604.6668580135693,1747.0766162021646,1148.6803143122243,1404.6668580135693,1804.6668580135693
8.094,1608.3705538202573,1745.8395089265414,1167.0991725382114,1408.3705538202573,1808.3705538202573
8.096,1612.1679266757826,1744.6013739281589,1193.9805267168736,1412.1679266757826,1812.1679266757826
8.098,1615.7451084881216,1743.3622106677713,1226.0273983189463,1415.7451084881216,1815.7451084881216
8.1,1618.7941653782282,1742.1220186061246,1259.7483887233643,1418.7941653782282,1818.7941653782282
8.102,1621.0566510483782,1740.880797203964,1291.7950369284413,1421.0566510483782,1821.0566510483782
8.104000000000001,1622.3341491370247,1739.638545922041,1317.8595443408244,1422.3341491370247,1822.3341491370247
8.106,1622.4988291872264,1738.395264221098,1336.6832962442752,1422.4988291872264,1822.4988291872264
8.108,1621.5023870578148,1737.1509515618864,1345.244845836507,1421.5023870578148,1821.5023870578148
8.11,1619.3638273771214,1735.905607405155,1343.7370680002896,1419.3638273771214,1819.3638273771214
8.112,1616.1608625435265,1734.6592312116472,1332.3426937134268,1416.1608625435265,1816.1608625435265
8.114,1612.0110452657532,1733.4118224421109,1312.154562283664,1412.0110452657532,1812.0110452657532
8.116,1607.060338769315,1732.1633805572965,1285.1423276350195,1407.060338769315,1807.060338769315
8.118,1601.4784587890133,1730.9139050179501,1255.3299814797683,1401.4784587890133,1801.4784587890133
8.120000000000001,1595.4427289449338,1729.663395284816,1225.7442306545681,1395.4427289449338,1795.4427289449338
8.122,1589.140409161108,1728.4118508186502,1199.9712643981175,1389.140409161108,1789.140409161108
8.124,1582.7719826936734,1727.1592710801906,1181.3223515164605,1382.7719826936734,1782.7719826936734
8.126,1576.5380797416935,1725.9056555301931,1172.624198944301,1376.5380797416935,1776.5380797416935
8.128,1570.6388954784654,1724.6510036293976,1175.189195431677,1370.6388954784654,1770.6388954784654
8.13,1565.26582383865,1723.3953148385544,1189.3143196775118,1365.26582383865,1765.26582383865
8.132,1560.5805620199055,1722.1385886184116,1214.0571375079721,1360.5805620199055,1760.5805620199055
8.134,1556.7017098050346,1720.8808244297152,1246.874132045198,1356.7017098050346,1756.7017098050346
8.136000000000001,1553.6839104377805,1719.6220217332157,1284.712228309945,1353.6839104377805,1753.6839104377805
8.138,1551.5086881800887,1718.362179989661,1324.007929365554,1351.5086881800887,1751.5086881800887
8.14,1550.0790262508176,1717.1012986597952,1361.173606687275,1350.0790262508176,1750.0790262508176
8.142,1549.2160685724557,1715.8393772043673,1393.0798649808576,1349.2160685724557,1749.2160685724557
8.144,1548.6892368872598,1714.5764150841242,1417.1539234748786,1348.6892368872598,1748.6892368872598
8.146,1548.2346035277553,1713.3124117598145,1432.1421267058333,1348.2346035277553,1748.2346035277553
8.148,1547.5784010469881,1712.047366692187,1437.6438311876902,1347.5784010469881,1747.5784010469881
8.15,1546.4796487322676,1710.7812793419826,1434.1974303368352,1346.4796487322676,1746.4796487322676
8.152000000000001,1544.7485811122663,1709.5141491699578,1423.5729935979625,1344.7485811122663,1744.7485811122663
8.154,1542.262091122976,1708.2459756368535,1407.8213086352819,1342.262091122976,1742.262091122976
8.156,1539.0123144730226,1706.976758203421,1389.2378248000432,1339.0123144730226,1739.0123144730226
8.158,1535.0624299445637,1705.7064963304028,1370.1015461133525,1335.0624299445637,1735.0624299445637
8.16,1530.603709980054,1704.4351894785532,1352.2213847462863,1330.603709980054,1730.603709980054
8.162,1525.905224104625,1703.1628371086172,1336.9697674887584,1325.905224104625,1725.905224104625
8.164,1521.3153742641653,1701.889438681338,1325.027707686854,1321.3153742641653,1721.3153742641653
8.166,1517.2393014215443,1700.6149936574693,1316.6394300452403,1317.2393014215443,1717.2393014215443
8.168000000000001,1514.0978044609792,1699.3395014977532,1311.6826249523021,1314.0978044609792,1714.0978044609792
8.17,1512.2552677413614,1698.0629616629403,1309.6149643623098,1312.2552677413614,1712.2552677413614
8.172,1512.0040711749714,1696.7853736137804,1309.87041017828,1312.0040711749714,1712.0040711749714
8.174,1513.5068617186016,1695.5067368110167,1311.867100631003,1313.5068617186016,1713.5068617186016
8.176,1516.7752298710625,1694.227050715398,1315.0305419912745,1316.7752298710625,1716.7752298710625
8.178,1521.6566719672544,1692.9463147876713,1318.9512743297869,1321.6566719672544,1721.6566719672544
8.18,1527.8553775537016,1691.664528488588,1323.3356565775252,1327.8553775537016,1727.8553775537016
8.182,1534.9638984005073,1690.3816912788889,1327.9851903490767,1334.9638984005073,1734.9638984005073
8.184000000000001,1542.5053392013629,1689.097802619326,1332.7790986223679,1342.5053392013629,1742.5053392013629
8.186,1550.0008834420198,1687.8128619706467,1337.6119027289078,1350.0008834420198,1750.0008834420198
8.188,1557.0117780350083,1686.526868793596,1342.339153611653,1357.0117780350083,1757.0117780350083
8.19,1563.1830171197457,1685.2398225489278,1346.7216855434622,1363.1830171197457,1763.1830171197457
8.192,1568.2831323606547,1683.9517226973776,1350.3547974287596,1368.2831323606547,1768.2831323606547
8.194,1572.2151086855056,1682.662568699705,1352.6925243615606,1372.2151086855056,1772.2151086855056
8.196,1575.0228224851737,1681.3723600166513,1353.001284288366,1375.0228224851737,1775.0228224851737
8.198,1576.8704081033015,1680.0810961089655,1350.378590388245,1376.8704081033015,1776.8704081033015
8.2,1578.0157500867824,1678.7887764373945,1344.0473516869633,1378.0157500867824,1778.0157500867824
8.202,1578.7764819331217,1677.4954004626852,1333.3071824594276,1378.7764819331217,1778.7764819331217
8.204,1579.4730592344529,1676.2009676455882,1317.7240833793437,1379.4730592344529,1779.4730592344529
8.206,1580.396883155443,1674.9054774468477,1297.5614319407412,1380.396883155443,1780.396883155443
8.208,1581.7790514683147,1673.6089293272107,1273.5542561180662,1381.7790514683147,1781.7790514683147
8.21,1583.7612290002644,1672.3113227474278,1247.0882769164957,1383.7612290002644,1783.7612290002644
8.212,1586.3955497455004,1671.0126571682486,1220.2177139810958,1386.3955497455004,1786.3955497455004
8.214,1589.6463968537807,1669.7129320504118,1195.310250016778,1389.6463968537807,1789.6463968537807
8.216,1593.4028534630083,1668.4121468546728,1174.9783171329982,1393.4028534630083,1793.4028534630083
8.218,1597.49701484427,1667.1103010417764,1161.3737001696004,1397.49701484427,1797.49701484427
8.22,1601.7206539733281,1665.8073940724698,1156.1410476303395,1401.7206539733281,1801.7206539733281
8.222,1605.8503257277055,1664.5034254075026,1160.1014904693186,1405.8503257277055,1805.8503257277055
8.224,1609.661606930868,1663.198394507618,1172.5271313985988,1409.661606930868,1809.661606930868
8.226,1612.9424384517158,1661.892300833565,1191.8356588057536,1412.9424384517158,1812.9424384517158
8.228,1615.5128837550108,1660.5851438460977,1215.5171767339468,1415.5128837550108,1815.5128837550108
8.23,1617.2293116998114,1659.2769230059512,1240.3825245105206,1417.2293116998114,1817.2293116998114
8.232,1617.9895492324058,1657.9676377738851,1263.3146791508882,1417.9895492324058,1817.9895492324058
8.234,1617.735431297917,1656.6572876106384,1281.4152793322792,1417.735431297917,1817.735431297917
8.236,1616.4634111969215,1655.3458719769624,1292.7502281686413,1416.4634111969215,1816.4634111969215
8.238,1614.1892146162572,1654.033390333606,1296.2066255042632,1414.1892146162572,1814.1892146162572
8.24,1610.9711353591156,1652.7198421413132,1291.6271988855167,1410.9711353591156,1810.9711353591156
8.242,1606.8774810368843,1651.405226860833,1280.2256738099445,1406.8774810368843,1806.8774810368843
8.244,1601.9954679978825,1650.0895439529122,1263.8432712111035,1401.9954679978825,1801.9954679978825
8.246,1596.4147669518109,1648.7727928783015,1244.989355980171,1396.4147669518109,1796.4147669518109
8.248,1590.2459530832969,1647.4549730977442,1226.550546019744,1390.2459530832969,1790.2459530832969
8.25,1583.6066606273394,1646.136084071988,1211.2704137590151,1383.6066606273394,1783.6066606273394
8.252,1576.6303743457065,1644.8161252617838,1201.6244605758309,1376.6303743457065,1776.6303743457065
8.254,1569.4733308621558,1643.4950961278782,1199.1250316548735,1369.4733308621558,1769.4733308621558
8.256,1562.3193996040704,1642.1729961310148,1204.5758070974696,1362.3193996040704,1762.3193996040704
8.258000000000001,1555.3022929540216,1640.8498247319458,1217.983487659717,1355.3022929540216,1755.3022929540216
8.26,1548.740849339895,1639.5255813914164,1238.2453198321489,1348.740849339895,1748.740849339895
8.262,1542.8654555405324,1638.2002655701772,1263.910082094948,1342.8654555405324,1742.8654555405324
8.264,1537.8836680070945,1636.8738767289697,1293.1509925151263,1337.8836680070945,1737.8836680070945
8.266,1533.958820303878,1635.546414328548,1323.8477184285039,1333.958820303878,1733.958820303878
8.268,1531.1841312261233,1634.217877829652,1353.984441955914,1331.1841312261233,1731.1841312261233
8.27,1529.5692815801751,1632.8882666930376,1381.5626389728154,1329.5692815801751,1729.5692815801751
8.272,1529.037146515008,1631.5575803794454,1404.9100143189037,1329.037146515008,1729.037146515008
8.274000000000001,1529.4292969238593,1630.2258183496278,1422.5967049277444,1329.4292969238593,1729.4292969238593
8.276,1530.5349669074797,1628.8929800643282,1433.5130048141682,1330.5349669074797,1730.5349669074797
8.278,1532.1173763844376,1627.5590649843007,1437.391341112789,1332.1173763844376,1732.1173763844376
8.28,1533.944378269549,1626.2240725702823,1434.4226081027277,1333.944378269549,1733.944378269549
8.282,1535.8191499976992,1624.8880022830308,1425.4010385608494,1335.8191499976992,1735.8191499976992
8.284,1537.5968258365087,1623.550853583286,1411.6679672534276,1337.5968258365087,1737.5968258365087
8.286,1539.1967424026907,1622.212625931801,1395.5519372248887,1339.1967424026907,1739.1967424026907
8.288,1540.5981937930344,1620.8733187893204,1377.9487543361236,1340.5981937930344,1740.5981937930344
8.290000000000001,1541.8331155664532,1619.5329316165926,1360.9595122198507,1341.8331155664532,1741.8331155664532
8.292,1542.9741818511202,1618.1914638743638,1345.0539620164286,1342.9741818511202,1742.9741818511202
8.294,1544.1116581754504,1616.8489150233854,1330.8367133792794,1344.1116581754504,1744.1116581754504
8.296,1545.33762165466,1615.5052845243981,1317.8035863333062,1345.33762165466,1745.33762165466
8.298,1546.7294206736415,1614.1605718381552,1305.9762664995394,1346.7294206736415,1746.7294206736415
8.3,1548.3364168347719,1612.8147764254036,1294.3679598469776,1348.3364168347719,1748.3364168347719
8.302,1550.170921262622,1611.4678977468893,1282.331002386484,1350.170921262622,1750.170921262622
8.304,1552.2018283095617,1610.1199352633575,1269.4827267904009,1352.2018283095617,1752.2018283095617
8.306000000000001,1554.36076590028,1608.7708884355588,1255.8441301572832,1354.36076590028,1754.36076590028
8.308,1556.5425698608178,1607.420756724243,1238.0465410076977,1356.5425698608178,1756.5425698608178
8.31,1558.6101150316115,1606.069539590153,1225.070492073963,1358.6101150316115,1758.6101150316115
8.312,1560.4105244586974,1604.7172364940361,1214.133825812355,1360.4105244586974,1760.4105244586974
8.314,1561.781440459179,1603.3638468966446,1206.3547911821456,1361.781440459179,1761.781440459179
8.316,1562.563976217793,1602.0093702587228,1202.7220454381534,1362.563976217793,1762.563976217793
8.318,1562.6218455016374,1600.6538060410157,1203.8460267206815,1362.6218455016374,1762.6218455016374
8.32,1561.854221246359,1599.2971537042768,1209.7612356950915,1361.854221246359,1761.854221246359
8.322000000000001,1560.2143986304884,1597.9394127092482,1220.1993674746127,1360.2143986304884,1760.2143986304884
8.324,1557.7220330850266,1596.5805825166808,1234.499890328769,1357.7220330850266,1757.7220330850266
8.326,1554.4710951271852,1595.2206625873196,1251.7110167894518,1354.4710951271852,1754.4710951271852
8.328,1550.6333832738724,1593.8596523819178,1270.8919332969306,1350.6333832738724,1750.6333832738724
8.33,1546.440687750859,1592.4975513612135,1291.0668077560488,1346.440687750859,1746.440687750859
8.332,1542.1699188901807,1591.134358985959,1311.3130661937032,1342.1699188901807,1742.1699188901807
8.334,1538.1168634034038,1589.7700747169038,1330.778561712878,1338.1168634034038,1738.1168634034038
8.336,1534.5611036477187,1588.404698014796,1348.6411105506588,1334.5611036477187,1734.5611036477187
8.338000000000001,1531.7277704787643,1587.038228340377,1364.1830057439597,1331.7277704787643,1731.7277704787643
8.34,1529.7957307436254,1585.670665154399,1376.6928645359524,1329.7957307436254,1729.7957307436254
8.342,1528.8523103522928,1584.3020079176085,1385.5909132186805,1328.8523103522928,1728.8523103522928
8.344,1528.921373774497,1582.932256090753,1390.6072090977123,1328.921373774497,1728.921373774497
8.346,1529.953861172764,1581.5614091345797,1391.6596441145532,1329.953861172764,1729.953861172764
8.348,1531.8505641094014,1580.1894665098362,1389.042042470687,1331.8505641094014,1731.8505641094014
8.35,1534.4578160649103,1578.8164276772704,1383.448651287665,1334.4578160649103,1734.4578160649103
8.352,1537.5960729859103,1577.4422920976285,1375.7002340172492,1337.5960729859103,1737.5960729859103
8.354000000000001,1541.0699588175255,1576.067059231662,1366.710636335021,1341.0699588175255,1741.0699588175255
8.356,1544.677550699641,1574.690728540113,1357.2725548913552,1344.677550699641,1744.677550699641
8.358,1548.2227052173869,1573.3132994837315,1347.85686173816,1348.2227052173869,1748.2227052173869
8.36,1551.6202931471437,1571.934771523268,1338.5489868573752,1351.6202931471437,1751.6202931471437
8.362,1554.643091305181,1570.5551441194639,1329.0424584171924,1354.643091305181,1754.643091305181
8.364,1557.173212527154,1569.1744167330698,1318.7125272451576,1357.173212527154,1757.173212527154
8.366,1559.1367510050914,1567.7925888248328,1306.7748045599958,1359.1367510050914,1759.1367510050914
8.368,1560.4957070549306,1566.4096598555016,1292.5695392185112,1360.4957070549306,1760.4957070549306
8.370000000000001,1561.2446858588557,1565.0256292858212,1275.6549494237477,1361.2446858588557,1761.2446858588557
8.372,1561.4060467447862,1563.6404965765441,1256.0777511579809,1361.4060467447862,1761.4060467447862
8.374,1561.0175474557145,1562.2542611884119,1234.5317278725206,1361.0175474557145,1761.0175474557145
8.376,1560.1267765067923,1560.866922582176,1212.2559016895752,1360.1267765067923,1760.1267765067923
8.378,1558.7863053302228,1559.4784802185804,1191.064113035073,1358.7863053302228,1758.7863053302228
8.38,1557.0501433581885,1558.0889335583788,1173.0121395371893,1357.0501433581885,1757.0501433581885
8.382,1554.973400797036,1556.6982820623107,1160.273473490062,1354.973400797036,1754.973400797036
8.384,1552.6114352648995,1555.3065251911312,1154.7747457528537,1352.6114352648995,1752.6114352648995
8.386000000000001,1550.0236887230922,1553.9136624055782,1157.6804336713565,1350.0236887230922,1750.0236887230922
8.388,1547.2756904168475,1552.5196931664086,1169.682320244079,1347.2756904168475,1747.2756904168475
8.39,1544.4368207050406,1551.1246169343658,1190.6340687138525,1344.4368207050406,1744.4368207050406
8.392,1541.5835504776323,1549.7284331702003,1219.4537700097956,1341.5835504776323,1741.5835504776323
8.394,1538.7958040274825,1548.3311413346546,1254.6923874041922,1338.7958040274825,1738.7958040274825
8.396,1536.1479083664171,1546.9327408884783,1294.3299538979654,1336.1479083664171,1736.1479083664171
8.398,1533.7074343877666,1545.533231292422,1335.959355528462,1333.7074343877666,1733.7074343877666
8.4,1531.5278234882733,1544.1326120072272,1377.0654817924728,1331.5278234882733,1731.5278234882733
8.402000000000001,1529.6411645387282,1542.7308824936445,1415.0123141585836,1329.6411645387282,1729.6411645387282
8.404,1528.0598126265509,1541.328042212428,1447.4171478276369,1328.0598126265509,1728.0598126265509
8.406,1526.7761821880172,1539.9240906243112,1472.078347383067,1326.7761821880172,1726.7761821880172
8.408,1525.7660678723628,1538.5190271900556,1487.3269431874614,1325.7660678723628,1725.7660678723628
8.41,1524.9955635840558,1537.1128513703961,1492.4990307048981,1324.9955635840558,1724.9955635840558
8.412,1524.4273591215087,1535.7055626260899,1487.5162769277028,1324.4273591215087,1724.4273591215087
8.414,1524.027655511132,1534.297160417882,1473.2681932148753,1324.027655511132,1724.027655511132
8.416,1523.7773181144482,1532.8876442065175,1451.572882717218,1323.7773181144482,1723.7773181144482
8.418000000000001,1523.6551028608492,1531.4770134527453,1424.4454657799035,1323.6551028608492,1723.6551028608492
8.42,1523.6795868886175,1530.065267617314,1394.1067983348078,1323.6795868886175,1723.6795868886175
8.422,1523.8708808525175,1528.652406160968,1362.6092353399436,1323.8708808525175,1723.8708808525175
8.424,1524.2780459260607,1527.2384285444596,1331.5536642428588,1324.2780459260607,1724.2780459260607
8.426,1524.9592706748974,1525.8233342285303,1302.1167870144632,1324.9592706748974,1724.9592706748974
8.428,1525.9743456156584,1524.4071226739306,1274.9966686040557,1325.9743456156584,1725.9743456156584
8.43,1527.3752796034692,1522.9897933414122,1250.6765052243697,1327.3752796034692,1727.3752796034692
8.432,1529.1933049969257,1521.5713456917156,1229.5067926200459,1329.1933049969257,1729.1933049969257
8.434000000000001,1531.4243209108374,1520.1517791855913,1211.7530371765815,1331.4243209108374,1731.4243209108374
8.436,1534.0202828852448,1518.7310932837881,1197.8377216570298,1334.0202828852448,1734.0202828852448
8.438,1536.889314483312,1517.3092874470522,1188.1965877736848,1336.889314483312,1736.889314483312
8.44,1539.8929104562549,1515.886361136132,1183.1007822192007,1339.8929104562549,1739.8929104562549
8.442,1542.8521196954678,1514.4623138117713,1182.778664720993,1342.8521196954678,1742.8521196954678
8.444,1545.5622766035983,1513.0371449347213,1187.1826034922976,1345.5622766035983,1745.5622766035983
8.446,1547.802247311689,1511.6108539657298,1195.894731213051,1347.802247311689,1747.802247311689
8.448,1549.3526413095533,1510.183440365542,1208.3991583776778,1349.3526413095533,1749.3526413095533
8.45,1550.0166922823776,1508.7549035949078,1224.0063582094638,1350.0166922823776,1750.0166922823776
8.452,1549.6376495533073,1507.3252431145702,1241.9334645672686,1349.6376495533073,1749.6376495533073
8.454,1548.1188217502197,1505.8944583852826,1261.5104354881348,1348.1188217502197,1748.1188217502197
8.456,1545.4340028129127,1504.4625488677902,1282.1170453918576,1345.4340028129127,1745.4340028129127
8.458,1541.6359339408034,1503.02951402284,1303.194135986864,1341.6359339408034,1741.6359339408034
8.46,1536.8541403331642,1501.595353311177,1324.25384592176,1336.8541403331642,1736.8541403331642
8.462,1531.2766750149847,1500.1600661935527,1344.788255055832,1331.2766750149847,1731.2766750149847
8.464,1525.136694166491,1498.7236521307123,1364.2478032081085,1325.136694166491,1725.136694166491
8.466,1518.6866588136506,1497.286110583409,1382.2536905469137,1318.6866588136506,1718.6866588136506
8.468,1512.170372121716,1495.84744101238,1397.2228999498218,1312.170372121716,1712.170372121716
8.47,1505.8099632083865,1494.4076428783783,1409.4767449967085,1305.8099632083865,1705.8099632083865
8.472,1499.7917277975057,1492.9667156421547,1417.481968201144,1299.7917277975057,1699.7917277975057
8.474,1494.2613142257294,1491.5246587644506,1421.3184092221627,1294.2613142257294,1694.2613142257294
8.476,1489.326690446247,1490.0814717060148,1420.8515087959238,1289.326690446247,1689.326690446247
8.478,1485.0626985878143,1488.6371539276015,1416.4032538610434,1285.0626985878143,1685.0626985878143
8.48,1481.5198196403167,1487.1917048899504,1408.9292186022064,1281.5198196403167,1681.5198196403167
8.482,1478.7293515231136,1485.745124053812,1399.6570242562577,1278.7293515231136,1678.7293515231136
8.484,1476.7089970836234,1484.2974108799299,1389.892546646258,1276.7089970836234,1676.7089970836234
8.486,1475.4676000421873,1482.848564829058,1380.8497929084645,1275.4676000421873,1675.4676000421873
8.488,1475.0033376590004,1481.3985853619415,1373.3543529236874,1275.0033376590004,1675.0033376590004
8.49,1475.3031492851005,1479.9474719393256,1367.7877132813164,1275.3031492851005,1675.3031492851005
8.492,1476.3436820455388,1478.4952240219582,1363.981646336454,1276.3436820455388,1676.3436820455388
8.494,1478.0891365148207,1477.0418410705915,1361.3554392238552,1278.0891365148207,1678.0891365148207
8.496,1480.4937317550812,1475.5873225459663,1359.1270939543085,1280.4937317550812,1680.4937317550812
8.498,1483.507484900446,1474.1316679088359,1356.4847469379322,1283.507484900446,1683.507484900446
8.5,1487.0791776805881,1472.6748766199435,1352.8281216077478,1287.0791776805881,1687.0791776805881
8.502,1491.1589842257379,1471.2169481400388,1347.8365993580246,1291.1589842257379,1691.1589842257379
8.504,1495.698676944664,1469.7578819298678,1341.5565359039165,1295.698676944664,1695.698676944664
8.506,1500.6480819544936,1468.2976774501803,1334.326469995787,1300.6480819544936,1700.6480819544936
8.508000000000001,1505.9458009508708,1466.8363341617232,1326.6545548084503,1305.9458009508708,1705.9458009508708
8.51,1511.5097223645812,1465.3738515252408,1319.135198242808,1311.5097223645812,1711.5097223645812
8.512,1517.230275503132,1463.9102290014862,1312.2967738260368,1317.230275503132,1717.230275503132
8.514,1522.9638519410798,1462.445466051202,1306.5491836867568,1322.9638519410798,1722.9638519410798
8.516,1528.534618406144,1460.9795621351368,1302.0843485446396,1328.534618406144,1728.534618406144
8.518,1533.7363138616486,1459.5125167140395,1298.8698796616688,1333.7363138616486,1733.7363138616486
8.52,1538.3719389178368,1458.0443292486561,1296.7170481718438,1338.3719389178368,1738.3719389178368
8.522,1542.2346743330602,1456.5749991997363,1295.276102252524,1342.2346743330602,1742.2346743330602
8.524000000000001,1545.164858257916,1455.1045260280234,1294.145982956429,1345.164858257916,1745.164858257916
8.526,1547.0447812602736,1453.6329091942698,1292.952510542881,1347.0447812602736,1747.0447812602736
8.528,1547.8237346833457,1452.1601481592206,1291.397132224472,1347.8237346833457,1747.8237346833457
8.53,1547.517674819652,1450.6862423836255,1289.3103154933856,1347.517674819652,1747.517674819652
8.532,1546.2041015970167,1449.211191328226,1286.6325242443945,1346.2041015970167,1746.2041015970167
8.534,1544.0086681873154,1447.7349944537764,1283.4286008927347,1344.0086681873154,1744.0086681873154
8.536,1541.0874328035104,1446.2576512210217,1279.846494059276,1341.0874328035104,1741.0874328035104
8.538,1537.6089967646428,1444.779161090708,1276.0747727000842,1337.6089967646428,1737.6089967646428
8.540000000000001,1533.7389407777328,1443.299523523583,1272.3518179634657,1333.7389407777328,1733.7389407777328
8.542,1529.6313312098443,1441.8187379803976,1268.9494968898002,1329.6313312098443,1729.6313312098443
8.544,1525.4228959839775,1440.336803921894,1266.215879708366,1325.4228959839775,1725.4228959839775
8.546,1521.232087395003,1438.8537208088255,1264.5791026155491,1321.232087395003,1721.232087395003
8.548,1517.1632464619006,1437.3694881019355,1264.5427817981767,1317.1632464619006,1717.1632464619006
8.55,1513.306200079983,1435.88410526197,1266.7474802880583,1313.306200079983,1713.306200079983
8.552,1509.7359609713244,1434.3975717496814,1271.821197814601,1309.7359609713244,1709.7359609713244
8.554,1506.5136597373066,1432.9098870258158,1280.29880112057,1306.5136597373066,1706.5136597373066
8.556000000000001,1503.6813676795664,1431.4210505511182,1292.6647721721736,1303.6813676795664,1703.6813676795664
8.558,1501.2593097270646,1429.9310617863393,1309.0304850147436,1301.2593097270646,1701.2593097270646
8.56,1499.2452511430292,1428.4399201922233,1329.0864766318446,1299.2452511430292,1699.2452511430292
8.562,1497.6133362063415,1426.9476252295208,1352.1504654421155,1297.6133362063415,1697.6133362063415
8.564,1496.3170382149938,1425.4541763589777,1376.9172868358344,1296.3170382149938,1696.3170382149938
8.566,1495.2927287735342,1423.9595730413403,1401.6376706453157,1295.2927287735342,1695.2927287735342
8.568,1494.466581989683,1422.463814737358,1424.1921864912429,1294.466581989683,1694.466581989683
8.57,1493.7629436186237,1420.9669009077788,1442.366551794082,1293.7629436186237,1693.7629436186237
8.572000000000001,1493.1106587577317,1419.4688310133479,1454.264985125657,1293.1106587577317,1693.1106587577317
8.574,1492.452234462908,1417.9696045148148,1458.3439455333444,1292.452234462908,1692.452234462908
8.576,1491.749369567708,1416.4692208729266,1454.0777918345034,1291.749369567708,1691.749369567708
8.578,1490.9844836421212,1414.9676795484302,1441.9625043350466,1290.9844836421212,1690.9844836421212
8.58,1490.1609310835258,1413.4649800020716,1423.1630972360028,1290.1609310835258,1690.1609310835258
8.582,1489.2991054349939,1411.9611216946014,1399.6998879504504,1289.2991054349939,1689.2991054349939
8.584,1488.4313804884487,1410.4561040867657,1373.876895666554,1288.4313804884487,1688.4313804884487
8.586,1487.596774601983,1408.9499266393113,1347.9419480009722,1287.596774601983,1687.596774601983
8.588000000000001,1486.8367712945455,1407.4425888129872,1323.9041167933942,1286.8367712945455,1686.8367712945455
8.59,1486.192699235933,1405.934090068541,1303.2471273497752,1286.192699235933,1686.192699235933
8.592,1485.7044067312795,1404.4244298667209,1287.0399139779945,1285.7044067312795,1685.7044067312795
8.594,1485.4105334332453,1402.9136076682707,1275.7338942449705,1285.4105334332453,1685.4105334332453
8.596,1485.3440550701125,1401.4016229339395,1269.2889515896904,1285.3440550701125,1685.3440550701125
8.598,1485.530856871955,1399.888475124475,1267.463673080596,1285.530856871955,1685.530856871955
8.6,1485.9811818674696,1398.374163700626,1269.6767953112235,1285.9811818674696,1685.9811818674696
8.602,1486.6825012852944,1396.8586881231395,1275.2379016215,1286.6825012852944,1686.6825012852944
8.604000000000001,1487.5909387742404,1395.3420478527596,1283.5420788402605,1287.5909387742404,1687.5909387742404
8.606,1488.628755102396,1393.8242423502406,1293.9431633654858,1288.628755102396,1688.628755102396
8.608,1489.6796308154715,1392.3052710763232,1305.8482834666183,1289.6796308154715,1689.6796308154715
8.61,1490.5966981629904,1390.7851334917614,1318.7271229957507,1290.5966981629904,1690.5966981629904
8.612,1491.2139745458876,1389.263829057295,1332.0009107550654,1291.2139745458876,1691.2139745458876
8.614,1491.3591660004163,1387.7413572336782,1345.079508823317,1291.3591660004163,1691.3591660004163
8.616,1490.874817611046,1386.217717481656,1357.348041567013,1290.874817611046,1690.874817611046
8.618,1489.6363433040865,1384.692909261973,1368.256771375076,1289.6363433040865,1689.6363433040865
8.620000000000001,1487.568045010946,1383.1669320353803,1377.4267967016685,1287.568045010946,1687.568045010946
8.622,1484.655728808903,1381.639785262627,1384.653606202094,1284.655728808903,1684.655728808903
8.624,1480.9486609610556,1380.111468404455,1390.0479264607754,1280.9486609610556,1680.9486609610556
8.626,1476.559413106406,1378.5819809216182,1393.9513358881986,1276.559413106406,1676.559413106406
8.628,1471.6518038302236,1377.0513222748596,1396.7724938876956,1271.6518038302236,1671.6518038302236
8.63,1466.4227876490925,1375.5194919249252,1398.9223833042804,1266.4227876490925,1666.4227876490925
8.632,1461.0878347748621,1373.9864893325694,1400.6483396505694,1261.0878347748621,1661.0878347748621
8.634,1455.8602948357304,1372.4523139585335,1401.9737510110942,1255.8602948357304,1655.8602948357304
8.636000000000001,1450.9359930080607,1370.9169652635665,1402.7597374714385,1250.9359930080607,1650.9359930080607
8.638,1446.4841279447091,1369.3804427084197,1402.8111498286753,1246.4841279447091,1646.4841279447091
8.64,1442.6405638178264,1367.8427457538337,1401.9956516006253,1242.6405638178264,1642.6405638178264
8.642,1439.5084170367,1366.3038738605628,1400.3761571656455,1239.5084170367,1639.5084170367
8.644,1437.1598432004212,1364.7638264893494,1398.29822385064,1237.1598432004212,1637.1598432004212
8.646,1435.6394703951842,1363.2226031009413,1396.1839451112487,1235.6394703951842,1635.6394703951842
8.648,1434.9694139297367,1361.680203156091,1394.6437277852676,1234.9694139297367,1634.9694139297367
8.65,1435.1503764819163,1360.13662611554,1394.0835441757893,1235.1503764819163,1635.1503764819163
8.652000000000001,1436.1607499716235,1358.5918714400395,1394.8016912065896,1236.1607499716235,1636.1607499716235
8.654,1437.9567483822898,1357.0459385903378,1396.7504484044555,1237.9567483822898,1637.9567483822898
8.656,1440.4706009397842,1355.4988270271779,1399.7180833096702,1240.4706009397842,1640.4706009397842
8.658,1443.608439362078,1353.9505362113105,1403.240380250417,1243.608439362078,1643.608439362078
8.66,1447.252811298925,1352.4010656034816,1406.8328952158408,1247.252811298925,1647.252811298925
8.662,1451.2656817147881,1350.850414664441,1410.0191786161777,1251.2656817147881,1651.2656817147881
8.664,1455.4951819508308,1349.2985828549372,1412.355274444117,1255.4951819508308,1655.4951819508308
8.666,1459.7856062460646,1347.745569635711,1413.489910412599,1259.7856062460646,1659.7856062460646
8.668000000000001,1463.9875122371102,1346.191374467514,1413.118391027839,1263.9875122371102,1663.9875122371102
8.67,1467.9726971617727,1344.6359968110983,1410.9163823506005,1267.9726971617727,1667.9726971617727
8.672,1471.6440893197457,1343.0794361272028,1406.6486536032414,1271.6440893197457,1671.6440893197457
8.674,1474.9424507663105,1341.5216918765827,1400.1244565664585,1274.9424507663105,1674.9424507663105
8.676,1477.8492202855934,1339.9627635199786,1391.195542858831,1277.8492202855934,1677.8492202855934
8.678,1480.3790975536328,1338.4026505181419,1379.9837285756637,1280.3790975536328,1680.3790975536328
8.68,1482.5705452384989,1336.841352331824,1366.8004964991828,1282.5705452384989,1682.5705452384989
8.682,1484.4709916778627,1335.278868421763,1352.1342607288466,1284.4709916778627,1684.4709916778627
8.684000000000001,1486.124169350786,1333.7151982487112,1336.723984185781,1286.124169350786,1686.124169350786
8.686,1487.5623938909096,1332.15034127342,1321.371896068824,1287.5623938909096,1687.5623938909096
8.688,1488.8010663596203,1330.5842969566302,1306.9233792605557,1288.8010663596203,1688.8010663596203
8.69,1489.8405611341598,1329.0170647590949,1294.1432117056672,1289.8405611341598,1689.8405611341598
8.692,1490.6706137714937,1327.4486441415584,1283.6667139774122,1290.6706137714937,1690.6706137714937
8.694,1491.2756402185464,1325.8790345647658,1276.0695564115663,1291.2756402185464,1691.2756402185464
8.696,1491.636671079802,1324.3082354894714,1271.6662567128112,1291.636671079802,1691.636671079802
8.698,1491.7329436760865,1322.7362463764157,1270.6534806878724,1291.7329436760865,1691.7329436760865
8.700000000000001,1491.5364686946803,1321.1630666863484,1273.2190142376116,1291.5364686946803,1691.5364686946803
8.702,1491.0096073730258,1319.5886958800256,1279.2739478597798,1291.0096073730258,1691.0096073730258
8.704,1490.0987831167774,1318.0131334181788,1288.6369074760537,1290.0987831167774,1690.0987831167774
8.706,1488.7375435729832,1316.4363787615657,1301.0412752690315,1288.7375435729832,1688.7375435729832
8.708,1486.8506255563498,1314.8584313709343,1315.8524022517756,1286.8506255563498,1686.8506255563498
8.71,1484.3637498737025,1313.2792907070298,1332.2458000158992,1284.3637498737025,1684.3637498737025
8.712,1481.2198146767876,1311.698956230598,1349.1748310596142,1281.2198146767876,1681.2198146767876
8.714,1477.391383799931,1310.117427402386,1365.4231193128167,1277.391383799931,1677.391383799931
8.716,1472.889948290353,1308.5347036831454,1379.8392910264822,1272.889948290353,1672.889948290353
8.718,1467.7743203299315,1306.9507845336238,1391.4054529863133,1267.7743203299315,1667.7743203299315
8.72,1462.1488761534472,1305.365669414563,1399.665903824249,1262.1488761534472,1662.1488761534472
8.722,1456.161038401324,1303.779357786717,1404.7120997058541,1256.161038401324,1656.161038401324
8.724,1449.9904372465082,1302.1918491108263,1407.1302461304156,1249.9904372465082,1649.9904372465082
8.726,1443.8376067184918,1300.6031428476463,1408.0661692840702,1243.8376067184918,1643.8376067184918
8.728,1437.9157689934968,1299.0132384579201,1408.7481977353655,1237.9157689934968,1637.9157689934968
8.73,1432.4305202326864,1297.422135402394,1410.2715419946803,1232.4305202326864,1632.4305202326864
8.732,1427.5680395664526,1295.82983314182,1413.288354966741,1227.5680395664526,1627.5680395664526
8.734,1423.4863958077992,1294.23633113694,1417.901024527949,1223.4863958077992,1623.4863958077992
8.736,1420.3007499997439,1292.6416288485034,1423.75333628145,1220.3007499997439,1620.3007499997439
8.738,1418.0810952597255,1291.0457257372645,1430.0887266817206,1218.0810952597255,1618.0810952597255
8.74,1416.8518641246562,1289.4486212639586,1436.1166192661208,1216.8518641246562,1616.8518641246562
8.742,1416.5948881083355,1287.8503148893387,1441.2056198128635,1216.5948881083355,1616.5948881083355
8.744,1417.257550686778,1286.2508060741575,1445.0697491654482,1217.257550686778,1617.257550686778
8.746,1418.7586241644217,1284.6500942791554,1447.7547201915486,1218.7586241644217,1618.7586241644217
8.748,1421.0003577055056,1283.0481789650876,1449.4742193307613,1221.0003577055056,1621.0003577055056
8.75,1423.8750863088023,1281.445059592691,1450.4296649733324,1223.8750863088023,1623.8750863088023
8.752,1427.2672424350724,1279.8407356227208,1450.559728597543,1227.2672424350724,1627.2672424350724
8.754,1431.0589835722994,1278.235206515923,1449.3901656431528,1231.0589835722994,1631.0589835722994
8.756,1435.1287598054396,1276.6284717330418,1446.1626691976521,1235.1287598054396,1635.1287598054396
8.758000000000001,1439.3494133989282,1275.020530734827,1439.9946883329633,1239.3494133989282,1639.3494133989282
8.76,1443.591492926124,1273.4113829820308,1430.023289385935,1243.591492926124,1643.591492926124
8.762,1447.7270702223286,1271.801027935393,1415.9791008291877,1247.7270702223286,1647.7270702223286
8.764,1451.6373408362924,1270.189465055666,1398.1449728290447,1251.6373408362924,1651.6373408362924
8.766,1455.22360418808,1268.5766938035931,1377.328078215899,1255.22360418808,1655.22360418808
8.768,1458.415882636368,1266.9627136399286,1354.9911594367297,1258.415882636368,1658.415882636368
8.77,1461.178883511615,1265.3475240254138,1332.7884336989125,1261.178883511615,1661.178883511615
8.772,1463.5087518785876,1263.7311244207976,1312.4540882023534,1263.5087518785876,1663.5087518785876
8.774000000000001,1465.4234868265828,1262.113514286828,1295.461834036069,1265.4234868265828,1665.4234868265828
8.776,1466.9490007321956,1260.4946930842534,1282.8806100529055,1266.9490007321956,1666.9490007321956
8.778,1468.1035101902496,1258.8746602738202,1275.458337478097,1268.1035101902496,1668.1035101902496
8.78,1468.8877060649663,1257.2534153162778,1273.2261529129562,1268.8877060649663,1668.8877060649663
8.782,1469.2846335344834,1255.6309576723697,1275.810457145158,1269.2846335344834,1669.2846335344834
8.784,1469.258916214517,1254.0072868028465,1282.5910099446548,1269.258916214517,1669.258916214517
8.786,1468.7806316863778,1252.3824021684559,1292.489138080015,1268.7806316863778,1668.7806316863778
8.788,1467.8270057778655,1250.7563032299422,1304.376180400378,1267.8270057778655,1667.8270057778655
8.790000000000001,1466.39553007015,1249.1289894480578,1317.148369437929,1266.39553007015,1666.39553007015
8.792,1464.5036690427494,1247.500460283546,1329.7649389946707,1264.5036690427494,1664.5036690427494
8.794,1462.1849211186045,1245.8707151971585,1341.4688498142345,1262.1849211186045,1662.1849211186045
8.796,1459.477040287861,1244.2397536496383,1351.8017270791636,1259.477040287861,1659.477040287861
8.798,1456.4131953541755,1242.6075751017333,1360.75924053629,1256.4131953541755,1656.4131953541755
8.8,1453.01810022414,1240.9741790141925,1368.7068026932607,1253.01810022414,1653.01810022414
8.802,1449.3054587024935,1239.3395648477672,1376.275612731282,1249.3054587024935,1649.3054587024935
8.804,1445.2861885298355,1237.703732063198,1384.207141403088,1245.2861885298355,1645.2861885298355
8.806000000000001,1440.9801968457868,1236.0666801212346,1393.08201551314,1240.9801968457868,1640.9801968457868
8.808,1436.4234951085896,1234.4284084826268,1403.1928776642026,1236.4234951085896,1636.4234951085896
8.81,1431.6756029098194,1232.7889166081231,1414.3912456744881,1231.6756029098194,1631.6756029098194
8.812,1426.822972925055,1231.148203958468,1426.2005096920873,1226.822972925055,1626.822972925055
8.814,1421.9708727737723,1229.5062699944037,1437.9378754117597,1221.9708727737723,1621.9708727737723
8.816,1417.235714083632,1227.86311417669,1448.930969250554,1217.235714083632,1617.235714083632
8.818,1412.7359739364435,1226.2187359660666,1458.6768572960198,1212.7359739364435,1612.7359739364435
8.82,1408.580302965121,1224.5731348232794,1466.8321135493693,1208.580302965121,1608.580302965121
8.822000000000001,1404.8599668458949,1222.9263102090808,1473.2885389419193,1204.8599668458949,1604.8599668458949
8.824,1401.6413351330314,1221.2782615842189,1477.9833040585129,1201.6413351330314,1601.6413351330314
8.826,1398.9632627410797,1219.628988409434,1480.7553668635094,1198.9632627410797,1598.9632627410797
8.828,1396.8353257967938,1217.9784901454814,1481.4727747240267,1196.8353257967938,1596.8353257967938
8.83,1395.2352834373362,1216.3267662531043,1479.9433817655288,1195.2352834373362,1595.2352834373362
8.832,1394.115769718894,1214.6738161930489,1476.2074634209462,1194.115769718894,1594.115769718894
8.834,1393.4093729839772,1213.0196394260684,1470.1430794391797,1193.4093729839772,1593.4093729839772
8.836,1393.0337255714394,1211.3642354129079,1462.4786621834742,1193.0337255714394,1593.0337255714394
8.838000000000001,1392.9037859253162,1209.7076036143117,1453.7367036051792,1192.9037859253162,1592.9037859253162
8.84,1392.939128224081,1208.0497434910312,1444.7219334111749,1192.939128224081,1592.939128224081
8.842,1393.0699091860517,1206.3906545038099,1436.196060306688,1193.0699091860517,1593.0699091860517
8.844,1393.241881299455,1204.7303361134,1428.8756690391813,1193.241881299455,1593.241881299455
8.846,1393.4157790112947,1203.0687877805458,1423.2306602099884,1193.4157790112947,1593.4157790112947
8.848,1393.5647409621183,1201.4060089659952,1419.5918950230418,1193.5647409621183,1593.5647409621183
8.85,1393.6676331660874,1199.7419991304978,1418.1949739018987,1193.6676331660874,1593.6676331660874
8.852,1393.7022555879755,1198.0767577347988,1418.9950406133144,1193.7022555879755,1593.7022555879755
8.854000000000001,1393.6396724810538,1196.4102842396442,1421.8568619791247,1193.6396724810538,1593.6396724810538
8.856,1393.4408313585147,1194.7425781057873,1426.5194457699677,1193.4408313585147,1593.4408313585147
8.858,1393.057631786224,1193.0736387939705,1432.4674593437499,1193.057631786224,1593.057631786224
8.86,1392.4366239623278,1191.4034657649427,1439.1238715469183,1192.4366239623278,1592.4366239623278
8.862,1391.5262516082598,1189.7320584794488,1445.8592460221955,1191.5262516082598,1591.5262516082598
8.864,1390.2833173225401,1188.0594163982423,1452.115086242023,1190.2833173225401,1590.2833173225401
8.866,1388.6782565394822,1186.3855389820656,1457.5183024581409,1188.6782565394822,1588.6782565394822
8.868,1386.6974327671442,1184.7104256916691,1461.8902522398992,1186.6974327671442,1586.6974327671442
8.870000000000001,1384.3422209825262,1183.034075987799,1465.3578086276805,1184.3422209825262,1584.3422209825262
8.872,1381.6274697795832,1181.356489331204,1468.1907076494765,1181.6274697795832,1581.6274697795832
8.874,1378.5779610117027,1179.6776651826285,1470.7426432941734,1178.5779610117027,1578.5779610117027
8.876,1375.2268351711675,1177.9976030028247,1473.3746063126619,1175.2268351711675,1575.2268351711675
8.878,1371.6171243143253,1176.316302252535,1476.3340656821945,1171.6171243143253,1571.6171243143253
8.88,1367.8011539319389,1174.6337623925092,1479.7624682538387,1167.8011539319389,1567.8011539319389
8.882,1363.841803906839,1172.949982883496,1483.640165574355,1163.841803906839,1563.841803906839
8.884,1359.807994503035,1171.2649631862432,1487.8743468067921,1159.807994503035,1559.807994503035
8.886000000000001,1355.7776763846227,1169.5787027614942,1492.3365818413579,1155.7776763846227,1555.7776763846227
8.888,1351.8187181135497,1167.8912010700014,1496.8610837933968,1151.8187181135497,1551.8187181135497
8.89,1347.990567292017,1166.2024575725081,1501.315132131283,1147.990567292017,1547.990567292017
8.892,1344.3352101376008,1164.5124717297658,1505.5913690561683,1144.3352101376008,1544.3352101376008
8.894,1340.8759284587936,1162.8212430025178,1509.617644528106,1140.8759284587936,1540.8759284587936
8.896,1337.6169182066217,1161.1287708515174,1513.3632304746268,1137.6169182066217,1537.6169182066217
8.898,1334.5476585421125,1159.435054737507,1516.8313198632463,1134.5476585421125,1534.5476585421125
8.9,1331.6460393594423,1157.7400941212327,1520.0913308600543,1131.6460393594423,1531.6460393594423
8.902000000000001,1328.87964640072,1156.043888463445,1523.2559904475747,1128.87964640072,1528.87964640072
8.904,1326.2104785361234,1154.3464372248945,1526.4761024455468,1126.2104785361234,1526.2104785361234
8.906,1323.5955923773427,1152.6477398663228,1529.9264757874043,1123.5955923773427,1523.5955923773427
8.908,1320.9883218324617,1150.9477958484858,1533.7526247463397,1120.9883218324617,1520.9883218324617
8.91,1318.3453717628233,1149.2466046321197,1538.0428681370392,1118.3453717628233,1518.3453717628233
8.912,1315.6307991546796,1147.5441656779785,1542.7866883879558,1115.6307991546796,1515.6307991546796
8.914,1312.8213784118095,1145.8404784468103,1547.875745462995,1112.8213784118095,1512.8213784118095
8.916,1309.912067546543,1144.13554239936,1553.1093383664515,1109.912067546543,1509.912067546543
8.918000000000001,1306.9162230277911,1142.4293569963747,1558.2496486078587,1106.9162230277911,1506.9162230277911
8.92,1303.864268219506,1140.7219216986068,1563.0678324082387,1103.864268219506,1503.864268219506
8.922,1300.7972683297185,1139.0132359667969,1567.3819960149465,1100.7972683297185,1500.7972683297185
8.924,1297.7602355485637,1137.3032992617,1571.131351538413,1097.7602355485637,1497.7602355485637
8.926,1294.7957157313485,1135.5921110440559,1574.345529702442,1094.7957157313485,1494.7957157313485
8.928,1291.936962479621,1133.879670774617,1577.1410092319977,1091.936962479621,1491.936962479621
8.93,1289.2057306159443,1132.16597791413,1579.6992098013175,1089.2057306159443,1489.2057306159443
8.932,1255.7777338593987,1130.4510319233414,1582.2038604776565,1055.7777338593987,1455.7777338593987
8.934000000000001,1228.8473322380778,1128.7348322629969,1584.8224673946318,1028.8473322380778,1428.8473322380778
8.936,1208.1548863662229,1127.0173783938526,1587.6536142580098,1008.1548863662229,1408.1548863662229
8.938,1193.4396745054344,1125.2986697766446,1590.748186969365,993.4396745054344,1393.4396745054344
8.94,1184.4404666489663,1123.578705872128,1594.1298606102916,984.4404666489663,1384.4404666489663
8.942,1180.8950737216255,1121.8574861410461,1597.779675559985,980.8950737216255,1380.8950737216255
8.944,1182.540667644266,1120.1350100441477,1601.6864757600429,982.540667644266,1382.540667644266
8.946,1189.1144346697167,1118.4112770421825,1605.840326784907,989.1144346697167,1389.1144346697167
8.948,1200.3541866848464,1116.6862865958956,1610.1943905353355,1000.3541866848464,1400.3541866848464
8.950000000000001,1215.9986927364876,1114.9600381660357,1614.6688444286608,1015.9986927364876,1415.9986927364876
8.952,1235.7865299608195,1113.2325312133498,1619.1186994111217,1035.7865299608195,1435.7865299608195
8.954,1259.4546612492568,1111.503765198584,1623.3408679028578,1059.4546612492568,1459.4546612492568
8.956,1286.7368642784743,1109.773739582488,1627.1002206307978,1086.7368642784743,1486.7368642784743
8.958,1317.3627777754796,1108.0424538258085,1630.1402261595454,1117.3627777754796,1517.3627777754796
8.96,1351.0588315949649,1106.3099073892909,1632.3020875862958,1151.0588315949649,1551.0588315949649
8.962,1387.550544717397,1104.5760997336884,1633.505026790321,1187.550544717397,1587.550544717397
8.964,1426.5660130821616,1102.8410303197425,1633.7572577787246,1226.5660130821616,1626.5660130821616
8.966,1467.8389928617185,1101.1046986082029,1633.2534948213363,1267.8389928617185,1667.8389928617185
8.968,1511.1109046653519,1099.3671040598174,1632.2624767221587,1311.1109046653519,1711.1109046653519
8.97,1556.13055487667,1097.628246135333,1631.1274478147038,1356.13055487667,1756.13055487667
8.972,1602.6520825414827,1095.8881242954994,1630.232062528424,1402.6520825414827,1802.6520825414827
8.974,1650.4320010762135,1094.1467380010608,1629.9069472065298,1450.4320010762135,1850.4320010762135
8.976,1699.225211166292,1092.404086712766,1630.4146805236976,1499.225211166292,1899.225211166292
8.978,1748.7825813560487,1090.6601698913646,1631.8340790983643,1548.7825813560487,1948.7825813560487
8.98,1798.8495647842765,1088.9149869975972,1634.1025884264288,1598.8495647842765,1998.8495647842765
8.982,1849.1657890531144,1087.1685374922217,,1649.1657890531144,2049.165789053114
8.984,1899.4659681781714,1085.4208208359742,,1699.4659681781714,2099.4659681781714
8.986,1949.480859253372,1083.6718364896115,,1749.480859253372,2149.480859253372
8.988,1998.9389250834192,1081.9215839138787,,1798.9389250834192,2198.9389250834192
8.99,2047.5673228026944,1080.1700625695212,,1847.5673228026944,2247.5673228026944
8.992,2095.092345503934,1078.4172719172866,,1895.0923455039342,2295.092345503934
8.994,2141.24015450717,1076.6632114179238,,1941.2401545071698,2341.24015450717
8.996,2185.7362903268013,1074.9078805321824,,1985.7362903268013,2385.7362903268013
8.998,2228.304918079911,1073.1512787208048,,2028.3049180799112,2428.304918079911
9.0,2268.6685215753146,1071.3934054445417,,2068.6685215753146,2468.6685215753146
9.002,2306.5474486498856,1069.6342601641372,,2106.5474486498856,2506.5474486498856
9.004,2341.6605578292792,1067.8738423403438,,2141.6605578292792,2541.6605578292792
9.006,2373.7267119007715,1066.1121514339093,,2173.7267119007715,2573.7267119007715
9.008000000000001,2402.4670090336363,1064.3491869055733,,2202.4670090336363,2602.4670090336363
9.01,2427.6080088707868,1062.5849482160938,,2227.6080088707868,2627.6080088707868
9.012,2448.8830526412444,1060.8194348262114,,2248.8830526412444,2648.8830526412444
9.014,2466.0337437372486,1059.0526461966738,,2266.0337437372486,2666.0337437372486
9.016,2478.8103638047246,1057.2845817882326,,2278.8103638047246,2678.8103638047246
9.018,2486.96886046174,1055.5152410616301,,2286.96886046174,2686.96886046174
9.02,2490.268813366313,1053.744623477618,,2290.268813366313,2690.268813366313
9.022,2488.4704624367814,1051.9727284969404,,2288.4704624367814,2688.4704624367814
9.024000000000001,2481.331741748438,1050.199555580347,,2281.331741748438,2681.331741748438
9.026,2468.606718329895,1048.4251041885873,,2268.606718329895,2668.606718329895
9.028,2450.043717021988,1046.6493737824057,,2250.043717021988,2650.043717021988
9.03,2425.385278313791,1044.8723638225501,,2225.385278313791,2625.385278313791
9.032,2394.367028297756,1043.0940737697665,,2194.367028297756,2594.367028297756
9.034,2394.236360815683,1041.3145030848054,,2194.236360815683,2594.236360815683
9.036,2394.2172698712875,1039.5336512284139,,2194.2172698712875,2594.2172698712875
9.038,2394.3002597764557,1037.7515176613379,,2194.3002597764557,2594.3002597764557
9.040000000000001,2394.4654803268036,1035.9681018443234,,2194.4654803268036,2594.4654803268036
9.042,2394.686509146559,1034.183403238123,,2194.686509146559,2594.686509146559
9.044,2394.9349765546685,1032.3974213034799,,2194.9349765546685,2594.9349765546685
9.046,2395.184573372255,1030.6101555011455,,2195.184573372255,2595.184573372255
9.048,2395.4133730162334,1028.8216052918624,,2195.4133730162334,2595.4133730162334
9.05,2395.6042447564714,1027.0317701363829,,2195.6042447564714,2595.6042447564714
9.052,2395.74399597939,1025.2406494954503,,2195.74399597939,2595.74399597939
9.054,2395.822320562661,1023.4482428298161,,2195.822320562661,2595.822320562661
9.056000000000001,2395.8314726362073,1021.6545496002209,,2195.8314726362073,2595.8314726362073
9.058,2395.7669787079053,1019.8595692674235,,2195.7669787079053,2595.7669787079053
9.06,2395.6290016332964,1018.0633012921571,,2195.6290016332964,2595.6290016332964
9.062,2395.423540578015,1016.2657451351843,,2195.423540578015,2595.423540578015
9.064,2395.1626728645706,1014.46690025724,,2195.1626728645706,2595.1626728645706
9.066,2394.863445213334,1012.6667661190795,,2194.863445213334,2594.863445213334
9.068,2394.5455636567567,1010.865342181447,,2194.5455636567567,2594.5455636567567
9.07,2394.228454627307,1009.0626279050921,,2194.228454627307,2594.228454627307
9.072000000000001,2393.928423994508,1007.25862275076,,2193.928423994508,2593.928423994508
9.074,2393.656531222285,1005.4533261791976,,2193.656531222285,2593.656531222285
9.076,2393.4175324035255,1003.6467376511546,,2193.4175324035255,2593.4175324035255
9.078,2393.2099549030313,1001.8388566273807,,2193.2099549030313,2593.2099549030313
9.08,2393.027132711726,1000.0296825686137,,2193.027132711726,2593.027132711726
9.082,2392.8588847147366,998.2192149356151,,2192.8588847147366,2592.8588847147366
9.084,2392.6934464075307,996.4074531891238,,2192.6934464075307,2592.6934464075307
9.086,2392.5192525907933,994.5943967898856,,2192.5192525907933,2592.5192525907933
9.088000000000001,2392.326222279905,992.780045198655,,2192.326222279905,2592.326222279905
9.09,2392.1063346401943,990.9643978761733,,2192.1063346401943,2592.1063346401943
9.092,2391.8534923309094,989.1474542831884,,2191.8534923309094,2591.8534923309094
9.094,2391.5628937400984,987.3292138804536,,2191.5628937400984,2591.5628937400984
9.096,2391.2303071873603,985.5096761287095,,2191.2303071873603,2591.2303071873603
9.098,2390.8516841918827,983.6888404887095,,2190.8516841918827,2590.8516841918827
9.1,2390.4234216058285,981.8667064211959,,2190.4234216058285,2590.4234216058285
9.102,2389.943318679949,980.0432733869184,,2189.943318679949,2589.943318679949
9.104000000000001,2389.41197841619,978.218540846623,,2189.41197841619,2589.41197841619
9.106,2388.8341807478955,976.3925082610631,,2188.8341807478955,2588.8341807478955
9.108,2388.219686057624,974.5651750909792,,2188.219686057624,2588.219686057624
9.11,2387.5830537798756,972.7365407971229,,2187.5830537798756,2587.5830537798756
9.112,2386.9423634738064,970.9066048402383,,2186.9423634738064,2586.9423634738064
9.114,2386.3170976894044,969.0753666810742,,2186.3170976894044,2586.3170976894044
9.116,2385.7257234908475,967.2428257803831,,2185.7257234908475,2585.7257234908475
9.118,2385.183558996462,965.4089815989046,,2185.183558996462,2585.183558996462
9.120000000000001,2384.7013143572594,963.5738335973892,,2184.7013143572594,2584.7013143572594
9.122,2384.28436876561,961.7373812365868,,2184.28436876561,2584.28436876561
9.124,2383.9325701727334,959.8996239772414,,2183.9325701727334,2583.9325701727334
9.126,2383.640270101985,958.0605612801064,,2183.640270101985,2583.640270101985
9.128,2383.3964691745036,956.2201926059188,,2183.3964691745036,2583.3964691745036
9.13,2383.185248089285,954.3785174154345,,2183.185248089285,2583.185248089285
9.132,2382.9868823633656,952.5355351694025,,2182.9868823633656,2582.9868823633656
9.134,2382.7799867709546,950.6912453285631,,2182.7799867709546,2582.7799867709546
9.136000000000001,2382.544672158001,948.845647353668,,2182.544672158001,2582.544672158001
9.138,2382.2661875714525,946.998740705465,,2182.2661875714525,2582.2661875714525
9.14,2381.938120187792,945.1505248446965,,2181.938120187792,2581.938120187792
9.142,2381.5641498850946,943.3009992321204,,2181.5641498850946,2581.5641498850946
9.144,2381.157690409629,941.4501633284726,,2181.157690409629,2581.157690409629
9.146,2380.7393982762287,939.5980165945093,,2180.7393982762287,2580.7393982762287
9.148,2380.3332296615285,937.7445584909738,,2180.3332296615285,2580.3332296615285
9.15,2379.962160363173,935.8897884786138,,2179.962160363173,2579.962160363173
9.152000000000001,2379.6446727382445,934.0337060181764,,2179.6446727382445,2579.6446727382445
9.154,2379.392718884502,932.1763105704122,,2179.392718884502,2579.392718884502
9.156,2379.2113232237425,930.3176015960644,,2179.2113232237425,2579.2113232237425
9.158,2379.099513456487,928.4575785558854,,2179.099513456487,2579.099513456487
9.16,2379.051988052801,926.5962409106178,,2179.051988052801,2579.051988052801
9.162,2379.060871729792,924.7335881210092,,2179.060871729792,2579.060871729792
9.164,2379.117038566735,922.8696196478131,,2179.117038566735,2579.117038566735
9.166,2379.210713540159,921.0043349517719,,2179.210713540159,2579.210713540159
9.168000000000001,2379.331320843379,919.1377334936342,,2179.331320843379,2579.331320843379
9.17,2379.466786505447,917.2698147341471,,2179.466786505447,2579.466786505447
9.172,2379.602699645152,915.4005781340602,,2179.602699645152,2579.602699645152
9.174,2379.7218654208846,913.5300231541178,,2179.7218654208846,2579.7218654208846
9.176,2379.8047917545873,911.6581492550695,,2179.8047917545873,2579.8047917545873
9.178,2379.8314643369145,909.7849558976613,,2179.8314643369145,2579.8314643369145
9.18,2379.784349930669,907.9104425426422,,2179.784349930669,2579.784349930669
9.182,2379.652041156515,906.0346086507589,,2179.652041156515,2579.652041156515
9.184000000000001,2379.4325616005995,904.1574536827602,,2179.4325616005995,2579.4325616005995
9.186,2379.13530552041,902.2789770993913,,2179.13530552041,2579.13530552041
9.188,2378.7809336227056,900.3991783614001,,2178.7809336227056,2578.7809336227056
9.19,2378.39913748107,898.518056929538,,2178.39913748107,2578.39913748107
9.192,2378.024777235299,896.6356122645457,,2178.024777235299,2578.024777235299
9.194,2377.693275355234,894.7518438271763,,2177.693275355234,2577.693275355234
9.196,2377.4362183374906,892.8667510781761,,2177.4362183374906,2577.4362183374906
9.198,2377.2779068746972,890.980333478291,,2177.2779068746972,2577.2779068746972
9.200000000000001,2377.233206706671,889.0925904882688,,2177.233206706671,2577.233206706671
9.202,2377.306652343049,887.2035215688611,,2177.306652343049,2577.306652343049
9.204,2377.4925242127765,885.3131261808085,,2177.4925242127765,2577.4925242127765
9.206,2377.7756281750917,883.4214037848642,,2177.7756281750917,2577.7756281750917
9.208,2378.1326663197415,881.5283538417707,,2178.1326663197415,2578.1326663197415
9.21,2378.5342318687062,879.6339758122785,,2178.5342318687062,2578.5342318687062
9.212,2378.947452505041,877.7382691571365,,2178.947452505041,2578.947452505041
9.214,2379.339127213349,875.8412333370907,,2179.339127213349,2579.339127213349
9.216000000000001,2379.6789654607883,873.9428678128834,,2179.6789654607883,2579.6789654607883
9.218,2379.942403790028,872.0431720452743,,2179.942403790028,2579.942403790028
9.22,2380.1125409123747,870.1421454949977,,2180.1125409123747,2580.1125409123747
9.222,2380.180976332322,868.2397876228106,,2180.180976332322,2580.180976332322
9.224,2380.1476368784297,866.3360978894552,,2180.1476368784297,2580.1476368784297
9.226,2380.019884804388,864.4310757556823,,2180.019884804388,2580.019884804388
9.228,2379.811230805477,862.5247206822369,,2179.811230805477,2579.811230805477
9.23,2379.5398374085476,860.6170321298669,,2179.5398374085476,2579.5398374085476
9.232,2379.226814114678,858.7080095593237,,2179.226814114678,2579.226814114678
9.234,2378.8942393190596,856.7976524313481,,2178.8942393190596,2578.8942393190596
9.236,2378.562966268791,854.8859602066914,,2178.562966268791,2578.562966268791
9.238,2378.250484869005,852.9729323461033,,2178.250484869005,2578.250484869005
9.24,2377.9692399148907,851.0585683103227,,2177.9692399148907,2577.9692399148907
9.242,2377.7257436750897,849.1428675601064,,2177.7257436750897,2577.7257436750897
9.244,2377.5205989122314,847.2258295562006,,2177.5205989122314,2577.5205989122314
9.246,2377.3492855502345,845.3074537593475,,2177.3492855502345,2577.3492855502345
9.248,2377.2033899674943,843.3877396303005,,2177.2033899674943,2577.2033899674943
9.25,2377.071951508415,841.4666866298039,,2177.071951508415,2577.071951508415
9.252,2376.942748970217,839.5442942186028,,2176.942748970217,2576.942748970217
9.254,2376.8035434396365,837.6205618574513,,2176.8035434396365,2576.8035434396365
9.256,2376.643401446665,835.6954890070901,,2176.643401446665,2576.643401446665
9.258000000000001,2376.4541491257482,833.7690751282707,,2176.4541491257482,2576.4541491257482
9.26,2376.2317656157215,831.8413196817419,,2176.2317656157215,2576.2317656157215
9.262,2375.9772764452923,829.9122221282487,,2175.9772764452923,2575.9772764452923
9.264,2375.696673705554,827.9817819285372,,2175.696673705554,2575.696673705554
9.266,2375.3996558841195,826.0499985433571,,2175.3996558841195,2575.3996558841195
9.268,2375.0974320028504,824.1168714334553,,2175.0974320028504,2575.0974320028504
9.27,2374.8002483240953,822.1824000595789,,2174.8002483240953,2574.8002483240953
9.272,2374.5154609572373,820.2465838824774,,2174.5154609572373,2574.5154609572373
9.274000000000001,2374.2467885880465,818.3094223628932,,2174.2467885880465,2574.2467885880465
9.276,2373.994893316849,816.3709149615815,,2173.994893316849,2573.994893316849
9.278,2373.758868416028,814.431061139283,,2173.758868416028,2573.758868416028
9.28,2373.5378396078395,812.4898603567526,,2173.5378396078395,2573.5378396078395
9.282,2373.3319043294896,810.5473120747256,,2173.3319043294896,2573.3319043294896
9.284,2373.1420136607726,808.6034157539607,,2173.1420136607726,2573.1420136607726
9.286,2372.968913350053,806.6581708552039,,2172.968913350053,2572.968913350053
9.288,2372.811647393555,804.7115768391996,,2172.811647393555,2572.811647393555
9.290000000000001,2372.666264967046,802.7636331666927,,2172.666264967046,2572.666264967046
9.292,2372.5252792413244,800.8143392984357,,2172.5252792413244,2572.5252792413244
9.294,2372.378193637753,798.8636946951747,,2172.378193637753,2572.378193637753
9.296,2372.2131269912506,796.9116988176593,,2172.2131269912506,2572.2131269912506
9.298,2372.0192875960406,794.958351126631,,2172.0192875960406,2572.0192875960406
9.3,2371.7897957688174,793.0036510828422,,2171.7897957688174,2571.7897957688174
9.302,2371.524189353436,791.0475981470427,,2171.524189353436,2571.524189353436
9.304,2371.229939663637,789.0901917799729,,2171.229939663637,2571.229939663637
9.306000000000001,2370.922482119417,787.1314314423835,,2170.922482119417,2570.922482119417
9.308,2370.623581342773,785.1713165950268,,2170.623581342773,2570.623581342773
9.31,2370.358228918871,783.2098466986399,,2170.358228918871,2570.358228918871
9.312,2370.15064330594,781.2470212139833,,2170.15064330594,2570.15064330594
9.314,2370.0202450793076,779.2828396017903,,2170.0202450793076,2570.0202450793076
9.316,2369.9786099129788,777.3173013228197,,2169.9786099129788,2569.9786099129788
9.318,2370.0281991947604,775.3504058378139,,2170.0281991947604,2570.0281991947604
9.32,2370.163080626253,773.3821526075226,,2170.163080626253,2570.163080626253
9.322000000000001,2370.37108300691,771.4125410926899,,2170.37108300691,2570.37108300691
9.324,2370.636270461574,769.4415707540675,,2170.636270461574,2570.636270461574
9.326,2370.940586309672,767.4692410523976,,2170.940586309672,2570.940586309672
9.328,2371.264030663798,765.4955514484354,,2171.264030663798,2571.264030663798
9.33,2371.583543563715,763.5205014029216,,2171.583543563715,2571.583543563715
9.332,2371.871496945721,761.5440903766066,,2171.871496945721,2571.871496945721
9.334,2372.095033423382,759.5663178302357,,2172.095033423382,2572.095033423382
9.336,2372.217274606008,757.5871832245612,,2172.217274606008,2572.217274606008
9.338000000000001,2372.2007475630885,755.6066860203227,,2172.2007475630885,2572.2007475630885
9.34,2372.012554290235,753.6248256782756,,2172.012554290235,2572.012554290235
9.342,2371.6301936710906,751.6416016591675,,2171.6301936710906,2571.6301936710906
9.344,2371.046742716154,749.6570134237409,,2171.046742716154,2571.046742716154
9.346,2370.2742947614006,747.6710604327418,,2170.2742947614006,2570.2742947614006
9.348,2369.3449764632755,745.6837421469208,,2169.3449764632755,2569.3449764632755
9.35,2368.309335007308,743.6950580270304,,2168.309335007308,2568.309335007308
9.352,2367.2322840162815,741.7050075338093,,2167.2322840162815,2567.2322840162815
9.354000000000001,2366.1871228942923,739.7135901280071,,2166.1871228942923,2566.1871228942923
9.356,2365.2484315479296,737.7208052703772,,2165.2484315479296,2565.2484315479296
9.358,2364.484836493521,735.7266524216639,,2164.484836493521,2564.484836493521
9.36,2363.9526687154653,733.7311310426103,,2163.9526687154653,2563.9526687154653
9.362,2363.6913932919942,731.7342405939689,,2163.6913932919942,2563.6913932919942
9.364,2363.721411028798,729.7359805364849,,2163.721411028798,2563.721411028798
9.366,2364.044403377718,727.7363503309089,,2164.044403377718,2564.044403377718
9.368,2364.645869434014,725.735349437985,,2164.645869434014,2564.645869434014
9.370000000000001,2365.4990614793533,723.732977318462,,2165.4990614793533,2565.4990614793533
9.372,2366.569342553432,721.7292334330868,,2166.569342553432,2566.569342553432
9.374,2367.818130613675,719.7241172426047,,2167.818130613675,2567.818130613675
9.376,2369.205985388231,717.7176282077717,,2169.205985388231,2569.205985388231
9.378,2370.694857277827,715.7097657893228,,2170.694857277827,2570.694857277827
9.38,2372.249840988993,713.7005294480132,,2172.249840988993,2572.249840988993
9.382,2373.84081801941,711.6899186445962,,2173.84081801941,2573.84081801941
9.384,2375.4441335780207,709.6779328398052,,2175.4441335780207,2575.4441335780207
9.386000000000001,2377.0441002522243,707.6645714943961,,2177.0441002522243,2577.0441002522243
9.388,2378.6339072058877,705.6498340691178,,2178.6339072058877,2578.6339072058877
9.39,2380.2156037220207,703.6337200247144,,2180.2156037220207,2580.2156037220207
9.392,2381.799152451162,701.6162288219339,,2181.799152451162,2581.799152451162
9.394,2383.4008627967514,699.597359921524,,2183.4008627967514,2583.4008627967514
9.396,2385.0415912920175,697.5771127842327,,2185.0415912920175,2585.0415912920175
9.398,2386.744898333562,695.5554868708032,,2186.744898333562,2586.744898333562
9.4,2388.5350431713405,693.5324816419916,,2188.5350431713405,2588.5350431713405
9.402000000000001,2390.434516437219,691.5080965585375,,2190.434516437219,2590.434516437219
9.404,2392.4609074824175,689.4823310811953,,2192.4609074824175,2592.4609074824175
9.406,2394.6232678923,687.4551846707072,,2194.6232678923,2594.6232678923
9.408,2396.918580395997,685.4266567878194,,2196.918580395997,2596.918580395997
9.41,2399.329225964241,683.396746893287,,2199.329225964241,2599.329225964241
9.412,2401.8222871712846,681.3654544478486,,2201.8222871712846,2601.8222871712846
9.414,2404.3511116839754,679.3327789122577,,2204.3511116839754,2604.3511116839754
9.416,2406.858905518741,677.2987197472567,,2206.858905518741,2606.858905518741
9.418000000000001,2409.2834720500264,675.2632764135988,,2209.2834720500264,2609.2834720500264
9.42,2411.561882789755,673.2264483720337,,2211.561882789755,2611.561882789755
9.422,2413.634095685386,671.1882350832984,,2213.634095685386,2613.634095685386
9.424,2415.4452476536912,669.1486360081499,,2215.4452476536912,2615.4452476536912
9.426,2416.9471309701585,667.1076506073287,,2216.9471309701585,2616.9471309701585
9.428,2418.0997498629768,665.0652783415853,,2218.0997498629768,2618.0997498629768
9.43,2418.873644665896,663.0215186716705,,2218.873644665896,2618.873644665896
9.432,2419.253033066376,660.9763710583265,,2219.253033066376,2619.253033066376
9.434000000000001,2419.239124807052,658.9298349623032,,2219.239124807052,2619.239124807052
9.436,2418.852563458353,656.8819098443491,,2218.852563458353,2618.852563458353
9.438,2418.1339973402614,654.8325951652114,,2218.1339973402614,2618.1339973402614
9.44,2417.142215587148,652.7818903856341,,2217.142215587148,2617.142215587148
9.442,2415.9498753098574,650.7297949663707,,2215.9498753098574,2615.9498753098574
9.444,2414.637344922105,648.6763083681626,,2214.637344922105,2614.637344922105
9.446,2413.2854726498636,646.6214300517622,,2213.2854726498636,2613.2854726498636
9.448,2411.9681802542536,644.5651594779138,,2211.9681802542536,2611.9681802542536
9.450000000000001,2410.745760041962,642.5074961073651,,2210.745760041962,2610.745760041962
9.452,2409.659670807225,640.4484394008678,,2209.659670807225,2609.659670807225
9.454,2408.729493515228,638.3879888191586,,2208.729493515228,2608.729493515228
9.456,2407.9525017084507,636.326143823002,,2207.9525017084507,2607.9525017084507
9.458,2407.305992938883,634.2629038731311,,2207.305992938883,2607.305992938883
9.46,2406.7520905717324,632.1982684302975,,2206.7520905717324,2606.7520905717324
9.462,2406.2441905525625,630.1322369552508,,2206.2441905525625,2606.2441905525625
9.464,2405.7337506612384,628.0648089087372,,2205.7337506612384,2605.7337506612384
9.466000000000001,2405.175959251608,625.9959837515053,,2205.175959251608,2605.175959251608
9.468,2404.533161744482,623.9257609442984,,2204.533161744482,2604.533161744482
9.47,2403.77569763985,621.8541399478681,,2203.77569763985,2603.77569763985
9.472,2402.880701794765,619.7811202229623,,2202.880701794765,2602.880701794765
9.474,2401.830072324048,617.7067012303269,,2201.830072324048,2601.830072324048
9.476,2400.6089257025997,615.6308824307098,,2200.6089257025997,2600.6089257025997
9.478,2399.205404345962,613.5536632848562,,2199.205404345962,2599.205404345962
9.48,2397.61191200378,611.4750432535147,,2197.61191200378,2597.61191200378
9.482,2395.8271257841247,609.3950217974389,,2195.8271257841247,2595.8271257841247
9.484,2393.85779257775,607.3135983773673,,2193.85779257775,2593.85779257775
9.486,2391.719454314812,605.2307724540506,,2191.719454314812,2591.719454314812
9.488,2389.4357286756494,603.1465434882393,,2189.4357286756494,2589.4357286756494
9.49,2387.036333534061,601.0609109406778,,2187.036333534061,2587.036333534061
9.492,2384.554417770887,598.9738742721138,,2184.554417770887,2584.554417770887
9.494,2382.0238216027037,596.8854329432934,,2182.0238216027037,2582.0238216027037
9.496,2379.4767023044697,594.7955864149699,,2179.4767023044697,2579.4767023044697
9.498,2376.9417029654696,592.7043341478857,,2176.9417029654696,2576.9417029654696
9.5,2374.442666660873,590.6116756027868,,2174.442666660873,2574.442666660873
9.502,2371.9978584915125,588.5176102404266,,2171.9978584915125,2571.9978584915125
9.504,2369.6197078750165,586.4221375215475,,2169.6197078750165,2569.6197078750165
9.506,2367.3151310117587,584.3252569068991,,2167.3151310117587,2567.3151310117587
9.508000000000001,2365.086461022662,582.2269678572266,,2165.086461022662,2565.086461022662
9.51,2362.932884862451,580.1272698332859,,2162.932884862451,2562.932884862451
9.512,2360.8521213231743,578.0261622958142,,2160.8521213231743,2560.8521213231743
9.514,2358.8419768357426,575.9236447055646,,2158.8419768357426,2558.8419768357426
9.516,2356.901467018105,573.8197165232787,,2156.901467018105,2556.901467018105
9.518,2355.0313912962947,571.7143772097106,,2155.0313912962947,2555.0313912962947
9.52,2353.234498259578,569.6076262256065,,2153.234498259578,2553.234498259578
9.522,2351.5155262446283,567.4994630317124,,2151.5155262446283,2551.5155262446283
9.524000000000001,2349.8813267830656,565.3898870887751,,2149.8813267830656,2549.8813267830656
9.526,2348.341004454224,563.2788978575472,,2148.341004454224,2548.341004454224
9.528,2346.9057275296173,561.1664947987674,,2146.9057275296173,2546.9057275296173
9.53,2345.5878026644727,559.0526773731926,,2145.5878026644727,2545.5878026644727
9.532,2344.398851031663,556.9374450415635,,2144.398851031663,2544.398851031663
9.534,2343.347366787127,554.820797264626,,2143.347366787127,2543.347366787127
9.536,2342.43635026913,552.7027335031371,,2142.43635026913,2542.43635026913
9.538,2341.6618597221773,550.5832532178338,,2141.6618597221773,2541.6618597221773
9.540000000000001,2341.0131096083323,548.4623558694711,,2141.0131096083323,2541.0131096083323
9.542,2340.4742272468584,546.3400409187952,,2140.4742272468584,2540.4742272468584
9.544,2340.027173956158,544.2163078265521,,2140.027173956158,2540.027173956158
9.546,2339.6549002427487,542.091156053486,,2139.6549002427487,2539.6549002427487
9.548,2339.343723545259,539.964585060352,,2139.343723545259,2539.343723545259
9.55,2339.0842267236058,537.8365943078898,,2139.0842267236058,2539.0842267236058
9.552,2338.8705548403473,535.7071832568517,,2138.8705548403473,2538.8705548403473
9.554,2338.698619096717,533.5763513679849,,2138.698619096717,2538.698619096717
9.556000000000001,2338.5641471311446,531.4440981020343,,2138.5641471311446,2538.5641471311446
9.558,2338.461513791734,529.3104229197515,,2138.461513791734,2538.461513791734
9.56,2338.383778640256,527.1753252818808,,2138.383778640256,2538.383778640256
9.562,2338.3236101386105,525.038804649168,,2138.3236101386105,2538.3236101386105
9.564,2338.2742756642897,522.9008604823666,,2138.2742756642897,2538.2742756642897
9.566,2338.2299350724684,520.7614922422199,,2138.2299350724684,2538.2299350724684
9.568,2338.1850005477163,518.6206993894748,,2138.1850005477163,2538.1850005477163
9.57,2338.132959055231,516.4784813848792,,2138.132959055231,2538.132959055231
9.572000000000001,2338.065444471851,514.3348376891827,,2138.065444471851,2538.065444471851
9.574,2337.9723009321597,512.1897677631332,,2137.9723009321597,2537.9723009321597
9.576,2337.8429169544565,510.04327106747314,,2137.8429169544565,2537.8429169544565
9.578,2337.6684659385473,507.8953470629567,,2137.6684659385473,2537.6684659385473
9.58,2337.444204347339,505.7459952103254,,2137.444204347339,2537.444204347339
9.582,2337.170911941766,503.59521497033165,,2137.170911941766,2537.170911941766
9.584,2336.854936714473,501.44300580372055,,2136.854936714473,2536.854936714473
9.586,2336.506922716351,499.28936717123815,,2136.506922716351,2536.506922716351
9.588000000000001,2336.139832549598,497.1342985336332,,2136.139832549598,2536.139832549598
9.59,2335.767066399712,494.9777993516582,,2135.767066399712,2535.767066399712
9.592,2335.401257206559,492.81986908605086,,2135.401257206559,2535.401257206559
9.594,2335.053850035829,490.6605071975673,,2135.053850035829,2535.053850035829
9.596,2334.7351488858,488.49971314694994,,2134.7351488858,2534.7351488858
9.598,2334.454372940959,486.3374863949466,,2134.454372940959,2534.454372940959
9.6,2334.219439465011,484.1738264023106,,2134.219439465011,2534.219439465011
9.602,2334.0365049872958,482.00873262978075,,2134.0365049872958,2534.0365049872958
9.604000000000001,2333.9094950109343,479.8422045381094,,2133.9094950109343,2533.9094950109343
9.606,2333.839801979165,477.6742415880417,,2133.839801979165,2533.839801979165
9.608,2333.8261224426415,475.50484324033096,,2133.8261224426415,2533.8261224426415
9.61,2333.8642461690265,473.3340089557214,,2133.8642461690265,2533.8642461690265
9.612,2333.946647564342,471.1617381949536,,2133.946647564342,2533.946647564342
9.614,2334.0619574590905,468.9880304187809,,2134.0619574590905,2534.0619574590905
9.616,2334.1946627259226,466.8128850879575,,2134.1946627259226,2534.1946627259226
9.618,2334.325483052314,464.6363016632213,,2134.325483052314,2534.325483052314
9.620000000000001,2334.432684493537,462.4582796053228,,2134.432684493537,2534.432684493537
9.622,2334.4941773756027,460.278818375009,,2134.4941773756027,2534.4941773756027
9.624,2334.489848496475,458.09791743302776,,2134.489848496475,2534.489848496475
9.626,2334.4034497290913,455.91557624012876,,2134.4034497290913,2534.4034497290913
9.628,2334.2235993103227,453.7317942570562,,2134.2235993103227,2534.2235993103227
9.63,2333.9439079013514,451.5465709445598,,2133.9439079013514,2533.9439079013514
9.632,2333.5626502209307,449.3599057633837,,2133.5626502209307,2533.5626502209307
9.634,2333.0825366446734,447.1717981742795,,2133.0825366446734,2533.0825366446734
9.636000000000001,2332.5109289752045,444.98224763799317,,2132.5109289752045,2532.5109289752045
9.638,2331.8604099185495,442.7912536152726,,2131.8604099185495,2531.8604099185495
9.64,2331.149195829014,440.5988155668638,,2131.149195829014,2531.149195829014
9.642,2330.400716387598,438.40493295351826,,2130.400716387598,2530.400716387598
9.644,2329.6418927177106,436.2096052359766,,2129.6418927177106,2529.6418927177106
9.646,2328.900147979308,434.0128318749912,,2128.900147979308,2528.900147979308
9.648,2328.1997386371786,431.81461233130904,,2128.1997386371786,2528.1997386371786
9.65,2327.5583382562804,429.61494606567794,,2127.5583382562804,2527.5583382562804
9.652000000000001,2326.984796217292,427.41383253884214,,2126.984796217292,2526.984796217292
9.654,2326.478651827483,425.21127121155405,,2126.478651827483,2526.478651827483
9.656,2326.0314496734704,423.00726154455697,,2126.0314496734704,2526.0314496734704
9.658,2325.6293643129893,420.8018029986024,,2125.6293643129893,2525.6293643129893
9.66,2325.2563047024905,418.59489503443274,,2125.2563047024905,2525.2563047024905
9.662,2324.8966845925124,416.3865371128004,,2124.8966845925124,2524.8966845925124
9.664,2324.537394352811,414.1767286944505,,2124.537394352811,2524.537394352811
9.666,2324.168967359856,411.9654692401291,,2124.168967359856,2524.168967359856
9.668000000000001,2323.7862298379214,409.75275821058403,,2123.7862298379214,2523.7862298379214
9.67,2323.388730408402,407.53859506656863,,2123.388730408402,2523.388730408402
9.672,2322.981038225822,405.3229792688235,,2122.981038225822,2522.981038225822
9.674,2322.5727708566747,403.10591027810005,,2122.5727708566747,2522.5727708566747
9.676,2322.178130068924,400.8873875551426,,2122.178130068924,2522.178130068924
9.678,2321.8148119532343,398.6674105607026,,2121.8148119532343,2521.8148119532343
9.68,2321.502335245642,396.44597875552245,,2121.502335245642,2521.502335245642
9.682,2321.260005059043,394.2230916003555,,2121.260005059043,2521.260005059043
9.684000000000001,2321.1048312740245,391.99874855594317,,2121.1048312740245,2521.1048312740245
9.686,2321.0497103153252,389.77294908303793,,2121.0497103153252,2521.0497103153252
9.688,2321.102068099978,387.545692642384,,2121.102068099978,2521.102068099978
9.69,2321.263025018786,385.316978694731,,2121.263025018786,2521.263025018786
9.692,2321.527068866186,383.08680670082686,,2121.527068866186,2521.527068866186
9.694,2321.8822466935985,380.85517612141393,,2121.8822466935985,2521.8822466935985
9.696,2322.3109730446613,378.6220864172501,,2122.3109730446613,2522.3109730446613
9.698,2322.7915977465414,376.3875370490696,,2122.7915977465414,2522.7915977465414
9.700000000000001,2323.3007717482737,374.1515274776284,,2123.3007717482737,2523.3007717482737
9.702,2323.8163661237204,371.91405716367535,,2123.8163661237204,2523.8163661237204
9.704,2324.320353433854,369.6751255679528,,2124.320353433854,2524.320353433854
9.706,2324.8008668368702,367.4347321512141,,2124.8008668368702,2524.8008668368702
9.708,2325.2527766036746,365.19287637419984,,2125.2527766036746,2525.2527766036746
9.71,2325.676564025821,362.94955769765966,,2125.676564025821,2525.676564025821
9.712,2326.075860885605,360.70477558234506,,2126.075860885605,2526.075860885605
9.714,2326.45450645278,358.45852948899665,,2126.45450645278,2526.45450645278
9.716000000000001,2326.8141279187303,356.2108188783677,,2126.8141279187303,2526.8141279187303
9.718,2327.152995994935,353.9616432112043,,2127.152995994935,2527.152995994935
9.72,2327.4663681886514,351.7110019482543,,2127.4663681886514,2527.4663681886514
9.722,2327.7479598945247,349.4588945502637,,2127.7479598945247,2527.7479598945247
9.724,2327.9918193422177,347.20532047798224,,2127.9918193422177,2527.9918193422177
9.726,2328.193847663231,344.95027919215136,,2128.193847663231,2528.193847663231
9.728,2328.352466509922,342.6937701535271,,2128.352466509922,2528.352466509922
9.73,2328.468342883608,340.4357928228519,,2128.468342883608,2528.468342883608
9.732,2328.5434488122287,338.17634666087724,,2128.5434488122287,2528.5434488122287
9.734,2328.5799246663146,335.91543112834097,,2128.5799246663146,2528.5799246663146
9.736,2328.5791851399117,333.65304568600095,,2128.5791851399117,2528.5791851399117
9.738,2328.5415050732254,331.3891897946032,,2128.5415050732254,2528.5415050732254
9.74,2328.466067952184,329.1238629148902,,2128.466067952184,2528.466067952184
9.742,2328.3512849247554,326.8570645076088,,2128.3512849247554,2528.3512849247554
9.744,2328.1951558690384,324.58879403351693,,2128.1951558690384,2528.1951558690384
9.746,2327.9955187928895,322.3190509533515,,2127.9955187928895,2527.9955187928895
9.748,2327.7501674965674,320.04783472786767,,2127.7501674965674,2527.7501674965674
9.75,2327.456955916077,317.7751448178042,,2127.456955916077,2527.456955916077
9.752,2327.1140782086636,315.50098068391435,,2127.1140782086636,2527.1140782086636
9.754,2326.7206609782143,313.22534178694605,,2126.7206609782143,2526.7206609782143
9.756,2326.2776492195217,310.94822758764167,,2126.2776492195217,2526.2776492195217
9.758000000000001,2325.7888003345793,308.66963754675635,,2125.7888003345793,2525.7888003345793
9.76,2325.2615102892278,306.3895711250325,,2125.2615102892278,2525.2615102892278
9.762,2324.70720836155,304.10802778321795,,2124.70720836155,2524.70720836155
9.764,2324.1411298202243,301.8250069820624,,2124.1411298202243,2524.1411298202243
9.766,2323.581356391114,299.5405081823101,,2123.581356391114,2523.581356391114
9.768,2323.0471048065824,297.25453084471155,,2123.0471048065824,2523.0471048065824
9.77,2322.556393442777,294.96707443001196,,2122.556393442777,2522.556393442777
9.772,2322.1234393724194,292.6781383989601,,2122.1234393724194,2522.1234393724194
9.774000000000001,2321.756351353361,290.387722212301,,2121.756351353361,2521.756351353361
9.776,2321.4557421177087,288.0958253307899,,2121.4557421177087,2521.4557421177087
9.778,2321.21468049233,285.80244721516556,,2121.21468049233,2521.21468049233
9.78,2321.019988587338,283.50758732618124,,2121.019988587338,2521.019988587338
9.782,2320.8544576117783,281.21124512457936,,2120.8544576117783,2520.8544576117783
9.784,2320.699309767613,278.9134200711105,,2120.699309767613,2520.699309767613
9.786,2320.536268111575,276.61411162652166,,2120.536268111575,2520.536268111575
9.788,2320.3488813892363,274.31331925156064,,2120.3488813892363,2520.3488813892363
9.790000000000001,2320.1231379052842,272.01104240696986,,2120.1231379052842,2520.1231379052842
9.792,2319.8476832739234,269.70728055351174,,2119.8476832739234,2519.8476832739234
9.794,2319.5139974946164,267.4020331519141,,2119.5139974946164,2519.5139974946164
9.796,2319.11670927019,265.0952996629403,,2119.11670927019,2519.11670927019
9.798,2318.6539609233982,262.7870795473282,,2118.6539609233982,2518.6539609233982
9.8,2318.127533471343,260.4773722658283,,2118.127533471343,2518.127533471343
9.802,2317.5423993939435,258.1661772791913,,2117.5423993939435,2517.5423993939435
9.804,2316.9055167349575,255.85349404816134,,2116.9055167349575,2516.9055167349575
9.806000000000001,2316.223958467966,253.5393220334836,,2116.223958467966,2516.223958467966
9.808,2315.5027711008693,251.22366069591044,,2115.5027711008693,2515.5027711008693
9.81,2314.743142609958,248.9065094961834,,2114.743142609958,2514.743142609958
9.812,2313.9414331807593,246.5878678950603,,2113.9414331807593,2513.9414331807593
9.814,2313.0893736959865,244.2677353532763,,2113.0893736959865,2513.0893736959865
9.816,2312.1753679191797,241.9461113315865,,2112.1753679191797,2512.1753679191797
9.818,2311.186506081738,239.6229952907388,,2111.186506081738,2511.186506081738
9.82,2310.110741695017,237.2983866914774,,2110.110741695017,2510.110741695017
9.822000000000001,2308.938735304831,234.97228499455105,,2108.938735304831,2508.938735304831
9.824,2307.665056705631,232.64468966070672,,2107.665056705631,2507.665056705631
9.826,2306.2886393793324,230.31560015069044,,2106.2886393793324,2506.2886393793324
9.828,2304.812521764544,227.98501592525554,,2104.812521764544,2504.812521764544
9.83,2303.243000197968,225.6529364451444,,2103.243000197968,2503.243000197968
9.832,2301.5884058676997,223.31936117110126,,2101.5884058676997,2501.5884058676997
9.834,2299.857808489947,220.9842895638858,,2099.857808489947,2499.857808489947
9.836,2298.059977235137,218.6477210842304,,2098.059977235137,2498.059977235137
9.838000000000001,2296.202821290782,216.30965519289475,,2096.202821290782,2496.202821290782
9.84,2294.293305291483,213.97009135062035,,2094.293305291483,2494.293305291483
9.842,2292.3376080609764,211.62902901815505,,2092.3376080609764,2492.3376080609764
9.844,2290.3412068734992,209.2864676562467,,2090.3412068734992,2490.3412068734992
9.846,2288.3086875752024,206.9424067256432,,2088.3086875752024,2488.3086875752024
9.848,2286.2433398439493,204.59684568709235,,2086.2433398439493,2486.2433398439493
9.85,2284.1468402628307,202.24978400134387,,2084.1468402628307,2484.1468402628307
9.852,2282.0194062761852,199.90122112914196,,2082.0194062761852,2482.0194062761852
9.854000000000001,2279.8606631579305,197.55115653123266,,2079.8606631579305,2479.8606631579305
9.856,2277.671155134774,195.1995896683693,,2077.671155134774,2477.671155134774
9.858,2275.45408703253,192.84652000129063,,2075.45408703253,2475.45408703253
9.86,2273.216666966193,190.4919469907536,,2073.216666966193,2473.216666966193
9.862,2270.97045197982,188.13587009750063,,2070.97045197982,2470.97045197982
9.864,2268.730390520073,185.77828878227865,,2068.730390520073,2468.730390520073
9.866,2266.5126989220576,183.41920250583826,,2066.5126989220576,2466.5126989220576
9.868,2264.3321261238834,181.05861072892185,,2064.3321261238834,2464.3321261238834
9.870000000000001,2262.1993839487855,178.69651291228456,,2062.1993839487855,2462.1993839487855
9.872,2260.1194566291933,176.3329085166697,,2060.1194566291933,2460.1194566291933
9.874,2258.091185419225,173.9677970028206,,2058.091185419225,2458.091185419225
9.876,2256.1080963398804,171.60117783149053,,2056.1080963398804,2456.1080963398804
9.878,2254.160069240047,169.23305046342557,,2054.160069240047,2454.160069240047
9.88,2252.2352554695426,166.8634143593763,,2052.2352554695426,2452.2352554695426
9.882,2250.321683541411,164.4922689800842,,2050.321683541411,2450.321683541411
9.884,2248.4082012760878,162.11961378629894,,2048.4082012760878,2448.4082012760878
9.886000000000001,2246.4846858561805,159.74544823876477,,2046.4846858561805,2446.4846858561805
9.888,2244.5417072366063,157.36977179824044,,2044.5417072366063,2444.5417072366063
9.89,2242.569979055146,154.99258392546108,,2042.5699790551462,2442.569979055146
9.892,2240.5599391497503,152.61388408118182,,2040.5599391497503,2440.5599391497503
9.894,2238.50169155056,150.23367172614326,,2038.5016915505598,2438.50169155056
9.896,2236.385378616854,147.8519463211005,,2036.3853786168538,2436.385378616854
9.898,2234.201897720183,145.4687073267978,,2034.2018977201828,2434.201897720183
9.9,2231.9437613676237,143.0839542039812,,2031.9437613676237,2431.9437613676237
9.902000000000001,2229.6058295569464,140.6976864133976,,2029.6058295569464,2429.6058295569464
9.904,2227.1856306921286,138.30990341580127,,2027.1856306921286,2427.1856306921286
9.906,2224.6830611435953,135.92060467192914,,2024.6830611435953,2424.6830611435953
9.908,2222.0994300817924,133.52978964253816,,2022.0994300817924,2422.0994300817924
9.91,2219.436056772825,131.13745778837074,,2019.436056772825,2419.436056772825
9.912,2216.6928393416733,128.74360857017473,,2016.6928393416733,2416.6928393416733
9.914,2213.8672986370075,126.34824144870254,,2013.8672986370075,2413.8672986370075
9.916,2210.9545000962216,123.95135588469202,,2010.9545000962216,2410.9545000962216
9.918000000000001,2207.9479849122863,121.55295133889922,,2007.9479849122863,2407.9479849122863
9.92,2204.8415004198773,119.15302727207109,,2004.8415004198773,2404.8415004198773
9.922,2201.6310481628207,116.75158314494638,,2001.6310481628207,2401.6310481628207
9.924,2198.316666467374,114.34861841828388,,1998.316666467374,2398.316666467374
9.926,2194.9034560233968,111.94413255282416,,1994.9034560233968,2394.9034560233968
9.928,2191.4015957717916,109.5381250093169,,1991.4015957717916,2391.4015957717916
9.93,2187.8253898369608,107.1305952485136,,1987.8253898369608,2387.8253898369608
9.932,2184.1916354246455,104.7215427311512,,1984.1916354246455,2384.1916354246455
9.934000000000001,2180.517741187188,102.31096691798302,,1980.5177411871882,2380.517741187188
9.936,2176.820036551832,99.8988672697642,,1976.820036551832,2376.820036551832
9.938,2173.112614479152,97.48524324722803,,1973.112614479152,2373.112614479152
9.94,2169.4068870317333,95.07009431113329,,1969.4068870317333,2369.4068870317333
9.942,2165.711848849255,92.65341992222238,,1965.7118488492551,2365.711848849255
9.944,2162.034869027038,90.23521954124408,,1962.034869027038,2362.034869027038
9.946,2158.38270209308,87.81549262894532,,1958.3827020930798,2358.38270209308
9.948,2154.7623737196304,85.39423864607215,,1954.7623737196304,2354.7623737196304
9.950000000000001,2151.181677578721,82.97145705337425,,1951.181677578721,2351.181677578721
9.952,2147.649166786925,80.54714731160038,,1947.649166786925,2347.649166786925
9.954,2144.1736587346995,78.12130888149386,,1944.1736587346995,2344.1736587346995
9.956,2140.7633618471573,75.693941223808,,1940.7633618471573,2340.7633618471573
9.958,2137.4247855172694,73.2650437992852,,1937.4247855172694,2337.4247855172694
9.96,2134.1616192887846,70.83461606867058,,1934.1616192887846,2334.1616192887846
9.962,2130.9737696259617,68.40265749272385,,1930.9737696259617,2330.9737696259617
9.964,2127.856735299787,65.96916753217829,,1927.856735299787,2327.856735299787
9.966000000000001,2124.801489665462,63.53414564778541,,1924.8014896654622,2324.801489665462
9.968,2121.794994068689,61.097591300302156,,1921.794994068689,2321.794994068689
9.97,2118.8213490705543,58.65950395046002,,1918.8213490705543,2318.8213490705543
9.972,2115.8633984984695,56.21988305902323,,1915.8633984984695,2315.8633984984695
9.974,2112.9044168822284,53.778728086725096,,1912.9044168822284,2312.9044168822284
9.976,2109.929449864534,51.336038494324384,,1909.929449864534,2309.929449864534
9.978,2106.9259930328003,48.89181374255804,,1906.9259930328003,2306.9259930328003
9.98,2103.8839399294684,46.446053292183024,,1903.8839399294684,2303.8839399294684
9.982000000000001,2100.7950006816773,43.998756603939,,1900.7950006816773,2300.7950006816773
9.984,2097.6519860704884,41.54992313858202,,1897.6519860704884,2297.6519860704884
9.986,2094.448403011414,39.099552356850836,,1894.448403011414,2294.448403011414
9.988,2091.178699903356,36.64764371950059,,1891.1786999033561,2291.178699903356
9.99,2087.8392533897404,34.19419668726914,,1887.8392533897404,2287.8392533897404
9.992,2084.429858230433,31.739210720912524,,1884.4298582304332,2284.429858230433
9.994,2080.955179988263,29.282685281176782,,1880.955179988263,2280.955179988263
9.996,2077.425496872427,26.824619828807954,,1877.4254968724272,2277.425496872427
9.998,2073.8561800976618,24.3650138245539,,1873.8561800976618,2273.8561800976618
10.0,2070.2657110272567,21.903866729160654,,1870.2657110272567,2270.2657110272567
10.002,2066.672476409244,19.44117800337699,,1866.6724764092442,2266.672476409244
10.004,2063.0909615982946,16.976947107951673,,1863.0909615982946,2263.0909615982946
10.006,2059.528156409736,14.511173503630744,,1859.5281564097359,2259.528156409736
10.008000000000001,2055.980948442565,12.04385665116024,,1855.980948442565,2255.980948442565
10.01,2052.435030533551,9.574996011293479,,1852.435030533551,2252.435030533551
10.012,2048.865495139248,7.104591044769222,,1848.8654951392482,2248.865495139248
10.014,2045.2389742779628,4.632641212343515,,1845.2389742779628,2245.238974277963
10.016,2041.517019367143,2.1591459747578483,,1841.517019367143,2241.517019367143
10.018,2037.660399695257,-0.31589520723719033,,1837.660399695257,2237.660399695257
10.02,2033.6340189488842,-2.7924828728982902,,1833.6340189488842,2233.634018948884
10.022,2029.412078414884,-5.270617561472136,,1829.412078414884,2229.412078414884
10.024000000000001,2024.9829243681545,-7.750299812213598,,1824.9829243681545,2224.9829243681543
10.026,2020.3527915399036,-10.231530164373908,,1820.3527915399036,2220.3527915399036
10.028,2015.5475287997795,-12.714309157211574,,1815.5475287997795,2215.5475287997797
10.03,2010.61150514858,-15.198637329972371,,1810.61150514858,2210.61150514858
10.032,2005.6033451567093,-17.68451522191026,,1805.6033451567093,2205.603345156709
10.034,2000.588902472468,-20.17194337228102,,1800.588902472468,2200.588902472468
10.036,1995.6327133317996,-22.660922320331338,,1795.6327133317996,2195.6327133317996
10.038,1990.7897105397562,-25.15145260531699,,1790.7897105397562,2190.789710539756
10.040000000000001,1986.098929191324,-27.643534766494668,,1786.098929191324,2186.098929191324
10.042,1981.580287637238,-30.137169343108326,,1781.580287637238,2181.580287637238
10.044,1977.2345796129246,-32.6323568744192,,1777.2345796129246,2177.234579612925
10.046,1973.0459858825618,-35.12909789967216,,1773.0459858825618,2173.0459858825616
10.048,1968.9859996068433,-37.6273929581248,,1768.9859996068433,2168.9859996068435
10.05,1965.0176964205452,-40.127242589027446,,1765.0176964205452,2165.0176964205452
10.052,1961.099600252588,-42.62864733163315,,1761.099600252588,2161.099600252588
10.054,1957.1887799439392,-45.131607725193135,,1757.1887799439392,2157.188779943939
10.056000000000001,1953.243109353579,-47.63612430896228,,1753.243109353579,2153.243109353579
10.058,1949.2227876467546,-50.142197622191816,,1749.2227876467546,2149.2227876467546
10.06,1945.0912822113485,-52.64982820413388,,1745.0912822113485,2145.0912822113487
10.062,1940.815891884132,-55.15901659404244,,1740.815891884132,2140.815891884132
10.064,1936.3681771492531,-57.669763331165996,,1736.3681771492531,2136.368177149253
10.066,1931.724554140875,-60.18206895476578,,1731.724554140875,2131.7245541408747
10.068,1926.8673432530195,-62.69593400408121,,1726.8673432530195,2126.8673432530195
10.07,1921.7864416869652,-65.21135901837715,,1721.7864416869652,2121.786441686965
10.072000000000001,1916.481530443039,-67.7283445369003,,1716.481530443039,2116.481530443039
10.074,1910.9643639872081,-70.24689109890278,,1710.9643639872081,2110.9643639872083
10.076,1905.2603228331438,-72.76699924363857,,1705.2603228331438,2105.2603228331436
10.078,1899.4081973973923,-75.2886695103598,,1699.4081973973923,2099.4081973973925
10.08,1893.4573188387265,-77.81190243832043,,1693.4573188387265,2093.4573188387267
10.082,1887.4618080045411,-80.33669856676988,,1687.4618080045411,2087.461808004541
10.084,1881.4727893999684,-82.8630584349612,,1681.4727893999684,2081.4727893999684
10.086,1875.5304853620444,-85.39098258215017,,1675.5304853620444,2075.5304853620446
10.088000000000001,1869.6585751904022,-87.92047154759075,,1669.6585751904022,2069.658575190402
10.09,1863.862697956404,-90.45152587052507,,1663.862697956404,2063.862697956404
10.092,1858.1336064320894,-92.98414609021529,,1658.1336064320894,2058.1336064320894
10.094,1852.4538087074573,-95.5183327459099,,1652.4538087074573,2052.453808707457
10.096,1846.8052961355631,-98.05408637686287,,1646.8052961355631,2046.8052961355631
10.098,1841.17568044408,-100.59140752232906,,1641.17568044408,2041.17568044408
10.1,1835.5608256217688,-103.13029672155608,,1635.5608256217688,2035.5608256217688
10.102,1829.9634867010552,-105.6707545137997,,1629.9634867010552,2029.9634867010552
10.104000000000001,1824.38894232214,-108.21278143831023,,1624.38894232214,2024.38894232214
10.106,1818.8395617196543,-110.7563780343362,,1618.8395617196543,2018.8395617196543
10.108,1813.310401328809,-113.30154484114428,,1613.310401328809,2013.310401328809
10.11,1807.7873771007003,-115.84828239797025,,1607.7873771007003,2007.7873771007003
10.112,1802.2486523545565,-118.39659124408081,,1602.2486523545565,2002.2486523545565
10.114,1796.6689957141073,-120.946471918719,,1596.6689957141073,1996.6689957141073
10.116,1791.0262317801541,-123.49792496113878,,1591.0262317801541,1991.0262317801541
10.118,1785.3085502676945,-126.05095091059957,,1585.3085502676945,1985.3085502676945
10.120000000000001,1779.5212584479714,-128.6055503063435,,1579.5212584479714,1979.5212584479714
10.122,1773.691503988721,-131.16172368762727,,1573.691503988721,1973.691503988721
10.124,1767.8696182137426,-133.71947159370848,,1567.8696182137426,1967.8696182137426
10.126,1762.1261234852536,-136.27879456383198,,1562.1261234852536,1962.1261234852536
10.128,1756.544163271925,-138.83969313725174,,1556.544163271925,1956.544163271925
10.13,1751.2081358660203,-141.40216785322718,,1551.2081358660203,1951.2081358660203
10.132,1746.1904873477506,-143.96621925100226,,1546.1904873477506,1946.1904873477506
10.134,1741.539557453948,-146.53184786983365,,1541.539557453948,1941.539557453948
10.136000000000001,1737.2715565519393,-149.09905424897443,,1537.2715565519393,1937.2715565519393
10.138,1733.3688730410947,-151.66783892767216,,1533.3688730410947,1933.3688730410947
10.14,1729.785148335039,-154.2382024451863,,1529.785148335039,1929.785148335039
10.142,1726.4555320785428,-156.8101453407653,,1526.4555320785428,1926.4555320785428
10.144,1723.30899142723,-159.38366815366135,,1523.30899142723,1923.30899142723
10.146,1720.27906350575,-161.95877142313202,,1520.27906350575,1920.27906350575
10.148,1717.310213762964,-164.53545568841855,,1517.310213762964,1917.310213762964
10.15,1714.3587455563033,-167.11372148878763,,1514.3587455563033,1914.3587455563033
10.152000000000001,1711.3893425433644,-169.6935693634823,,1511.3893425433644,1911.3893425433644
10.154,1708.3699890667253,-172.27499985176019,,1508.3699890667253,1908.3699890667253
10.156,1705.2685391868333,-174.85801349286612,,1505.2685391868333,1905.2685391868333
10.158,1702.0533534209035,-177.44261082605772,,1502.0533534209035,1902.0533534209035
10.16,1698.6985022099907,-180.02879239059257,,1498.6985022099907,1898.6985022099907
10.162,1695.1918272869198,-182.61655872571282,,1495.1918272869198,1895.1918272869198
10.164,1691.5425938707647,-185.2059103706788,,1491.5425938707647,1891.5425938707647
10.166,1687.7852113919405,-187.796847864739,,1487.7852113919405,1887.7852113919405
10.168000000000001,1683.9766304870031,-190.38937174715284,,1483.9766304870031,1883.9766304870031
10.17,1680.1870770832213,-192.98348255715882,,1480.1870770832213,1880.1870770832213
10.172,1676.4860177078554,-195.57918083402637,,1476.4860177078554,1876.4860177078554
10.174,1672.9269361217405,-198.17646711699126,,1472.9269361217405,1872.9269361217405
10.176,1669.5351023214325,-200.77534194531836,,1469.5351023214325,1869.5351023214325
10.178,1666.3017870626923,-203.37580585825708,,1466.3017870626923,1866.3017870626923
10.18,1663.186500644181,-205.97785939505684,,1463.186500644181,1863.186500644181
10.182,1660.1264404048231,-208.58150309497705,,1460.1264404048231,1860.1264404048231
10.184000000000001,1657.0502426359274,-211.18673749725895,,1457.0502426359274,1857.0502426359274
10.186,1653.8920438305415,-213.79356314116558,,1453.8920438305415,1853.8920438305415
10.188,1650.602118434004,-216.4019805659418,,1450.602118434004,1850.602118434004
10.19,1647.151857264566,-219.01199031084707,,1447.151857264566,1847.151857264566
10.192,1643.532936138153,-221.62359291512985,,1443.532936138153,1843.532936138153
10.194,1639.7522577722293,-224.2367889180441,,1439.7522577722293,1839.7522577722293
10.196,1635.8249199059237,-226.85157885883837,,1435.8249199059237,1835.8249199059237
10.198,1631.7670216390097,-229.4679632767702,,1431.7670216390097,1831.7670216390097
10.200000000000001,1627.5891823316238,-232.08594271109268,,1427.5891823316238,1827.5891823316238
10.202,1623.2910367066047,-234.70551770104976,,1423.2910367066047,1823.2910367066047
10.204,1618.8571323612189,-237.32668878590448,,1418.8571323612189,1818.8571323612189
10.206,1614.2553381205823,-239.94945650490354,,1414.2553381205823,1814.2553381205823
10.208,1609.4392822366767,-242.57382139730362,,1409.4392822366767,1809.4392822366767
10.21,1604.3557119771044,-245.19978400235232,,1404.3557119771044,1804.3557119771044
10.212,1598.955894439472,-247.8273448593036,,1398.955894439472,1798.955894439472
10.214,1593.2080576189276,-250.4565045074114,,1393.2080576189276,1793.2080576189276
10.216000000000001,1587.1066650352595,-253.08726348593063,,1387.1066650352595,1787.1066650352595
10.218,1580.6749329545748,-255.71962233410522,,1380.6749329545748,1780.6749329545748
10.22,1573.9593951792797,-258.3535815911964,,1373.9593951792797,1773.9593951792797
10.222,1567.0184909939733,-260.98914179644726,,1367.0184909939733,1767.0184909939733
10.224,1559.9095985111899,-263.62630348912444,,1359.9095985111899,1759.9095985111899
10.226,1552.6794096826943,-266.2650672084692,,1352.6794096826943,1752.6794096826943
10.228,1545.3607608509085,-268.9054334937355,,1345.3607608509085,1745.3607608509085
10.23,1537.9759043015404,-271.54740288417906,,1337.9759043015404,1737.9759043015404
10.232000000000001,1530.5433272658806,-274.1909759190521,,1330.5433272658806,1730.5433272658806
10.234,1523.0839571084164,-276.8361531376013,,1323.0839571084164,1723.0839571084164
10.236,1515.623385724224,-279.48293507908784,,1315.623385724224,1715.623385724224
10.238,1508.1890383969142,-282.13132228275845,,1308.1890383969142,1708.1890383969142
10.24,1500.8037781328617,-284.7813152878707,,1300.8037781328617,1700.8037781328617
10.242,1493.4790012027815,-287.4329146336722,,1293.4790012027815,1693.4790012027815
10.244,1486.2101962486172,-290.08612085941604,,1286.2101962486172,1686.2101962486172
10.246,1478.976547970471,-292.7409345043552,,1278.976547970471,1678.976547970471
10.248,1471.744492918161,-295.39735610773914,,1271.744492918161,1671.744492918161
10.25,1464.4741409328576,-298.0553862088309,,1264.4741409328576,1664.4741409328576
10.252,1457.127477761395,-300.7150253468717,,1257.127477761395,1657.127477761395
10.254,1449.6778689041648,-303.37627406111915,,1249.6778689041648,1649.6778689041648
10.256,1442.120813403835,-306.0391328908272,,1242.120813403835,1642.120813403835
10.258000000000001,1434.4854653577083,-308.70360237524346,,1234.4854653577083,1634.4854653577083
10.26,1426.845050754885,-311.369683053621,,1226.845050754885,1626.845050754885
10.262,1419.3226581448837,-314.03737546521734,,1219.3226581448837,1619.3226581448837
10.264,1412.0881371957812,-316.70668014928106,,1212.0881371957812,1612.0881371957812
10.266,1405.3428942793028,-319.3775976450679,,1205.3428942793028,1605.3428942793028
10.268,1399.2922644936264,-322.0501284918264,,1199.2922644936264,1599.2922644936264
10.27,1394.1089695458757,-324.7242732288096,,1194.1089695458757,1594.1089695458757
10.272,1389.8945115375436,-327.4000323952705,,1189.8945115375436,1589.8945115375436
10.274000000000001,1386.6468403172526,-330.07740653046767,,1186.6468403172526,1586.6468403172526
10.276,1384.241578162527,-332.7563961736414,,1184.241578162527,1584.241578162527
10.278,1382.4309018495642,-335.43700186405476,,1182.4309018495642,1582.4309018495642
10.28,1380.8602520233494,-338.11922414095443,,1180.8602520233494,1580.8602520233494
10.282,1379.099895867176,-340.8030635435962,,1179.099895867176,1579.099895867176
10.284,1376.6867451001228,-343.48852061123216,,1176.6867451001228,1576.6867451001228
10.286,1373.1713870824178,-346.1755958831109,,1173.1713870824178,1573.1713870824178
10.288,1368.1651476066709,-348.86428989849355,,1168.1651476066709,1568.1651476066709
10.290000000000001,1361.3815545862235,-351.55460319662143,,1161.3815545862235,1561.3815545862235
10.292,1352.6659577515506,-354.2465363167521,,1152.6659577515506,1552.6659577515506
10.294,1342.0071736811929,-356.940089798145,,1142.0071736811929,1542.0071736811929
10.296,1329.526984833784,-359.6352641800413,,1129.526984833784,1529.526984833784
10.298,1315.4476368916187,-362.3320600017005,,1115.4476368916187,1515.4476368916187
10.3,1300.0433664680943,-365.03047780237193,,1100.0433664680943,1500.0433664680943
10.302,1283.5873404378885,-367.73051812130507,,1083.5873404378885,1483.5873404378885
10.304,1266.3076493312274,-370.4321814977611,,1066.3076493312274,1466.3076493312274
10.306000000000001,1248.36362090488,-373.1354684709904,,1048.36362090488,1448.36362090488
10.308,1229.8472304677916,-375.84037958024237,,1029.8472304677916,1429.8472304677916
10.31,1210.8063032061132,-378.5469153647682,,1010.8063032061132,1410.8063032061132
10.312,1191.2797810487946,-381.2550763638219,,991.2797810487946,1391.2797810487946
10.314,1171.33283615081,-383.9648631166574,,971.33283615081,1371.33283615081
10.316,1151.0813170750275,-386.6762761625296,,951.0813170750275,1351.0813170750275
10.318,1130.6994245645747,-389.38931604067875,,930.6994245645747,1330.6994245645747
10.32,1110.4095574524342,-392.10398329037525,,910.4095574524342,1310.4095574524342
10.322000000000001,1090.4573715567362,-394.8202784508585,,890.4573715567362,1290.4573715567362
10.324,1071.0775713140363,-397.53820206138425,,871.0775713140363,1271.0775713140363
10.326,1052.456838539064,-400.25775466121013,,852.4568385390639,1252.456838539064
10.328,1034.7000560822887,-402.97893678957735,,834.7000560822887,1234.7000560822887
10.33,1017.8052360452159,-405.7017489857508,,817.8052360452159,1217.805236045216
10.332,1001.6517817177258,-408.42619178897894,,801.6517817177258,1201.651781717726
10.334,986.0058722876132,-411.1522657385103,,786.0058722876132,1186.0058722876133
10.336,970.5453099385787,-413.8799713736007,,770.5453099385787,1170.5453099385786
10.338000000000001,954.9035138177211,-416.609309233505,,754.9035138177211,1154.903513817721
10.34,938.7285152816837,-419.34027985746525,,738.7285152816837,1138.7285152816837
10.342,921.7487456268551,-422.0728837847482,,721.7487456268551,1121.748745626855
10.344,903.8345902206893,-424.80712155459514,,703.8345902206893,1103.8345902206893
10.346,885.0443300208599,-427.5429937062672,,685.0443300208599,1085.04433002086
10.348,865.6454638826226,-430.28050077901116,,665.6454638826226,1065.6454638826226
10.35,846.106694639771,-433.01964331208,,646.106694639771,1046.106694639771
10.352,827.0607343966449,-435.7604218447286,,627.0607343966449,1027.0607343966449
10.354000000000001,809.2424064006168,-438.50283691620825,,609.2424064006168,1009.2424064006168
10.356,793.4096712193284,-441.2468890657683,,593.4096712193284,993.4096712193284
10.358,780.256885575491,-443.9925788326682,,580.256885575491,980.256885575491
10.36,770.329736582215,-446.7399067561546,,570.329736582215,970.329736582215
10.362,763.9503034314475,-449.48887337547967,,563.9503034314475,963.9503034314475
10.364,761.1595171892126,-452.2394792299028,,561.1595171892126,961.1595171892126
10.366,761.6836391513923,-454.99172485866893,,561.6836391513923,961.6836391513923
10.368,764.9309826707649,-457.7456108010356,,564.9309826707649,964.9309826707649
10.370000000000001,770.0237775209339,-460.5011375962513,,570.0237775209339,970.0237775209339
10.372,775.8666272479998,-463.2583057835718,,575.8666272479998,975.8666272479998
10.374,781.2471862656616,-466.0171159022475,,581.2471862656616,981.2471862656616
10.376,784.9576760785766,-468.7775684915305,,584.9576760785766,984.9576760785766
10.378,785.9201346156372,-471.5396640906765,,585.9201346156372,985.9201346156372
10.38,783.2964944791199,-474.3034032389369,,583.2964944791199,983.2964944791199
10.382,776.5678642765561,-477.06878647555914,,576.5678642765561,976.5678642765561
10.384,765.5744569352214,-479.83581433980453,,565.5744569352214,965.5744569352214
10.386000000000001,750.5155945011321,-482.60448737092156,,550.5155945011321,950.5155945011321
10.388,731.9155509841186,-485.374806108156,,531.9155509841186,931.9155509841186
10.39,710.5645703591899,-488.14677109077365,,510.56457035918993,910.5645703591899
10.392,687.4453449579656,-490.9203828580121,,487.44534495796563,887.4453449579656
10.394,663.6541840519524,-493.695641949138,,463.65418405195237,863.6541840519524
10.396,640.3237273762453,-496.47254890339354,,440.3237273762453,840.3237273762453
10.398,618.5509812832103,-499.251104260039,,418.55098128321026,818.5509812832103
10.4,599.3312902078765,-502.0313085583193,,399.33129020787646,799.3312902078765
10.402000000000001,583.4964633008224,-504.81316233749385,,383.49646330082237,783.4964633008224
10.404,571.6549013527344,-507.59666613680747,,371.65490135273444,771.6549013527344
10.406,564.1342395636043,-510.3818204955214,,364.1342395636043,764.1342395636043
10.408,560.9322217530918,-513.1686259528806,,360.93222175309177,760.9322217530918
10.41,561.6866466473159,-515.9570830481425,,361.6866466473159,761.6866466473159
10.412,565.6771612452275,-518.7471923205612,,365.67716124522747,765.6771612452275
10.414,571.8691462771836,-521.5389543093816,,371.86914627718363,771.8691462771836
10.416,579.0038741308687,-524.3323695538611,,379.00387413086867,779.0038741308687
10.418000000000001,585.7309516379345,-527.1274385932529,,385.7309516379345,785.7309516379345
10.42,590.7697061340257,-529.9241619668082,,390.7697061340257,790.7697061340257
10.422,593.0770640531799,-532.7225402137774,,393.0770640531799,793.0770640531799
10.424,591.9935667415687,-535.5225738734143,,391.99356674156866,791.9935667415687
10.426,587.3397962161417,-538.3242634849776,,387.33979621614174,787.3397962161417
10.428,579.4438205076906,-541.1276095877147,,379.4438205076906,779.4438205076906
10.43,569.0938482573517,-543.9326127208724,,369.09384825735174,769.0938482573517
10.432,557.4244381963821,-546.7392734237101,,357.4244381963821,757.4244381963821
10.434000000000001,545.7558989094766,-549.5475922354826,,345.7558989094766,745.7558989094766
10.436,535.4137252791529,-552.357569695434,,335.4137252791529,735.4137252791529
10.438,527.556980271443,-555.1692063428236,,327.55698027144297,727.556980271443
10.44,523.0402843619446,-557.9825027169,,323.0402843619446,723.0402843619446
10.442,522.3247867276657,-560.7974593569206,,322.3247867276657,722.3247867276657
10.444,525.4430781759108,-563.6140768021342,,325.44307817591084,725.4430781759108
10.446,532.0149809093554,-566.4323555917908,,332.01498090935536,732.0149809093554
10.448,541.306461780622,-569.2522962651501,,341.30646178062204,741.306461780622
10.450000000000001,552.3216048702388,-572.0738993614586,,352.32160487023884,752.3216048702388
10.452,563.9161175727672,-574.8971654199704,,363.91611757276723,763.9161175727672
10.454,574.91909234714,-577.7220949799394,,374.91909234714,774.91909234714
10.456,584.2481152641956,-580.548688580614,,384.2481152641956,784.2481152641956
10.458,591.0032680022521,-583.3769467612537,,391.00326800225207,791.0032680022521
10.46,594.5295354378385,-586.2068700611044,,394.5295354378385,794.5295354378385
10.462,594.4437558498169,-589.0384590194226,,394.44375584981685,794.4437558498169
10.464,590.6291423409467,-591.8717141754632,,390.6291423409467,790.6291423409467
10.466000000000001,583.2053673915651,-594.7066360684703,,383.2053673915651,783.2053673915651
10.468,572.4840490923922,-597.5432252376977,,372.4840490923922,772.4840490923922
10.47,558.9181499470232,-600.3814822224049,,358.91814994702315,758.9181499470232
10.472,543.0506071127274,-603.2214075618422,,343.05060711272745,743.0506071127274
10.474,525.4646464313473,-606.0630017952599,,325.4646464313473,725.4646464313473
10.476,506.73750228891646,-608.9062654619129,,306.73750228891646,706.7375022889164
10.478,487.4012295368694,-611.751199101047,,287.4012295368694,687.4012295368693
10.48,467.91765469682196,-614.5978032519215,,267.91765469682196,667.917654696822
10.482000000000001,448.6757690549256,-617.4460784537941,,248.67576905492558,648.6757690549256
10.484,430.0156251719989,-620.2960252459043,,230.01562517199892,630.0156251719989
10.486,412.2738030639497,-623.1476441675095,,212.27380306394969,612.2738030639497
10.488,395.8366039998592,-626.0009357578647,,195.83660399985922,595.8366039998592
10.49,381.1826882357474,-628.8559005562192,,181.18268823574738,581.1826882357474
10.492,368.8978996529646,-631.7125391018335,,168.8978996529646,568.8978996529646
10.494,359.65035699201616,-634.5708519339478,,159.65035699201616,559.6503569920162
10.496,354.1223057762804,-637.4308395918251,,154.12230577628043,554.1223057762804
10.498,352.905743736802,-640.2925026147086,,152.90574373680198,552.9057437368019
10.5,356.37924099767184,-643.1558415418594,,156.37924099767184,556.3792409976718
10.502,364.5904157784621,-646.020856912528,,164.5904157784621,564.5904157784621
10.504,377.1708172915556,-648.8875492659627,,177.17081729155558,577.1708172915555
10.506,393.3075330225722,-651.7559191414193,,193.30753302257222,593.3075330225722
10.508000000000001,411.7874686352192,-654.6259670781519,,211.78746863521923,611.7874686352193
10.51,431.1158334203689,-657.4976936154053,,231.11583342036892,631.115833420369
10.512,449.69424090351197,-660.3710992924389,,249.69424090351197,649.694240903512
10.514,466.03174322338737,-663.2461846485048,,266.03174322338737,666.0317432233874
10.516,478.95659671263195,-666.1229502228534,,278.95659671263195,678.956596712632
10.518,487.79676453967465,-669.0013965547414,,287.79676453967465,687.7967645396747
10.52,492.50133249007115,-671.8815241834163,,292.50133249007115,692.5013324900711
10.522,493.68205996586926,-674.7633336481322,,293.68205996586926,693.6820599658693
10.524000000000001,492.5633962987045,-677.6468254881447,,292.5633962987045,692.5633962987044
10.526,490.8394004722709,-680.5320002426979,,290.8394004722709,690.8394004722709
10.528,490.44665016617824,-683.4188584510557,,290.44665016617824,690.4466501661782
10.53,493.27396305863266,-686.3074006524612,,293.27396305863266,693.2739630586327
10.532,500.8428229280235,-689.1976273861701,,300.8428229280235,700.8428229280235
10.534,514.0052268573453,-692.0895391914355,,314.0052268573453,714.0052268573453
10.536,532.7139580979581,-694.9831366075086,,332.7139580979581,732.7139580979581
10.538,555.9180143277163,-697.8784201736471,,355.91801432771626,755.9180143277163
10.540000000000001,581.619576475837,-700.7753904291012,,381.619576475837,781.619576475837
10.542,607.1012701091691,-703.6740479131122,,407.10127010916915,807.1012701091691
10.544,629.3005152305116,-706.5743931649486,,429.30051523051156,829.3005152305116
10.546,631.3525282429091,-709.4764267238552,,431.3525282429091,831.3525282429091
10.548,631.7239252876128,-712.380149129086,,431.7239252876128,831.7239252876128
10.55,630.4103591472397,-715.2855609198932,,430.41035914723966,830.4103591472397
10.552,627.4074826043941,-718.1926626355271,,427.4074826043941,827.4074826043941
10.554,622.7109484416812,-721.1014548152452,,422.71094844168124,822.7109484416812
10.556000000000001,616.3164094417056,-724.0119379982971,,416.31640944170556,816.3164094417056
10.558,608.2195183870722,-726.9241127239302,,408.2195183870722,808.2195183870722
10.56,598.4159280603856,-729.8379795314058,,398.41592806038557,798.4159280603856
10.562,586.9012912442508,-732.7535389599707,,386.90129124425084,786.9012912442508
10.564,573.6712607212727,-735.6707915488842,,373.6712607212727,773.6712607212727
10.566,558.7214892740557,-738.5897378373911,,358.72148927405567,758.7214892740557
10.568,542.0476296852049,-741.5103783647428,,342.0476296852049,742.0476296852049
10.57,523.645334737325,-744.4327136702032,,323.645334737325,723.645334737325
10.572000000000001,503.51025721302057,-747.3567442930143,,303.51025721302057,703.5102572130206
10.574,481.63804989489705,-750.2824707724294,,281.63804989489705,681.638049894897
10.576,458.0243655655584,-753.2098936477078,,258.0243655655584,658.0243655655584
10.578,432.66485700761007,-756.1390134580924,,232.66485700761007,632.6648570076101
10.58,405.55517700365647,-759.0698307428429,,205.55517700365647,605.5551770036565
10.582,376.6909783363027,-762.0023460412149,,176.6909783363027,576.6909783363027
10.584,346.06791378815336,-764.936559892446,,146.06791378815336,546.0679137881534
10.586,313.6816361418131,-767.8724728358065,,113.6816361418131,513.6816361418131
10.588000000000001,279.5277981798868,-770.8100854105396,,79.52779817988682,479.5277981798868
10.59,243.60205268497953,-773.7493981558955,,43.602052684979526,443.6020526849795
10.592,205.90005243969614,-776.6904116111336,,5.90005243969614,405.90005243969614
10.594,166.4174502266407,-779.6331263154989,,-33.58254977335929,366.4174502266407
