0.0,4439.752043664941
0.002,4439.885110632164
0.004,4440.018059367254
0.006,4440.150889916198
0.008,4440.283602324983
0.01,4440.416196639594
0.012,4440.548672906018
0.014,4440.681031170238
0.016,4440.813271478243
0.018000000000000002,4440.945393876019
0.02,4441.0773984095495
0.022,4441.209285124823
0.024,4441.341054067823
0.026000000000000002,4441.472705284537
0.028,4441.604238820952
0.03,4441.735654723051
0.032,4441.866953036822
0.034,4441.998133808252
0.036000000000000004,4442.129197083324
0.038,4442.260142908026
0.04,4442.390971328343
0.042,4442.521682390262
0.044,4442.652276139767
0.046,4442.782752622847
0.048,4442.913111885485
0.05,4443.043353973669
0.052000000000000005,4443.173478933383
0.054,4443.303486810615
0.056,4443.43337765135
0.058,4443.563151501574
0.06,4443.692808407272
0.062,4443.822348414433
0.064,4443.951771569039
0.066,4444.081077917079
0.068,4444.210267504536
0.07,4444.339340377399
0.07200000000000001,4444.468296581653
0.074,4444.597136163283
0.076,4444.725859168275
0.078,4444.854465642617
0.08,4444.982955632292
0.082,4445.111329183288
0.084,4445.23958634159
0.08600000000000001,4445.367727153184
0.088,4445.495751664058
0.09,4445.623659920195
0.092,4445.7514519675815
0.094,4445.879127852205
0.096,4446.006687620051
0.098,4446.134131317104
0.1,4446.261458989352
0.10200000000000001,4446.388670682779
0.10400000000000001,4446.515766443373
0.106,4446.642746317118
0.108,4446.76961035
0.11,4446.896358588007
0.112,4447.022991077123
0.114,4447.149507863335
0.116,4447.275908992629
0.11800000000000001,4447.40219451099
0.12,4447.528364464405
0.122,4447.654418898859
0.124,4447.780357860339
0.126,4447.906181394829
0.128,4448.031889548318
0.13,4448.157482366789
0.132,4448.28295989623
0.134,4448.408322182625
0.136,4448.533569271963
0.138,4448.658701210226
0.14,4448.7837180434035
0.14200000000000002,4448.908619817479
0.14400000000000002,4449.03340657844
0.146,4449.158078372272
0.148,4449.282635244961
0.15,4449.407077242492
0.152,4449.531404410852
0.154,4449.655616796027
0.156,4449.779714444003
0.158,4449.903697400765
0.16,4450.027565712299
0.162,4450.151319424593
0.164,4450.27495858363
0.166,4450.398483235398
0.168,4450.521893425882
0.17,4450.645189201069
0.17200000000000001,4450.768370606944
0.17400000000000002,4450.891437689493
0.176,4451.014390494702
0.178,4451.137229068558
0.18,4451.2599534570445
0.182,4451.38256370615
0.184,4451.50505986186
0.186,4451.6274419701585
0.188,4451.749710077034
0.19,4451.871864228471
0.192,4451.993904470456
0.194,4452.115830848975
0.196,4452.237643410012
0.198,4452.3593421995565
0.2,4452.480927263592
0.202,4452.602398648105
0.20400000000000001,4452.723756399081
0.20600000000000002,4452.845000562507
0.20800000000000002,4452.966131184368
0.21,4453.087148310651
0.212,4453.208051987342
0.214,4453.328842260425
0.216,4453.449519175887
0.218,4453.5700827797145
0.22,4453.690533117893
0.222,4453.810870236409
0.224,4453.931094181247
0.226,4454.051204998395
0.228,4454.171202733838
0.23,4454.291087433561
0.232,4454.4108591435515
0.234,4454.530517909795
0.23600000000000002,4454.6500637782765
0.23800000000000002,4454.769496794983
0.24,4454.888817005901
0.242,4455.0080244570145
0.244,4455.127119194311
0.246,4455.246101263775
0.248,4455.364970711395
0.25,4455.483727583154
0.252,4455.60237192504
0.254,4455.720903783038
0.256,4455.839323203134
0.258,4455.957630231315
0.26,4456.075824913566
0.262,4456.193907295873
0.264,4456.311877424221
0.266,4456.429735344598
0.268,4456.547481102989
0.27,4456.66511474538
0.272,4456.782636317756
0.274,4456.900045866106
0.276,4457.0173434364115
0.278,4457.134529074661
0.28,4457.251602826841
0.28200000000000003,4457.368564738937
0.28400000000000003,4457.485414856934
0.28600000000000003,4457.602153226818
0.28800000000000003,4457.718779894576
0.29,4457.835294906193
0.292,4457.9516983076555
0.294,4458.067990144949
0.296,4458.184170464061
0.298,4458.3002393109755
0.3,4458.4161967316795
0.302,4458.532042772158
0.304,4458.647777478398
0.306,4458.763400896385
0.308,4458.878913072105
0.31,4458.994314051544
0.312,4459.109603880688
0.314,4459.224782605523
0.316,4459.339850272035
0.318,4459.454806926209
0.32,4459.569652614032
0.322,4459.68438738149
0.324,4459.799011274568
0.326,4459.913524339253
0.328,4460.02792662153
0.33,4460.142218167386
0.332,4460.256399022806
0.334,4460.370469233777
0.336,4460.484428846285
0.338,4460.598277906313
0.34,4460.712016459851
0.342,4460.825644552883
0.34400000000000003,4460.939162231395
0.34600000000000003,4461.052569541373
0.34800000000000003,4461.165866528803
0.35000000000000003,4461.279053239671
0.352,4461.392129719963
0.354,4461.505096015665
0.356,4461.617952172763
0.358,4461.730698237242
0.36,4461.84333425509
0.362,4461.955860272291
0.364,4462.068276334831
0.366,4462.180582488698
0.368,4462.292778779875
0.37,4462.404865254351
0.372,4462.51684195811
0.374,4462.628708937138
0.376,4462.740466237421
0.378,4462.852113904946
0.38,4462.963651985699
0.382,4463.075080525664
0.384,4463.186399570829
0.386,4463.297609167179
0.388,4463.4087093606995
0.39,4463.5197001973775
0.392,4463.630581723199
0.394,4463.741353984148
0.396,4463.852017026213
0.398,4463.962570895378
0.4,4464.073015637631
0.402,4464.183351298956
0.404,4464.29357792534
0.406,4464.403695562768
0.40800000000000003,4464.513704257228
0.41000000000000003,4464.623604054704
0.41200000000000003,4464.733395001182
0.41400000000000003,4464.843077142648
0.41600000000000004,4464.95265052509
0.418,4465.062115194491
0.42,4465.171471196839
0.422,4465.2807185781185
0.424,4465.389857384317
0.426,4465.498887661419
0.428,4465.607809455411
0.43,4465.716622812281
0.432,4465.825327778011
0.434,4465.93392439859
0.436,4466.042412720002
0.438,4466.150792788235
0.44,4466.259064649274
0.442,4466.367228349103
0.444,4466.475283933712
0.446,4466.583231449083
0.448,4466.691070941204
0.45,4466.798802456061
0.452,4466.90642603964
0.454,4467.013941737926
0.456,4467.121349596905
0.458,4467.228649662564
0.46,4467.335841980888
0.462,4467.442926597863
0.464,4467.549903559476
0.466,4467.656772911712
0.468,4467.763534700557
0.47000000000000003,4467.870188971998
0.47200000000000003,4467.976735772018
0.47400000000000003,4468.083175146608
0.47600000000000003,4468.189507141748
0.47800000000000004,4468.295731803429
0.48,4468.401849177634
0.482,4468.50785931035
0.484,4468.613762247563
0.486,4468.719558035258
0.488,4468.8252467194225
0.49,4468.930828346041
0.492,4469.036302961101
0.494,4469.141670610587
0.496,4469.246931340485
0.498,4469.352085196782
0.5,4469.457132225464
0.502,4469.562072472516
0.504,4469.666905983924
0.506,4469.771632805674
0.508,4469.876252983753
0.51,4469.980766564146
0.512,4470.085173592838
0.514,4470.189474115818
0.516,4470.293668179068
0.518,4470.397755828577
0.52,4470.5017371103295
0.522,4470.605612070312
0.524,4470.709380754512
0.526,4470.813043208912
0.528,4470.916599479499
0.53,4471.020049612262
0.532,4471.123393653183
0.534,4471.22663164825
0.536,4471.329763643448
0.538,4471.432789684764
0.54,4471.535709818184
0.542,4471.6385240896925
0.544,4471.741232545277
0.546,4471.843835230922
0.548,4471.946332192615
0.55,4472.048723476341
0.552,4472.151009128087
0.554,4472.253189193837
0.556,4472.355263719578
0.558,4472.457232751297
0.56,4472.559096334978
0.562,4472.660854516608
0.5640000000000001,4472.762507342173
0.5660000000000001,4472.8640548576595
0.5680000000000001,4472.965497109052
0.5700000000000001,4473.066834142338
0.5720000000000001,4473.168066003502
0.5740000000000001,4473.269192738531
0.5760000000000001,4473.370214393411
0.578,4473.4711310141265
0.58,4473.571942646665
0.582,4473.6726493370115
0.584,4473.773251131153
0.586,4473.873748075074
0.588,4473.974140214763
0.59,4474.074427596202
0.592,4474.1746102653815
0.594,4474.274688268284
0.596,4474.374661650896
0.598,4474.474530459205
0.6,4474.5742947391955
0.602,4474.673954536855
0.604,4474.7735098981675
0.606,4474.872960869119
0.608,4474.972307495698
0.61,4475.071549823888
0.612,4475.170687899676
0.614,4475.2697217690475
0.616,4475.368651477988
0.618,4475.467477072485
0.62,4475.566198598523
0.622,4475.664816102089
0.624,4475.763329629169
0.626,4475.861739225747
0.628,4475.960044937811
0.63,4476.058246811346
0.632,4476.156344892339
0.634,4476.254339226774
0.636,4476.352229860639
0.638,4476.450016839919
0.64,4476.5477002106
0.642,4476.645280018668
0.644,4476.742756310109
0.646,4476.840129130909
0.648,4476.937398527053
0.65,4477.0345645445295
0.652,4477.131627229322
0.654,4477.228586627417
0.656,4477.3254427848005
0.658,4477.422195747458
0.66,4477.518845561377
0.662,4477.6153922725425
0.664,4477.711835926941
0.666,4477.808176570557
0.668,4477.904414249378
0.67,4478.000549009389
0.672,4478.096580896577
0.674,4478.192509956926
0.676,4478.288336236424
0.678,4478.384059781056
0.68,4478.479680636808
0.682,4478.575198849666
0.684,4478.670614465616
0.686,4478.765927530644
0.6880000000000001,4478.861138090736
0.6900000000000001,4478.956246191879
0.6920000000000001,4479.051251880056
0.6940000000000001,4479.146155201255
0.6960000000000001,4479.240956201463
0.6980000000000001,4479.335654926663
0.7000000000000001,4479.430251422844
0.7020000000000001,4479.524745735989
0.704,4479.619137912087
0.706,4479.713427997122
0.708,4479.807616037081
0.71,4479.901702077948
0.712,4479.995686165712
0.714,4480.089568346356
0.716,4480.183348665868
0.718,4480.277027170233
0.72,4480.370603905437
0.722,4480.4640789174655
0.724,4480.557452252306
0.726,4480.650723955943
0.728,4480.743894074363
0.73,4480.836962653552
0.732,4480.929929739496
0.734,4481.0227953781805
0.736,4481.115559615592
0.738,4481.208222497717
0.74,4481.3007840705395
0.742,4481.393244380047
0.744,4481.485603472224
0.746,4481.577861393059
0.748,4481.670018188536
0.75,4481.7620739046415
0.752,4481.854028587361
0.754,4481.945882282681
0.756,4482.037635036588
0.758,4482.129286895067
0.76,4482.220837904103
0.762,4482.312288109684
0.764,4482.403637557795
0.766,4482.494886294422
0.768,4482.586034365551
0.77,4482.677081817168
0.772,4482.768028695259
0.774,4482.85887504581
0.776,4482.9496209148065
0.778,4483.040266348235
0.78,4483.130811392081
0.782,4483.221256092331
0.784,4483.31160049497
0.786,4483.401844645985
0.788,4483.491988591361
0.79,4483.582032377085
0.792,4483.671976049142
0.794,4483.761819653519
0.796,4483.851563236201
0.798,4483.941206843174
0.8,4484.030750520425
0.802,4484.120194313939
0.804,4484.209538269701
0.806,4484.298782433699
0.808,4484.387926851918
0.81,4484.476971570344
0.812,4484.565916634962
0.8140000000000001,4484.65476209176
0.8160000000000001,4484.743507986723
0.8180000000000001,4484.832154365837
0.8200000000000001,4484.920701275087
0.8220000000000001,4485.0091487604595
0.8240000000000001,4485.097496867941
0.8260000000000001,4485.185745643517
0.8280000000000001,4485.273895133174
0.8300000000000001,4485.361945382897
0.8320000000000001,4485.449896438672
0.834,4485.537748346486
0.836,4485.625501152324
0.838,4485.713154902173
0.84,4485.800709642019
0.842,4485.888165417846
0.844,4485.975522275641
0.846,4486.062780261391
0.848,4486.1499394210805
0.85,4486.236999800695
0.852,4486.323961446224
0.854,4486.410824403649
0.856,4486.4975887189585
0.858,4486.584254438138
0.86,4486.670821607173
0.862,4486.757290272049
0.864,4486.843660478754
0.866,4486.929932273272
0.868,4487.016105701589
0.87,4487.102180809693
0.872,4487.188157643568
0.874,4487.2740362492
0.876,4487.359816672576
0.878,4487.445498959681
0.88,4487.531083156501
0.882,4487.616569309022
0.884,4487.701957463231
0.886,4487.787247665114
0.888,4487.872439960654
0.89,4487.957534395841
0.892,4488.042531016658
0.894,4488.127429869092
0.896,4488.212230999129
0.898,4488.2969344527555
0.9,4488.3815402759565
0.902,4488.466048514718
0.904,4488.550459215026
0.906,4488.634772422867
0.908,4488.718988184227
0.91,4488.803106545091
0.912,4488.887127551447
0.914,4488.9710512492775
0.916,4489.054877684572
0.918,4489.138606903313
0.92,4489.22223895149
0.922,4489.305773875087
0.924,4489.38921172009
0.926,4489.472552532486
0.928,4489.55579635826
0.93,4489.638943243397
0.932,4489.721993233885
0.934,4489.804946375708
0.936,4489.887802714854
0.9380000000000001,4489.970562297308
0.9400000000000001,4490.053225169055
0.9420000000000001,4490.135791376082
0.9440000000000001,4490.218260964375
0.9460000000000001,4490.30063397992
0.9480000000000001,4490.382910468703
0.9500000000000001,4490.465090476709
0.9520000000000001,4490.547174049925
0.9540000000000001,4490.629161234336
0.9560000000000001,4490.711052075929
0.9580000000000001,4490.7928466206895
0.96,4490.874544914603
0.962,4490.956147003656
0.964,4491.037652933834
0.966,4491.119062751123
0.968,4491.200376501511
0.97,4491.281594230981
0.972,4491.36271598552
0.974,4491.443741811114
0.976,4491.524671753748
0.978,4491.605505859411
0.98,4491.686244174086
0.982,4491.76688674376
0.984,4491.847433614418
0.986,4491.927884832047
0.988,4492.008240442634
0.99,4492.088500492163
0.992,4492.16866502662
0.994,4492.248734091992
0.996,4492.328707734265
0.998,4492.408585999424
1.0,4492.488368933456
1.002,4492.568056582346
1.004,4492.647648992081
1.006,4492.727146208645
1.008,4492.806548278026
1.01,4492.885855246209
1.012,4492.96506715918
1.014,4493.0441840629255
1.016,4493.123206003431
1.018,4493.202133026682
1.02,4493.280965178666
1.022,4493.359702505367
1.024,4493.438345052772
1.026,4493.516892866866
1.028,4493.595345993637
1.03,4493.67370447907
1.032,4493.75196836915
1.034,4493.830137709864
1.036,4493.908212547197
1.038,4493.9861929271365
1.04,4494.064078895666
1.042,4494.141870498775
1.044,4494.219567782446
1.046,4494.297170792666
1.048,4494.374679575421
1.05,4494.452094176699
1.052,4494.529414642483
1.054,4494.6066410187605
1.056,4494.683773351517
1.058,4494.760811686739
1.06,4494.837756070411
1.062,4494.914606548521
1.064,4494.991363167053
1.066,4495.068025971995
1.068,4495.14459500933
1.07,4495.221070325048
1.072,4495.297451965132
1.074,4495.373739975567
1.076,4495.4499344023425
1.078,4495.526035291442
1.08,4495.602042688852
1.082,4495.6779566405585
1.084,4495.753777192547
1.086,4495.829504390805
1.088,4495.905138281316
1.09,4495.9806789100685
1.092,4496.056126323047
1.094,4496.131480566237
1.096,4496.206741685625
1.098,4496.281909727198
1.1,4496.35698473694
1.102,4496.431966760839
1.104,4496.506855844879
1.106,4496.581652035048
1.108,4496.65635537733
1.11,4496.730965917713
1.112,4496.805483702181
1.114,4496.87990877672
1.116,4496.954241187317
1.118,4497.028480979959
1.12,4497.102628200629
1.122,4497.176682895315
1.124,4497.250645110003
1.1260000000000001,4497.324514890677
1.1280000000000001,4497.398292283326
1.1300000000000001,4497.471977333933
1.1320000000000001,4497.545570088486
1.1340000000000001,4497.61907059297
1.1360000000000001,4497.692478893372
1.1380000000000001,4497.765795035676
1.1400000000000001,4497.83901906587
1.1420000000000001,4497.912151029938
1.1440000000000001,4497.985190973868
1.1460000000000001,4498.058138943645
1.1480000000000001,4498.130994985254
1.1500000000000001,4498.203759144682
1.1520000000000001,4498.276431467915
1.154,4498.349012000939
1.156,4498.42150078974
1.158,4498.493897880303
1.16,4498.566203318615
1.162,4498.638417150662
1.164,4498.710539422428
1.166,4498.782570179902
1.168,4498.854509469068
1.17,4498.926357335912
1.172,4498.99811382642
1.174,4499.069778986579
1.176,4499.141352862374
1.178,4499.212835499791
1.18,4499.2842269448165
1.182,4499.355527243436
1.184,4499.4267364416355
1.186,4499.497854585401
1.188,4499.568881720718
1.19,4499.639817893574
1.192,4499.710663149953
1.194,4499.781417535842
1.196,4499.852081097227
1.198,4499.922653880093
1.2,4499.993135930427
1.202,4500.0635272942145
1.204,4500.133828017442
1.206,4500.204038146095
1.208,4500.274157726159
1.21,4500.344186803621
1.212,4500.414125424466
1.214,4500.48397363468
1.216,4500.55373148025
1.218,4500.6233990071605
1.22,4500.692976261398
1.222,4500.762463288949
1.224,4500.8318601358
1.226,4500.901166847935
1.228,4500.970383471341
1.23,4501.0395100520045
1.232,4501.10854663591
1.234,4501.177493269045
1.236,4501.246349997395
1.238,4501.315116866946
1.24,4501.383793923683
1.242,4501.452381213592
1.244,4501.5208787826605
1.246,4501.589286676874
1.248,4501.657604942217
1.25,4501.725833624677
1.252,4501.79397277024
1.254,4501.86202242489
1.256,4501.929982634615
1.258,4501.9978534454
1.26,4502.0656349032315
1.262,4502.133327054095
1.264,4502.200929943977
1.266,4502.268443618863
1.268,4502.335868124739
1.27,4502.403203507591
1.272,4502.470449813404
1.274,4502.537607088166
1.276,4502.604675377862
1.278,4502.671654728477
1.28,4502.738545185998
1.282,4502.805346796411
1.284,4502.872059605701
1.286,4502.938683659855
1.288,4503.005219004858
1.29,4503.071665686698
1.292,4503.138023751358
1.294,4503.204293244826
1.296,4503.270474213087
1.298,4503.336566702128
1.3,4503.402570757934
1.302,4503.468486426491
1.304,4503.534313753785
1.306,4503.600052785802
1.308,4503.665703568528
1.31,4503.73126614795
1.312,4503.796740570053
1.314,4503.862126880822
1.316,4503.927425126244
1.318,4503.992635352305
1.32,4504.057757604991
1.322,4504.122791930287
1.324,4504.18773837418
1.326,4504.2525969826565
1.328,4504.317367801701
1.33,4504.3820508773
1.332,4504.446646255439
1.334,4504.5111539821055
1.336,4504.5755741032835
1.338,4504.63990666496
1.34,4504.704151713122
1.342,4504.768309293753
1.344,4504.8323794528405
1.346,4504.89636223637
1.348,4504.960257690328
1.35,4505.0240658607
1.352,4505.087786793471
1.354,4505.151420534629
1.356,4505.214967130159
1.358,4505.278426626047
1.36,4505.341799068278
1.362,4505.40508450284
1.364,4505.468282975717
1.366,4505.531394532895
1.368,4505.5944192203615
1.37,4505.657357084101
1.372,4505.720208170101
1.374,4505.7829725243455
1.3760000000000001,4505.845650192821
1.3780000000000001,4505.908241221516
1.3800000000000001,4505.970745656413
1.3820000000000001,4506.033163543499
1.3840000000000001,4506.095494928761
1.3860000000000001,4506.157739858183
1.3880000000000001,4506.219898377753
1.3900000000000001,4506.281970533457
1.3920000000000001,4506.343956371278
1.3940000000000001,4506.405855937206
1.3960000000000001,4506.467669277224
1.3980000000000001,4506.529396437319
1.4000000000000001,4506.591037463477
1.4020000000000001,4506.652592401683
1.4040000000000001,4506.714061297926
1.4060000000000001,4506.775444198188
1.408,4506.836741148456
1.41,4506.897952194718
1.412,4506.959077382958
1.414,4507.020116759163
1.416,4507.081070369318
1.418,4507.1419382594095
1.42,4507.202720475423
1.422,4507.2634170633455
1.424,4507.3240280691625
1.426,4507.384553538859
1.428,4507.444993518422
1.43,4507.505348053837
1.432,4507.565617191091
1.434,4507.625800976169
1.436,4507.685899455056
1.438,4507.745912673739
1.44,4507.805840678205
1.442,4507.8656835144375
1.444,4507.9254412284245
1.446,4507.985113866152
1.448,4508.044701473604
1.45,4508.104204096768
1.452,4508.163621781629
1.454,4508.222954574175
1.456,4508.28220252039
1.458,4508.34136566626
1.46,4508.400444057772
1.462,4508.459437740911
1.464,4508.518346761663
1.466,4508.577171166015
1.468,4508.635910999952
1.47,4508.69456630946
1.472,4508.753137140526
1.474,4508.811623539134
1.476,4508.870025551271
1.478,4508.928343222924
1.48,4508.986576600078
1.482,4509.044725728718
1.484,4509.102790654832
1.486,4509.160771424404
1.488,4509.21866808342
1.49,4509.276480677868
1.492,4509.334209253731
1.494,4509.391853856999
1.496,4509.449414533654
1.498,4509.506891329684
1.5,4509.564284291075
1.502,4509.621593463811
1.504,4509.67881889388
1.506,4509.735960627268
1.508,4509.79301870996
1.51,4509.849993187941
1.512,4509.9068841072
1.514,4509.96369151372
1.516,4510.020415453489
1.518,4510.0770559724915
1.52,4510.133613116714
1.522,4510.190086932143
1.524,4510.246477464762
1.526,4510.302784760561
1.528,4510.359008865523
1.53,4510.415149825634
1.532,4510.471207686882
1.534,4510.5271824952515
1.536,4510.583074296728
1.538,4510.638883137299
1.54,4510.694609062948
1.542,4510.750252119664
1.544,4510.80581235343
1.546,4510.861289810235
1.548,4510.916684536062
1.55,4510.971996576899
1.552,4511.027225978731
1.554,4511.082372787544
1.556,4511.137437049324
1.558,4511.1924188100575
1.56,4511.24731811573
1.562,4511.302135012327
1.564,4511.356869545835
1.566,4511.411521762241
1.568,4511.466091707529
1.57,4511.520579427686
1.572,4511.574984968697
1.574,4511.6293083765495
1.576,4511.683549697229
1.578,4511.737708976721
1.58,4511.791786261011
1.582,4511.8457815960855
1.584,4511.899695027931
1.586,4511.953526602532
1.588,4512.007276365876
1.59,4512.060944363949
1.592,4512.114530642735
1.594,4512.168035248222
1.596,4512.221458226395
1.598,4512.27479962324
1.6,4512.328059484743
1.602,4512.38123785689
1.604,4512.4343347856675
1.606,4512.48735031706
1.608,4512.540284497056
1.61,4512.5931373716385
1.612,4512.645908986795
1.614,4512.698599388512
1.616,4512.751208622773
1.618,4512.803736735567
1.62,4512.8561837728785
1.622,4512.908549780694
1.624,4512.960834804998
1.6260000000000001,4513.013038891778
1.6280000000000001,4513.065162087019
1.6300000000000001,4513.117204436709
1.6320000000000001,4513.16916598683
1.6340000000000001,4513.221046783371
1.6360000000000001,4513.272846872318
1.6380000000000001,4513.324566299656
1.6400000000000001,4513.37620511137
1.6420000000000001,4513.427763353448
1.6440000000000001,4513.479241071876
1.6460000000000001,4513.530638312637
1.6480000000000001,4513.58195512172
1.6500000000000001,4513.633191545109
1.6520000000000001,4513.684347628792
1.6540000000000001,4513.735423418753
1.6560000000000001,4513.786418960979
1.6580000000000001,4513.837334301456
1.6600000000000001,4513.888169486169
1.6620000000000001,4513.9389245611055
1.6640000000000001,4513.98959957225
1.666,4514.040194565589
1.668,4514.090709587109
1.67,4514.141144682795
1.672,4514.191499898633
1.674,4514.2417752806095
1.676,4514.29197087471
1.678,4514.3420867269215
1.68,4514.392122883229
1.682,4514.442079389619
1.684,4514.491956292076
1.686,4514.541753636588
1.688,4514.591471469139
1.69,4514.641109835717
1.692,4514.690668782306
1.694,4514.740148354893
1.696,4514.789548599463
1.698,4514.838869562004
1.7,4514.8881112885
1.702,4514.9372738249385
1.704,4514.9863572173035
1.706,4515.035361511583
1.708,4515.084286753761
1.71,4515.133132989826
1.712,4515.181900265761
1.714,4515.2305886275535
1.716,4515.27919812119
1.718,4515.327728792656
1.72,4515.376180687936
1.722,4515.424553853018
1.724,4515.472848333887
1.726,4515.521064176529
1.728,4515.56920142693
1.73,4515.617260131075
1.732,4515.665240334953
1.734,4515.713142084546
1.736,4515.760965425842
1.738,4515.808710404828
1.74,4515.856377067488
1.742,4515.903965459809
1.744,4515.951475627776
1.746,4515.998907617376
1.748,4516.046261474595
1.75,4516.093537245418
1.752,4516.140734975831
1.754,4516.187854711821
1.756,4516.2348964993735
1.758,4516.2818603844735
1.76,4516.328746413108
1.762,4516.375554631263
1.764,4516.422285084925
1.766,4516.468937820078
1.768,4516.515512882709
1.77,4516.562010318805
1.772,4516.608430174349
1.774,4516.654772495331
1.776,4516.701037327734
1.778,4516.747224717545
1.78,4516.79333471075
1.782,4516.839367353334
1.784,4516.885322691284
1.786,4516.931200770586
1.788,4516.977001637225
1.79,4517.022725337188
1.792,4517.068371916461
1.794,4517.113941421028
1.796,4517.159433896877
1.798,4517.204849389994
1.8,4517.250187946363
1.802,4517.295449611973
1.804,4517.340634432807
1.806,4517.385742454852
1.808,4517.430773724095
1.81,4517.47572828652
1.812,4517.520606188115
1.814,4517.5654074748645
1.816,4517.610132192755
1.818,4517.654780387772
1.82,4517.699352105902
1.822,4517.743847393132
1.824,4517.788266295445
1.826,4517.832608858829
1.828,4517.87687512927
1.83,4517.921065152754
1.832,4517.965178975266
1.834,4518.009216642792
1.836,4518.0531782013195
1.838,4518.097063696833
1.84,4518.140873175318
1.842,4518.184606682762
1.844,4518.228264265151
1.846,4518.271845968469
1.848,4518.3153518387035
1.85,4518.35878192184
1.852,4518.402136263865
1.854,4518.445414910764
1.856,4518.488617908522
1.858,4518.5317453031275
1.86,4518.5747971405635
1.862,4518.617773466818
1.864,4518.660674327876
1.866,4518.703499769724
1.868,4518.7462498383475
1.87,4518.788924579732
1.872,4518.831524039865
1.874,4518.874048264731
1.8760000000000001,4518.916497300316
1.8780000000000001,4518.958871192608
1.8800000000000001,4519.00116998759
1.8820000000000001,4519.04339373125
1.8840000000000001,4519.085542469573
1.8860000000000001,4519.127616248546
1.8880000000000001,4519.169615114153
1.8900000000000001,4519.211539112382
1.8920000000000001,4519.253388289218
1.8940000000000001,4519.295162690646
1.8960000000000001,4519.336862362654
1.8980000000000001,4519.378487351227
1.9000000000000001,4519.42003770235
1.9020000000000001,4519.461513462011
1.9040000000000001,4519.5029146761935
1.9060000000000001,4519.544241390886
1.9080000000000001,4519.585493652073
1.9100000000000001,4519.62667150574
1.9120000000000001,4519.667774997874
1.9140000000000001,4519.708804174461
1.9160000000000001,4519.7497590814855
1.9180000000000001,4519.790639764936
1.92,4519.831446270796
1.922,4519.872178645052
1.924,4519.91283693369
1.926,4519.953421182698
1.928,4519.993931438059
1.93,4520.03436774576
1.932,4520.074730151789
1.934,4520.115018702128
1.936,4520.155233442765
1.938,4520.195374419687
1.94,4520.235441678879
1.942,4520.275435266327
1.944,4520.315355228016
1.946,4520.355201609933
1.948,4520.394974458064
1.95,4520.434673818395
1.952,4520.474299736911
1.954,4520.513852259599
1.956,4520.553331432445
1.958,4520.592737301434
1.96,4520.632069912553
1.962,4520.671329311786
1.964,4520.710515545122
1.966,4520.749628658544
1.968,4520.78866869804
1.97,4520.827635709595
1.972,4520.866529739195
1.974,4520.905350832827
1.976,4520.944099036476
1.978,4520.982774396127
1.98,4521.021376957768
1.982,4521.059906767383
1.984,4521.0983638709595
1.986,4521.136748314482
1.988,4521.175060143939
1.99,4521.213299405314
1.992,4521.251466144593
1.994,4521.289560407763
1.996,4521.3275822408095
1.998,4521.365531689719
2.0,4521.403408800477
2.0020000000000002,4521.4412136190695
2.004,4521.478946191482
2.0060000000000002,4521.516606563701
2.008,4521.554194781713
2.0100000000000002,4521.591710891502
2.012,4521.629154939056
2.0140000000000002,4521.66652697036
2.016,4521.7038270314
2.0180000000000002,4521.741055168162
2.02,4521.778211426633
2.0220000000000002,4521.815295852797
2.024,4521.852308492641
2.0260000000000002,4521.889249392151
2.028,4521.926118597313
2.0300000000000002,4521.962916154113
2.032,4521.999642108536
2.0340000000000003,4522.03629650657
2.036,4522.072879394198
2.0380000000000003,4522.109390817409
2.04,4522.145830822187
2.0420000000000003,4522.182199454518
2.044,4522.218496760389
2.0460000000000003,4522.254722785786
2.048,4522.290877576694
2.05,4522.326961179098
2.052,4522.362973638987
2.054,4522.398915002344
2.056,4522.434785315157
2.058,4522.470584623411
2.06,4522.506312973092
2.062,4522.541970410185
2.064,4522.577556980678
2.066,4522.613072730556
2.068,4522.648517705805
2.07,4522.683891952411
2.072,4522.719195516359
2.074,4522.754428443636
2.076,4522.789590780228
2.078,4522.82468257212
2.08,4522.859703865299
2.082,4522.89465470575
2.084,4522.92953513946
2.086,4522.9643452124155
2.088,4522.9990849706
2.09,4523.033754460002
2.092,4523.068353726605
2.094,4523.102882816397
2.096,4523.137341775363
2.098,4523.171730649489
2.1,4523.206049484761
2.102,4523.240298327166
2.104,4523.274477222688
2.106,4523.308586217315
2.108,4523.342625357031
2.11,4523.376594687823
2.112,4523.410494255677
2.114,4523.444324106579
2.116,4523.478084286515
2.118,4523.51177484147
2.12,4523.545395817431
2.122,4523.578947260383
2.124,4523.612429216313
2.126,4523.645841731207
2.128,4523.679184851049
2.13,4523.712458621828
2.132,4523.745663089528
2.134,4523.778798300134
2.136,4523.811864299635
2.138,4523.8448611340145
2.14,4523.87778884926
2.142,4523.910647491355
2.144,4523.943437106288
2.146,4523.976157740044
2.148,4524.008809438608
2.15,4524.041392247968
2.152,4524.073906214109
2.154,4524.106351383016
2.156,4524.138727800676
2.158,4524.171035513075
2.16,4524.203274566199
2.162,4524.235445006033
2.164,4524.267546878564
2.166,4524.299580229777
2.168,4524.33154510566
2.17,4524.363441552196
2.172,4524.395269615372
2.174,4524.4270293411755
2.176,4524.45872077559
2.178,4524.490343964604
2.18,4524.521898954202
2.182,4524.55338579037
2.184,4524.584804519094
2.186,4524.616155186361
2.188,4524.6474378381545
2.19,4524.6786525204625
2.192,4524.709799279271
2.194,4524.7408781605645
2.196,4524.77188921033
2.198,4524.802832474554
2.2,4524.833707999221
2.202,4524.864515830318
2.204,4524.8952560138305
2.206,4524.925928595744
2.208,4524.956533622046
2.21,4524.987071138721
2.212,4525.017541191755
2.214,4525.047943827136
2.216,4525.078279090847
2.218,4525.108547028875
2.22,4525.138747687207
2.222,4525.168881111828
2.224,4525.198947348725
2.226,4525.228946443882
2.228,4525.258878443286
2.23,4525.288743392924
2.232,4525.31854133878
2.234,4525.348272326841
2.236,4525.3779364030925
2.238,4525.407533613522
2.24,4525.437064004113
2.242,4525.466527620853
2.244,4525.495924509729
2.246,4525.525254716725
2.248,4525.554518287827
2.25,4525.583715269022
2.2520000000000002,4525.612845706295
2.254,4525.641909645632
2.2560000000000002,4525.670907133021
2.258,4525.699838214445
2.2600000000000002,4525.728702935891
2.262,4525.757501343347
2.2640000000000002,4525.786233482796
2.266,4525.814899400225
2.2680000000000002,4525.843499141621
2.27,4525.872032752968
2.2720000000000002,4525.900500280253
2.274,4525.928901769463
2.2760000000000002,4525.957237266582
2.278,4525.985506817597
2.2800000000000002,4526.013710468494
2.282,4526.0418482652585
2.2840000000000003,4526.069920253877
2.286,4526.097926480335
2.2880000000000003,4526.125866990619
2.29,4526.153741830714
2.2920000000000003,4526.181551046607
2.294,4526.209294684283
2.2960000000000003,4526.2369727897285
2.298,4526.26458540893
2.3000000000000003,4526.292132587872
2.302,4526.319614372542
2.3040000000000003,4526.347030808925
2.306,4526.374381943007
2.308,4526.4016678207745
2.31,4526.428888488213
2.312,4526.456043991308
2.314,4526.483134376047
2.316,4526.510159688414
2.318,4526.537119974396
2.32,4526.56401527998
2.322,4526.590845651149
2.324,4526.617611133892
2.326,4526.644311774193
2.328,4526.6709476180395
2.33,4526.697518711416
2.332,4526.7240251003095
2.334,4526.750466830705
2.336,4526.776843948589
2.338,4526.803156499947
2.34,4526.829404530767
2.342,4526.855588087032
2.344,4526.881707214729
2.346,4526.907761959846
2.348,4526.933752368365
2.35,4526.959678486276
2.352,4526.985540359562
2.354,4527.01133803421
2.356,4527.037071556207
2.358,4527.062740971537
2.36,4527.088346326187
2.362,4527.113887666143
2.364,4527.13936503739
2.366,4527.164778485916
2.368,4527.190128057705
2.37,4527.2154137987445
2.372,4527.240635755019
2.374,4527.265793972515
2.376,4527.2908884972185
2.378,4527.315919375115
2.38,4527.340886652191
2.382,4527.365790374433
2.384,4527.390630587826
2.386,4527.415407338357
2.388,4527.44012067201
2.39,4527.464770634773
2.392,4527.489357272631
2.394,4527.513880631571
2.396,4527.538340757576
2.398,4527.562737696636
2.4,4527.587071494733
2.402,4527.611342197856
2.404,4527.63554985199
2.406,4527.659694503121
2.408,4527.683776197234
2.41,4527.707794980316
2.412,4527.731750898352
2.414,4527.75564399733
2.416,4527.779474323233
2.418,4527.80324192205
2.42,4527.826946839765
2.422,4527.850589122363
2.424,4527.874168815833
2.426,4527.897685966159
2.428,4527.921140619327
2.43,4527.944532821323
2.432,4527.967862618134
2.434,4527.991130055744
2.436,4528.014335180141
2.438,4528.0374780373095
2.44,4528.060558673236
2.442,4528.083577133907
2.444,4528.106533465308
2.446,4528.129427713424
2.448,4528.152259924242
2.45,4528.175030143748
2.452,4528.197738417927
2.454,4528.220384792767
2.456,4528.242969314251
2.458,4528.265492028368
2.46,4528.287952981102
2.462,4528.310352218439
2.464,4528.332689786366
2.466,4528.354965730868
2.468,4528.377180097931
2.47,4528.399332933542
2.472,4528.421424283686
2.474,4528.443454194349
2.476,4528.465422711517
2.478,4528.487329881176
2.48,4528.509175749313
2.482,4528.530960361912
2.484,4528.55268376496
2.486,4528.574346004443
2.488,4528.595947126347
2.49,4528.617487176658
2.492,4528.638966201362
2.494,4528.660384246444
2.496,4528.68174135789
2.498,4528.703037581688
2.5,4528.724272963821
2.5020000000000002,4528.745447550277
2.504,4528.766561387042
2.5060000000000002,4528.787614520102
2.508,4528.808606995442
2.5100000000000002,4528.829538859047
2.512,4528.850410156905
2.5140000000000002,4528.8712209350015
2.516,4528.891971239323
2.5180000000000002,4528.912661115853
2.52,4528.933290610579
2.5220000000000002,4528.953859769488
2.524,4528.974368638565
2.5260000000000002,4528.994817263796
2.528,4529.015205691167
2.5300000000000002,4529.035533966662
2.532,4529.05580213627
2.5340000000000003,4529.076010245976
2.536,4529.096158341766
2.5380000000000003,4529.116246469625
2.54,4529.136274675539
2.5420000000000003,4529.156243005496
2.544,4529.1761515054795
2.5460000000000003,4529.196000221477
2.548,4529.215789199474
2.5500000000000003,4529.235518485456
2.552,4529.2551881254085
2.5540000000000003,4529.274798165319
2.556,4529.294348651173
2.5580000000000003,4529.313839628956
2.56,4529.333271144654
2.562,4529.352643244253
2.564,4529.371955973739
2.566,4529.391209379098
2.568,4529.4104035063165
2.57,4529.4295384013785
2.572,4529.4486141102725
2.574,4529.467630678983
2.576,4529.486588153496
2.578,4529.505486579798
2.58,4529.524326003874
2.582,4529.543106471711
2.584,4529.561828029295
2.586,4529.580490722611
2.588,4529.5990945976455
2.59,4529.617639700385
2.592,4529.6361260768135
2.594,4529.654553772919
2.596,4529.672922834687
2.598,4529.691233308103
2.6,4529.709485239153
2.602,4529.727678673823
2.604,4529.7458136581
2.606,4529.763890237968
2.608,4529.781908459414
2.61,4529.7998683684245
2.612,4529.8177700109845
2.614,4529.835613433081
2.616,4529.853398680698
2.618,4529.871125799823
2.62,4529.888794836443
2.622,4529.906405836541
2.624,4529.923958846105
2.626,4529.941453911121
2.628,4529.958891077574
2.63,4529.976270391451
2.632,4529.993591898737
2.634,4530.010855645418
2.636,4530.028061677481
2.638,4530.045210040911
2.64,4530.062300781694
2.642,4530.079333945816
2.644,4530.096309579264
2.646,4530.113227728022
2.648,4530.130088438077
2.65,4530.146891755416
2.652,4530.163637726023
2.654,4530.1803263958855
2.656,4530.196957810988
2.658,4530.213532017318
2.66,4530.23004906086
2.662,4530.246508987601
2.664,4530.262911843527
2.666,4530.279257674623
2.668,4530.295546526876
2.67,4530.311778446272
2.672,4530.327953478795
2.674,4530.344071670434
2.676,4530.360133067172
2.678,4530.376137714997
2.68,4530.392085659893
2.682,4530.4079769478485
2.684,4530.423811624848
2.686,4530.439589736878
2.688,4530.4553113299235
2.69,4530.47097644997
2.692,4530.486585143006
2.694,4530.502137455015
2.696,4530.517633431984
2.698,4530.533073119899
2.7,4530.548456564746
2.702,4530.56378381251
2.704,4530.579054909179
2.706,4530.594269900736
2.708,4530.60942883317
2.71,4530.6245317524645
2.712,4530.639578704607
2.714,4530.654569735582
2.716,4530.669504891377
2.718,4530.684384217978
2.72,4530.6992077613695
2.722,4530.713975567538
2.724,4530.728687682471
2.726,4530.743344152152
2.728,4530.7579450225685
2.73,4530.772490339706
2.732,4530.78698014955
2.734,4530.801414498087
2.736,4530.815793431303
2.738,4530.830116995185
2.74,4530.844385235716
2.742,4530.8585981988845
2.744,4530.872755930676
2.746,4530.886858477076
2.748,4530.900905884071
2.75,4530.914898197646
2.7520000000000002,4530.928835463787
2.754,4530.9427177284815
2.7560000000000002,4530.956545037714
2.758,4530.970317437471
2.7600000000000002,4530.984034973739
2.762,4530.997697692502
2.7640000000000002,4531.011305639748
2.766,4531.024858861461
2.7680000000000002,4531.03835740363
2.77,4531.051801312238
2.7720000000000002,4531.065190633272
2.774,4531.078525412719
2.7760000000000002,4531.091805696562
2.778,4531.10503153079
2.7800000000000002,4531.118202961388
2.782,4531.131320034342
2.7840000000000003,4531.144382795637
2.786,4531.15739129126
2.7880000000000003,4531.170345567197
2.79,4531.183245669434
2.7920000000000003,4531.196091643956
2.794,4531.2088835367485
2.7960000000000003,4531.2216213938
2.798,4531.234305261094
2.8000000000000003,4531.2469351846175
2.802,4531.259511210356
2.8040000000000003,4531.272033384297
2.806,4531.284501752424
2.8080000000000003,4531.296916360725
2.81,4531.3092772551845
2.8120000000000003,4531.32158448179
2.814,4531.333838086525
2.816,4531.346038115378
2.818,4531.358184614334
2.82,4531.3702776293785
2.822,4531.382317206499
2.824,4531.3943033916785
2.826,4531.406236230906
2.828,4531.418115770165
2.83,4531.4299420554435
2.832,4531.441715132727
2.834,4531.453435048001
2.836,4531.4651018472505
2.838,4531.476715576463
2.84,4531.488276281624
2.842,4531.499784008719
2.844,4531.511238803735
2.846,4531.5226407126565
2.848,4531.533989781471
2.85,4531.545286056163
2.852,4531.556529582719
2.854,4531.567720407126
2.856,4531.578858575368
2.858,4531.589944133433
2.86,4531.600977127306
2.862,4531.611957602971
2.864,4531.622885606418
2.866,4531.63376118363
2.868,4531.644584380593
2.87,4531.655355243294
2.872,4531.66607381772
2.874,4531.676740149854
2.876,4531.687354285684
2.878,4531.697916271196
2.88,4531.708426152375
2.882,4531.718883975207
2.884,4531.729289785679
2.886,4531.739643629776
2.888,4531.749945553484
2.89,4531.76019560279
2.892,4531.770393823679
2.894,4531.780540262137
2.896,4531.79063496415
2.898,4531.800677975704
2.9,4531.810669342784
2.902,4531.820609111379
2.904,4531.830497327472
2.906,4531.840334037049
2.908,4531.850119286098
2.91,4531.859853120603
2.912,4531.86953558655
2.914,4531.8791667299265
2.916,4531.888746596717
2.918,4531.898275232909
2.92,4531.907752684488
2.922,4531.917178997438
2.924,4531.926554217746
2.926,4531.9358783913995
2.928,4531.945151564383
2.93,4531.954373782683
2.932,4531.963545092285
2.934,4531.972665539175
2.936,4531.98173516934
2.938,4531.990754028764
2.94,4531.999722163434
2.942,4532.0086396193365
2.944,4532.017506442457
2.946,4532.026322678781
2.948,4532.035088374295
2.95,4532.043803574985
2.952,4532.052468326836
2.954,4532.061082675836
2.956,4532.069646667968
2.958,4532.0781603492205
2.96,4532.086623765578
2.962,4532.095036963027
2.964,4532.103399987554
2.966,4532.111712885145
2.968,4532.119975701784
2.97,4532.128188483459
2.972,4532.136351276155
2.974,4532.144464125859
2.976,4532.152527078555
2.978,4532.160540180231
2.98,4532.168503476871
2.982,4532.1764170144625
2.984,4532.184280838991
2.986,4532.192094996443
2.988,4532.199859532803
2.99,4532.2075744940585
2.992,4532.215239926194
2.994,4532.222855875197
2.996,4532.230422387052
2.998,4532.237939507747
3.0,4532.245407283265
3.0020000000000002,4532.252825759594
3.004,4532.260194982719
3.0060000000000002,4532.267514998628
3.008,4532.274785853304
3.0100000000000002,4532.282007592735
3.012,4532.289180262906
3.0140000000000002,4532.296303909803
3.016,4532.303378579413
3.0180000000000002,4532.310404317721
3.02,4532.317381170712
3.0220000000000002,4532.324309184374
3.024,4532.331188404692
3.0260000000000002,4532.338018877652
3.028,4532.344800649239
3.0300000000000002,4532.351533765441
3.032,4532.358218272242
3.0340000000000003,4532.364854215629
3.036,4532.371441641588
3.0380000000000003,4532.377980596105
3.04,4532.384471125165
3.0420000000000003,4532.390913274754
3.044,4532.39730709086
3.0460000000000003,4532.403652619466
3.048,4532.4099499065605
3.0500000000000003,4532.416198998128
3.052,4532.422399940155
3.0540000000000003,4532.428552778627
3.056,4532.43465755953
3.0580000000000003,4532.440714328851
3.06,4532.446723132574
3.0620000000000003,4532.452684016687
3.064,4532.4585970271755
3.0660000000000003,4532.464462210024
3.068,4532.47027961122
3.0700000000000003,4532.476049276749
3.072,4532.481771252596
3.074,4532.4874455847485
3.076,4532.493072319192
3.078,4532.498651501912
3.08,4532.504183178894
3.082,4532.509667396125
3.084,4532.515104199591
3.086,4532.5204936352775
3.088,4532.52583574917
3.09,4532.531130587256
3.092,4532.536378195518
3.094,4532.541578619946
3.096,4532.546731906525
3.098,4532.551838101239
3.1,4532.556897250076
3.102,4532.56190939902
3.104,4532.566874594059
3.106,4532.571792881178
3.108,4532.5766643063625
3.11,4532.5814889156
3.112,4532.5862667548745
3.114,4532.590997870173
3.116,4532.595682307481
3.118,4532.600320112785
3.12,4532.6049113320705
3.122,4532.609456011324
3.124,4532.613954196531
3.126,4532.618405933678
3.128,4532.62281126875
3.13,4532.627170247733
3.132,4532.631482916615
3.134,4532.635749321379
3.136,4532.639969508013
3.138,4532.6441435225015
3.14,4532.648271410832
3.142,4532.652353218989
3.144,4532.65638899296
3.146,4532.66037877873
3.148,4532.664322622284
3.15,4532.66822056961
3.152,4532.672072666693
3.154,4532.675878959518
3.156,4532.679639494073
3.158,4532.683354316342
3.16,4532.687023472312
3.162,4532.690647007968
3.164,4532.6942249692975
3.166,4532.697757402286
3.168,4532.7012443529175
3.17,4532.704685867181
3.172,4532.70808199106
3.174,4532.711432770542
3.176,4532.714738251612
3.178,4532.717998480257
3.18,4532.721213502461
3.182,4532.724383364212
3.184,4532.727508111496
3.186,4532.730587790297
3.188,4532.733622446603
3.19,4532.736612126398
3.192,4532.739556875669
3.194,4532.742456740402
3.196,4532.745311766584
3.198,4532.748122000199
3.2,4532.750887487234
3.202,4532.753608273674
3.204,4532.756284405506
3.206,4532.758915928716
3.208,4532.761502889291
3.21,4532.764045333213
3.212,4532.766543306472
3.214,4532.768996855052
3.216,4532.771406024939
3.218,4532.773770862121
3.22,4532.77609141258
3.222,4532.778367722306
3.224,4532.780599837282
3.226,4532.782787803497
3.228,4532.7849316669335
3.23,4532.787031473579
3.232,4532.789087269421
3.234,4532.791099100443
3.236,4532.793067012632
3.238,4532.794991051974
3.24,4532.796871264454
3.242,4532.79870769606
3.244,4532.800500392776
3.246,4532.802249400589
3.248,4532.803954765484
3.25,4532.805616533448
3.2520000000000002,4532.807234750467
3.254,4532.808809462526
3.2560000000000002,4532.810340715612
3.258,4532.81182855571
3.2600000000000002,4532.813273028806
3.262,4532.814674180887
3.2640000000000002,4532.816032057938
3.266,4532.817346705945
3.2680000000000002,4532.818618170895
3.27,4532.819846498773
3.2720000000000002,4532.821031735564
3.274,4532.822173927256
3.2760000000000002,4532.823273119833
3.278,4532.824329359282
3.2800000000000002,4532.82534269159
3.282,4532.826313162741
3.2840000000000003,4532.827240818722
3.286,4532.828125705519
3.2880000000000003,4532.828967869117
3.29,4532.8297673555035
3.2920000000000003,4532.8305242106635
3.294,4532.831238480582
3.2960000000000003,4532.831910211247
3.298,4532.832539448643
3.3000000000000003,4532.833126238756
3.302,4532.833670627573
3.3040000000000003,4532.83417266108
3.306,4532.834632385261
3.3080000000000003,4532.835049846104
3.31,4532.835425089594
3.3120000000000003,4532.8357581617165
3.314,4532.836049108459
3.3160000000000003,4532.836297975806
3.318,4532.836504809744
3.3200000000000003,4532.836669656259
3.322,4532.836792561337
3.3240000000000003,4532.836873570963
3.326,4532.836912731124
3.3280000000000003,4532.836910087806
3.33,4532.836865686995
3.332,4532.836779574676
3.334,4532.836651796837
3.336,4532.836482399462
3.338,4532.836271428536
3.34,4532.836018930047
3.342,4532.835724949981
3.344,4532.835389534323
3.346,4532.8350127290605
3.348,4532.8345945801775
3.35,4532.83413513366
3.352,4532.833634435496
3.354,4532.833092531669
3.356,4532.832509468166
3.358,4532.831885290973
3.36,4532.831220046077
3.362,4532.830513779461
3.364,4532.829766537115
3.366,4532.828978365022
3.368,4532.828149309168
3.37,4532.827279415541
3.372,4532.826368730125
3.374,4532.825417298906
3.376,4532.824425167872
3.378,4532.823392383007
3.38,4532.822318990297
3.382,4532.821205035729
3.384,4532.820050565288
3.386,4532.818855624961
3.388,4532.817620260732
3.39,4532.816344518589
3.392,4532.815028444517
3.394,4532.813672084503
3.396,4532.812275484532
3.398,4532.810838690589
3.4,4532.809361748661
3.402,4532.807844704735
3.404,4532.806287604795
3.406,4532.804690494829
3.408,4532.803053420821
3.41,4532.801376428758
3.412,4532.7996595646255
3.414,4532.797902874409
3.416,4532.7961064040965
3.418,4532.794270199672
3.42,4532.792394307122
3.422,4532.790478772433
3.424,4532.78852364159
3.426,4532.786528960579
3.428,4532.7844947753865
3.43,4532.7824211319985
3.432,4532.780308076401
3.434,4532.778155654579
3.436,4532.775963912519
3.438,4532.773732896208
3.44,4532.77146265163
3.442,4532.769153224773
3.444,4532.766804661622
3.446,4532.764417008162
3.448,4532.7619903103805
3.45,4532.759524614263
3.452,4532.757019965795
3.454,4532.7544764109625
3.456,4532.751893995752
3.458,4532.749272766148
3.46,4532.746612768139
3.462,4532.743914047709
3.464,4532.741176650845
3.466,4532.738400623532
3.468,4532.735586011756
3.47,4532.732732861504
3.472,4532.72984121876
3.474,4532.726911129513
3.476,4532.723942639746
3.478,4532.720935795446
3.48,4532.7178906426
3.482,4532.714807227193
3.484,4532.711685595211
3.486,4532.708525792639
3.488,4532.705327865465
3.49,4532.702091859673
3.492,4532.6988178212505
3.494,4532.695505796182
3.496,4532.692155830455
3.498,4532.688767970054
3.5,4532.685342260966
3.5020000000000002,4532.681878749177
3.504,4532.678377480671
3.5060000000000002,4532.674838501437
3.508,4532.671261857458
3.5100000000000002,4532.667647594722
3.512,4532.663995759215
3.5140000000000002,4532.660306396922
3.516,4532.656579553829
3.5180000000000002,4532.652815275923
3.52,4532.649013609188
3.5220000000000002,4532.645174599612
3.524,4532.641298293179
3.5260000000000002,4532.637384735876
3.528,4532.63343397369
3.5300000000000002,4532.629446052605
3.532,4532.625421018609
3.5340000000000003,4532.621358917686
3.536,4532.617259795823
3.5380000000000003,4532.613123699005
3.54,4532.608950673219
3.5420000000000003,4532.604740764451
3.544,4532.600494018686
3.5460000000000003,4532.596210481911
3.548,4532.591890200111
3.5500000000000003,4532.587533219273
3.552,4532.583139585382
3.5540000000000003,4532.578709344424
3.556,4532.574242542386
3.5580000000000003,4532.569739225253
3.56,4532.565199439011
3.5620000000000003,4532.560623229647
3.564,4532.556010643145
3.5660000000000003,4532.551361725492
3.568,4532.546676522675
3.5700000000000003,4532.541955080677
3.572,4532.537197445487
3.5740000000000003,4532.532403663091
3.576,4532.527573779473
3.5780000000000003,4532.522707840619
3.58,4532.517805892517
3.5820000000000003,4532.5128679811505
3.584,4532.507894152507
3.586,4532.502884452571
3.588,4532.497838927331
3.59,4532.492757622771
3.592,4532.487640584878
3.594,4532.482487859636
3.596,4532.477299493034
3.598,4532.472075531055
3.6,4532.466816019687
3.602,4532.461521004914
3.604,4532.456190532725
3.606,4532.450824649102
3.608,4532.445423400034
3.61,4532.439986831507
3.612,4532.434514989504
3.614,4532.429007920014
3.616,4532.423465669021
3.618,4532.417888282513
3.62,4532.412275806474
3.622,4532.406628286892
3.624,4532.400945769749
3.626,4532.395228301036
3.628,4532.389475926735
3.63,4532.383688692835
3.632,4532.377866645319
3.634,4532.372009830176
3.636,4532.366118293388
3.638,4532.360192080945
3.64,4532.354231238832
3.642,4532.348235813032
3.644,4532.342205849535
3.646,4532.336141394325
3.648,4532.330042493387
3.65,4532.323909192709
3.652,4532.317741538275
3.654,4532.311539576072
3.656,4532.305303352087
3.658,4532.299032912304
3.66,4532.29272830271
3.662,4532.286389569291
3.664,4532.280016758033
3.666,4532.273609914921
3.668,4532.2671690859415
3.67,4532.26069431708
3.672,4532.254185654324
3.674,4532.247643143658
3.676,4532.241066831069
3.678,4532.234456762541
3.68,4532.227812984062
3.682,4532.221135541618
3.684,4532.214424481194
3.686,4532.207679848776
3.688,4532.200901690349
3.69,4532.194090051902
3.692,4532.187244979418
3.694,4532.180366518884
3.696,4532.173454716286
3.698,4532.166509617609
3.7,4532.159531268841
3.702,4532.152519715967
3.704,4532.145475004972
3.706,4532.138397181843
3.708,4532.131286292565
3.71,4532.124142383125
3.712,4532.116965499509
3.714,4532.109755687702
3.716,4532.102512993691
3.718,4532.095237463461
3.72,4532.087929142997
3.722,4532.080588078288
3.724,4532.073214315318
3.726,4532.065807900073
3.728,4532.058368878539
3.73,4532.050897296703
3.732,4532.043393200549
3.734,4532.035856636065
3.736,4532.028287649235
3.738,4532.020686286046
3.74,4532.013052592484
3.742,4532.005386614535
3.744,4531.997688398185
3.746,4531.98995798942
3.748,4531.982195434225
3.75,4531.974400778587
3.7520000000000002,4531.966574068491
3.754,4531.958715349924
3.7560000000000002,4531.950824668871
3.758,4531.94290207132
3.7600000000000002,4531.934947603254
3.762,4531.92696131066
3.7640000000000002,4531.918943239525
3.766,4531.910893435834
3.7680000000000002,4531.902811945573
3.77,4531.894698814729
3.7720000000000002,4531.886554089287
3.774,4531.878377815232
3.7760000000000002,4531.870170038552
3.778,4531.861930805231
3.7800000000000002,4531.853660161257
3.782,4531.845358152615
3.7840000000000003,4531.8370248252895
3.786,4531.828660225268
3.7880000000000003,4531.820264398538
3.79,4531.811837391082
3.7920000000000003,4531.803379248888
3.794,4531.794890017942
3.7960000000000003,4531.786369744228
3.798,4531.777818473735
3.8000000000000003,4531.769236252447
3.802,4531.760623126351
3.8040000000000003,4531.751979141432
3.806,4531.743304343676
3.8080000000000003,4531.734598779069
3.81,4531.725862493598
3.8120000000000003,4531.717095533247
3.814,4531.708297944004
3.8160000000000003,4531.699469771854
3.818,4531.690611062782
3.8200000000000003,4531.681721862776
3.822,4531.67280221782
3.8240000000000003,4531.663852173902
3.826,4531.6548717770065
3.8280000000000003,4531.64586107312
3.83,4531.636820108228
3.8320000000000003,4531.627748928316
3.834,4531.618647579371
3.8360000000000003,4531.609516107379
3.838,4531.600354558325
3.84,4531.591162978196
3.842,4531.581941412976
3.844,4531.572689908654
3.846,4531.563408511214
3.848,4531.554097266642
3.85,4531.544756220925
3.852,4531.5353854200475
3.854,4531.525984909996
3.856,4531.516554736757
3.858,4531.507094946315
3.86,4531.497605584658
3.862,4531.488086697771
3.864,4531.478538331639
3.866,4531.46896053225
3.868,4531.459353345589
3.87,4531.449716817641
3.872,4531.440050994393
3.874,4531.43035592183
3.876,4531.4206316459395
3.878,4531.410878212706
3.88,4531.401095668116
3.882,4531.391284058156
3.884,4531.381443428811
3.886,4531.371573826067
3.888,4531.3616752959115
3.89,4531.351747884329
3.892,4531.341791637305
3.894,4531.331806600826
3.896,4531.321792820879
3.898,4531.311750343449
3.9,4531.301679214521
3.902,4531.291579480083
3.904,4531.28145118612
3.906,4531.271294378617
3.908,4531.2611091035615
3.91,4531.250895406939
3.912,4531.240653334735
3.914,4531.230382932936
3.916,4531.220084247528
3.918,4531.2097573244955
3.92,4531.199402209826
3.922,4531.189018949505
3.924,4531.178607589519
3.926,4531.168168175853
3.928,4531.157700754493
3.93,4531.147205371425
3.932,4531.136682072636
3.934,4531.126130904111
3.936,4531.1155519118365
3.938,4531.104945141798
3.94,4531.094310639982
3.942,4531.083648452373
3.944,4531.072958624959
3.946,4531.062241203725
3.948,4531.051496234656
3.95,4531.040723763739
3.952,4531.029923836961
3.954,4531.019096500305
3.956,4531.00824179976
3.958,4530.99735978131
3.96,4530.986450490942
3.962,4530.975513974641
3.964,4530.964550278394
3.966,4530.953559448186
3.968,4530.942541530004
3.97,4530.931496569833
3.972,4530.92042461366
3.974,4530.909325707469
3.976,4530.898199897249
3.978,4530.887047228982
3.98,4530.875867748658
3.982,4530.86466150226
3.984,4530.853428535775
3.986,4530.842168895189
3.988,4530.830882626488
3.99,4530.819569775659
3.992,4530.808230388686
3.994,4530.796864511555
3.996,4530.785472190254
3.998,4530.774053470767
4.0,4530.762608399081
4.002,4530.751137021181
4.0040000000000004,4530.739639383055
4.006,4530.728115530686
4.008,4530.716565510062
4.01,4530.704989367168
4.0120000000000005,4530.693387147991
4.014,4530.681758898516
4.016,4530.6701046647295
4.018,4530.658424492617
4.0200000000000005,4530.646718428165
4.022,4530.634986517359
4.024,4530.623228806185
4.026,4530.611445340628
4.0280000000000005,4530.599636166677
4.03,4530.5878013303145
4.032,4530.575940877528
4.034,4530.564054854303
4.0360000000000005,4530.552143306627
4.038,4530.540206280484
4.04,4530.528243821861
4.042,4530.516255976743
4.0440000000000005,4530.504242791118
4.046,4530.492204310969
4.048,4530.480140582284
4.05,4530.468051651049
4.0520000000000005,4530.455937563248
4.054,4530.4437983648695
4.056,4530.431634101898
4.058,4530.41944482032
4.0600000000000005,4530.407230566121
4.062,4530.3949913852875
4.064,4530.382727323805
4.066,4530.370438427659
4.0680000000000005,4530.3581247428365
4.07,4530.3457863153235
4.072,4530.333423191105
4.074,4530.3210354161665
4.0760000000000005,4530.308623036495
4.078,4530.296186098078
4.08,4530.283724646898
4.082,4530.271238728943
4.0840000000000005,4530.258728390199
4.086,4530.246193676652
4.088,4530.233634634287
4.09,4530.22105130909
4.0920000000000005,4530.2084437470485
4.094,4530.195811994146
4.096,4530.183156096371
4.098,4530.170476099708
4.1,4530.157772050144
4.102,4530.145043993663
4.104,4530.132291976253
4.106,4530.119516043898
4.108,4530.106716242586
4.11,4530.093892618303
4.112,4530.081045217032
4.114,4530.068174084762
4.116,4530.055279267477
4.118,4530.042360811165
4.12,4530.02941876181
4.122,4530.016453165399
4.124,4530.003464067918
4.126,4529.990451515352
4.128,4529.977415553688
4.13,4529.964356228911
4.132,4529.9512735870085
4.134,4529.938167673964
4.136,4529.925038535766
4.138,4529.911886218399
4.14,4529.8987107678495
4.142,4529.885512230103
4.144,4529.872290651146
4.146,4529.859046076964
4.148,4529.845778553543
4.15,4529.832488126869
4.152,4529.819174842928
4.154,4529.805838747707
4.156,4529.792479887189
4.158,4529.779098307363
4.16,4529.765694054214
4.162,4529.752267173728
4.164,4529.738817711889
4.166,4529.725345714686
4.168,4529.711851228104
4.17,4529.698334298128
4.172,4529.684794970744
4.174,4529.67123329194
4.176,4529.657649307699
4.178,4529.64404306401
4.18,4529.630414606856
4.182,4529.616763982224
4.184,4529.603091236101
4.186,4529.589396414472
4.188,4529.575679563323
4.19,4529.56194072864
4.192,4529.5481799564095
4.194,4529.534397292617
4.196,4529.5205927832485
4.198,4529.506766474289
4.2,4529.492918411726
4.202,4529.479048641546
4.204,4529.465157209732
4.206,4529.451244162273
4.208,4529.437309545153
4.21,4529.423353404358
4.212,4529.409375785875
4.214,4529.39537673569
4.216,4529.381356299788
4.218,4529.367314524156
4.22,4529.353251454779
4.222,4529.339167137643
4.224,4529.325061618735
4.226,4529.31093494404
4.228,4529.296787159544
4.23,4529.282618311234
4.232,4529.268428445093
4.234,4529.254217607111
4.236,4529.239985843272
4.238,4529.225733199561
4.24,4529.211459721965
4.242,4529.19716545647
4.244,4529.182850449062
4.246,4529.1685147457265
4.248,4529.15415839245
4.25,4529.1397814352185
4.252,4529.125383920017
4.2540000000000004,4529.110965892833
4.256,4529.09652739965
4.258,4529.082068486457
4.26,4529.067589199237
4.2620000000000005,4529.053089583978
4.264,4529.038569686665
4.266,4529.024029553285
4.268,4529.0094692298235
4.2700000000000005,4528.994888762265
4.272,4528.980288196597
4.274,4528.965667578806
4.276,4528.951026954876
4.2780000000000005,4528.9363663707945
4.28,4528.921685872547
4.282,4528.906985506119
4.284,4528.892265317497
4.2860000000000005,4528.877525352667
4.288,4528.862765657615
4.29,4528.847986278326
4.292,4528.833187260787
4.2940000000000005,4528.818368650984
4.296,4528.803530494902
4.298,4528.788672838527
4.3,4528.773795727847
4.3020000000000005,4528.758899208845
4.304,4528.743983327509
4.306,4528.729048129824
4.308,4528.714093661777
4.3100000000000005,4528.699119969353
4.312,4528.684127098538
4.314,4528.669115095318
4.316,4528.65408400568
4.3180000000000005,4528.639033875607
4.32,4528.623964751088
4.322,4528.608876678109
4.324,4528.593769702654
4.3260000000000005,4528.57864387071
4.328,4528.563499228263
4.33,4528.548335821299
4.332,4528.533153695802
4.3340000000000005,4528.5179528977615
4.336,4528.50273347316
4.338,4528.487495467986
4.34,4528.472238928225
4.3420000000000005,4528.456963899862
4.344,4528.441670428883
4.346,4528.426358561275
4.348,4528.411028343024
4.3500000000000005,4528.395679820114
4.352,4528.380313038532
4.354,4528.364928044265
4.356,4528.349524883298
4.358,4528.334103601617
4.36,4528.318664245208
4.362,4528.303206860057
4.364,4528.28773149215
4.366,4528.272238187473
4.368,4528.256726992012
4.37,4528.241197951752
4.372,4528.22565111268
4.374,4528.210086520782
4.376,4528.194504222043
4.378,4528.1789042624505
4.38,4528.16328668799
4.382,4528.147651544646
4.384,4528.131998878405
4.386,4528.116328735255
4.388,4528.100641161179
4.39,4528.0849362021645
4.392,4528.069213904198
4.394,4528.053474313264
4.396,4528.037717475349
4.398,4528.02194343644
4.4,4528.006152242522
4.402,4527.99034393958
4.404,4527.974518573602
4.406,4527.958676190572
4.408,4527.942816836478
4.41,4527.926940557304
4.412,4527.911047399038
4.414,4527.895137407663
4.416,4527.879210629168
4.418,4527.8632671095365
4.42,4527.847306894757
4.422,4527.831330030813
4.424,4527.815336563692
4.426,4527.799326539379
4.428,4527.783300003861
4.43,4527.767257003123
4.432,4527.751197583151
4.434,4527.735121789932
4.436,4527.719029669451
4.438,4527.7029212676935
4.44,4527.686796630647
4.442,4527.670655804296
4.444,4527.654498834627
4.446,4527.638325767626
4.448,4527.622136649279
4.45,4527.6059315255725
4.452,4527.589710442491
4.454,4527.573473446022
4.456,4527.55722058215
4.458,4527.540951896863
4.46,4527.524667436144
4.462,4527.508367245981
4.464,4527.49205137236
4.466,4527.475719861266
4.468,4527.459372758686
4.47,4527.443010110605
4.472,4527.42663196301
4.474,4527.410238361886
4.476,4527.393829353219
4.478,4527.377404982995
4.48,4527.360965297201
4.482,4527.344510341821
4.484,4527.328040162843
4.486,4527.3115548062515
4.488,4527.295054318033
4.49,4527.278538744174
4.492,4527.2620081306595
4.494,4527.245462523475
4.496,4527.228901968609
4.498,4527.2123265120445
4.5,4527.195736199768
4.502,4527.179131077767
4.5040000000000004,4527.1625111920275
4.506,4527.145876588534
4.508,4527.129227313272
4.51,4527.112563412229
4.5120000000000005,4527.095884931391
4.514,4527.079191916742
4.516,4527.062484414271
4.518,4527.045762469961
4.5200000000000005,4527.0290261298
4.522,4527.012275439773
4.524,4526.995510445866
4.526,4526.9787311940645
4.5280000000000005,4526.961937730355
4.53,4526.945130100725
4.532,4526.928308351157
4.534,4526.91147252764
4.5360000000000005,4526.894622676159
4.538,4526.877758842699
4.54,4526.860881073248
4.542,4526.843989413789
4.5440000000000005,4526.827083910311
4.546,4526.810164608797
4.548,4526.793231555236
4.55,4526.776284795612
4.5520000000000005,4526.759324375911
4.554,4526.74235034212
4.556,4526.725362740224
4.558,4526.70836161621
4.5600000000000005,4526.6913470160625
4.562,4526.674318985768
4.564,4526.657277571313
4.566,4526.6402228186835
4.5680000000000005,4526.623154773864
4.57,4526.6060734828425
4.572,4526.588978991604
4.574,4526.571871346134
4.5760000000000005,4526.554750592419
4.578,4526.537616776444
4.58,4526.520469944197
4.582,4526.503310141663
4.5840000000000005,4526.486137414827
4.586,4526.468951809675
4.588,4526.451753372195
4.59,4526.4345421483695
4.5920000000000005,4526.417318184188
4.594,4526.400081525635
4.596,4526.3828322186955
4.598,4526.365570309357
4.6000000000000005,4526.348295843604
4.602,4526.331008867424
4.604,4526.313709426802
4.606,4526.296397567725
4.6080000000000005,4526.279073336177
4.61,4526.261736778145
4.612,4526.244387939615
4.614,4526.227026866573
4.616,4526.209653605006
4.618,4526.192268200898
4.62,4526.174870700236
4.622,4526.157461149006
4.624,4526.140039593193
4.626,4526.122606078784
4.628,4526.105160651765
4.63,4526.087703358121
4.632,4526.070234243839
4.634,4526.052753354904
4.636,4526.035260737302
4.638,4526.017756437021
4.64,4526.000240500043
4.642,4525.982712972358
4.644,4525.96517389995
4.646,4525.947623328805
4.648,4525.93006130491
4.65,4525.912487874249
4.652,4525.894903082809
4.654,4525.877306976577
4.656,4525.859699601537
4.658,4525.842081003676
4.66,4525.82445122898
4.662,4525.806810323435
4.664,4525.7891583330265
4.666,4525.771495303741
4.668,4525.753821281563
4.67,4525.736136312482
4.672,4525.71844044248
4.674,4525.700733717545
4.676,4525.6830161836615
4.678,4525.665287886817
4.68,4525.6475488729975
4.682,4525.6297991881875
4.684,4525.612038878374
4.686,4525.5942679895425
4.688,4525.57648656768
4.69,4525.558694658771
4.692,4525.540892308802
4.694,4525.523079563759
4.696,4525.505256469629
4.698,4525.487423072396
4.7,4525.469579418047
4.702,4525.451725552568
4.704,4525.433861521945
4.706,4525.415987372163
4.708,4525.398103149209
4.71,4525.380208899069
4.712,4525.3623046677285
4.714,4525.344390501174
4.716,4525.32646644539
4.718,4525.308532546364
4.72,4525.290588850082
4.722,4525.272635402529
4.724,4525.254672249691
4.726,4525.236699437554
4.728,4525.218717012105
4.73,4525.200725019328
4.732,4525.1827235052115
4.734,4525.16471251574
4.736,4525.146692096899
4.738,4525.1286622946745
4.74,4525.110623155054
4.742,4525.092574724022
4.744,4525.074517047564
4.746,4525.056450171668
4.748,4525.038374142318
4.75,4525.020289005501
4.752,4525.002194807203
4.7540000000000004,4524.984091593409
4.756,4524.965979410105
4.758,4524.947858303279
4.76,4524.929728318914
4.7620000000000005,4524.911589502999
4.764,4524.893441901518
4.766,4524.875285560456
4.768,4524.857120525801
4.7700000000000005,4524.838946843539
4.772,4524.820764559654
4.774,4524.802573720134
4.776,4524.784374370964
4.7780000000000005,4524.766166558129
4.78,4524.747950327617
4.782,4524.729725725413
4.784,4524.711492797503
4.7860000000000005,4524.693251589872
4.788,4524.675002148507
4.79,4524.656744519394
4.792,4524.6384787485185
4.7940000000000005,4524.620204881867
4.796,4524.601922965425
4.798,4524.583633045178
4.8,4524.5653351671135
4.8020000000000005,4524.547029377216
4.804,4524.528715721472
4.806,4524.510394245866
4.808,4524.492064996387
4.8100000000000005,4524.473728019018
4.812,4524.455383359747
4.814,4524.43703106456
4.816,4524.418671179441
4.8180000000000005,4524.400303750377
4.82,4524.381928823354
4.822,4524.363546444359
4.824,4524.345156659377
4.8260000000000005,4524.3267595143925
4.828,4524.308355055393
4.83,4524.289943328366
4.832,4524.271524379294
4.8340000000000005,4524.253098254165
4.836,4524.234664998965
4.838,4524.216224659679
4.84,4524.197777282294
4.8420000000000005,4524.179322912795
4.844,4524.160861597169
4.846,4524.142393381402
4.848,4524.1239183114785
4.8500000000000005,4524.105436433386
4.852,4524.086947793109
4.854,4524.068452436634
4.856,4524.049950409948
4.8580000000000005,4524.031441759035
4.86,4524.012926529884
4.862,4523.994404768478
4.864,4523.9758765208035
4.866,4523.957341832846
4.868,4523.938800750594
4.87,4523.920253320031
4.872,4523.901699587145
4.874,4523.88313959792
4.876,4523.864573398342
4.878,4523.846001034399
4.88,4523.8274225520745
4.882,4523.808837997356
4.884,4523.790247416229
4.886,4523.771650854679
4.888,4523.753048358693
4.89,4523.734439974256
4.892,4523.715825747355
4.894,4523.697205723975
4.896,4523.678579950101
4.898,4523.659948471721
4.9,4523.64131133482
4.902,4523.622668585384
4.904,4523.604020269399
4.906,4523.5853664328515
4.908,4523.566707121727
4.91,4523.548042382011
4.912,4523.52937225969
4.914,4523.510696800749
4.916,4523.492016051176
4.918,4523.473330056954
4.92,4523.454638864072
4.922,4523.435942518514
4.924,4523.417241066267
4.926,4523.3985345533165
4.928,4523.379823025648
4.93,4523.361106529248
4.932,4523.342385110102
4.934,4523.323658814197
4.936,4523.304927687518
4.938,4523.286191776051
4.94,4523.267451125783
4.942,4523.2487057826975
4.944,4523.229955792784
4.946,4523.211201202025
4.948,4523.192442056408
4.95,4523.1736784019195
4.952,4523.154910284545
4.954,4523.13613775027
4.956,4523.117360845081
4.958,4523.0985796149635
4.96,4523.079794105904
4.962,4523.061004363887
4.964,4523.042210434901
4.966,4523.02341236493
4.968,4523.00461019996
4.97,4522.985803985978
4.972,4522.966993768969
4.974,4522.94817959492
4.976,4522.929361509816
4.978,4522.9105395596425
4.98,4522.891713790387
4.982,4522.872884248034
4.984,4522.854050978571
4.986,4522.835214027983
4.988,4522.816373442255
4.99,4522.797529267375
4.992,4522.778681549327
4.994,4522.759830334099
4.996,4522.740975667675
4.998,4522.722117596042
5.0,4522.703256165186
5.002,4522.684391421092
5.0040000000000004,4522.665523409747
5.006,4522.646652177136
5.008,4522.627777769247
5.01,4522.608900232063
5.0120000000000005,4522.590019611572
5.014,4522.571135953759
5.016,4522.552249304611
5.018,4522.533359710113
5.0200000000000005,4522.514467216251
5.022,4522.495571869012
5.024,4522.47667371438
5.026,4522.457772798343
5.0280000000000005,4522.4388691668855
5.03,4522.419962865994
5.032,4522.401053941655
5.034,4522.382142439854
5.0360000000000005,4522.363228406576
5.038,4522.344311887808
5.04,4522.325392929536
5.042,4522.3064715777455
5.0440000000000005,4522.287547878423
5.046,4522.268621877554
5.048,4522.249693621125
5.05,4522.23076315512
5.0520000000000005,4522.211830525528
5.054,4522.192895778333
5.056,4522.173958959522
5.058,4522.155020115079
5.0600000000000005,4522.136079290992
5.062,4522.117136533247
5.064,4522.098191887828
5.066,4522.079245400722
5.0680000000000005,4522.060297117916
5.07,4522.041347085395
5.072,4522.022395349144
5.074,4522.00344195515
5.0760000000000005,4521.9844869494
5.078,4521.965530377878
5.08,4521.946572286572
5.082,4521.927612721465
5.0840000000000005,4521.908651728546
5.086,4521.889689353799
5.088,4521.870725643211
5.09,4521.851760642768
5.0920000000000005,4521.832794398454
5.094,4521.813826956258
5.096,4521.794858362164
5.098,4521.775888662158
5.1000000000000005,4521.756917902227
5.102,4521.737946128355
5.104,4521.718973386531
5.106,4521.699999722738
5.1080000000000005,4521.681025182963
5.11,4521.662049813192
5.112,4521.643073659412
5.114,4521.624096767608
5.1160000000000005,4521.605119183765
5.118,4521.58614095387
5.12,4521.567162123909
5.122,4521.548182739868
5.124,4521.529202847732
5.126,4521.510222493489
5.128,4521.4912417231235
5.13,4521.472260582621
5.132,4521.453279117968
5.134,4521.434297375151
5.136,4521.415315400155
5.138,4521.396333238967
5.14,4521.3773509375715
5.142,4521.358368541956
5.144,4521.339386098106
5.146,4521.3204036520065
5.148,4521.301421249645
5.15,4521.282438937005
5.152,4521.263456760076
5.154,4521.2444747648415
5.156,4521.225492997287
5.158,4521.2065115034
5.16,4521.187530329166
5.162,4521.168549520571
5.164,4521.149569123601
5.166,4521.130589184241
5.168,4521.111609748478
5.17,4521.092630862298
5.172,4521.073652571687
5.174,4521.05467492263
5.176,4521.035697961113
5.178,4521.016721733123
5.18,4520.9977462846455
5.182,4520.978771661666
5.184,4520.959797910171
5.186,4520.940825076146
5.188,4520.9218532055775
5.19,4520.902882344451
5.192,4520.883912538753
5.194,4520.864943834469
5.196,4520.845976277585
5.198,4520.827009914086
5.2,4520.80804478996
5.202,4520.789080951192
5.204,4520.770118443767
5.206,4520.751157313673
5.208,4520.732197606893
5.21,4520.713239369416
5.212,4520.694282647227
5.214,4520.67532748631
5.216,4520.656373932654
5.218,4520.637422032243
5.22,4520.618471831063
5.222,4520.599523375101
5.224,4520.580576710343
5.226,4520.561631882773
5.228,4520.542688938379
5.23,4520.5237479231455
5.232,4520.50480888306
5.234,4520.485871864107
5.236,4520.466936912274
5.238,4520.448004073545
5.24,4520.429073393908
5.242,4520.410144919347
5.244,4520.391218695849
5.246,4520.3722947694
5.248,4520.353373185985
5.25,4520.334453991592
5.252,4520.315537232205
5.2540000000000004,4520.2966229538115
5.256,4520.277711202396
5.258,4520.258802023945
5.26,4520.239895464444
5.2620000000000005,4520.2209915698795
5.264,4520.2020903862385
5.266,4520.183191959505
5.268,4520.164296335666
5.2700000000000005,4520.145403560708
5.272,4520.126513680614
5.274,4520.107626741374
5.276,4520.088742788972
5.2780000000000005,4520.069861869394
5.28,4520.050984028626
5.282,4520.032109312653
5.284,4520.013237767463
5.2860000000000005,4519.99436943904
5.288,4519.975504373372
5.29,4519.956642616443
5.292,4519.93778421424
5.2940000000000005,4519.9189292127485
5.296,4519.900077657954
5.298,4519.881229595844
5.3,4519.862385072403
5.3020000000000005,4519.843544133619
5.304,4519.824706825475
5.306,4519.805873193958
5.308,4519.787043285056
5.3100000000000005,4519.768217144752
5.312,4519.749394819033
5.314,4519.730576353886
5.316,4519.711761795296
5.3180000000000005,4519.6929511892495
5.32,4519.6741445817315
5.322,4519.655342018728
5.324,4519.636543546227
5.3260000000000005,4519.6177492102115
5.328,4519.59895905667
5.33,4519.580173131586
5.332,4519.561391480947
5.3340000000000005,4519.54261415074
5.336,4519.523841186949
5.338,4519.50507263556
5.34,4519.4863085425595
5.3420000000000005,4519.467548953935
5.344,4519.44879391567
5.346,4519.430043473751
5.348,4519.411297674165
5.3500000000000005,4519.392556562897
5.352,4519.373820185934
5.354,4519.355088589261
5.356,4519.336361818863
5.3580000000000005,4519.317639920729
5.36,4519.298922940842
5.362,4519.280210925189
5.364,4519.261503919756
5.3660000000000005,4519.242801970529
5.368,4519.224105123495
5.37,4519.205413424638
5.372,4519.186726919945
5.3740000000000006,4519.168045655401
5.376,4519.149369676994
5.378,4519.130699030708
5.38,4519.11203376253
5.382,4519.093373918445
5.384,4519.074719544439
5.386,4519.0560706865
5.388,4519.037427390611
5.39,4519.018789702761
5.392,4519.000157668933
5.394,4518.981531335115
5.396,4518.962910747291
5.398,4518.944295951449
5.4,4518.925686993574
5.402,4518.907083919653
5.404,4518.888486775671
5.406,4518.869895607613
5.408,4518.851310461466
5.41,4518.832731383216
5.412,4518.81415841885
5.414,4518.795591614351
5.416,4518.777031015708
5.418,4518.758476668906
5.42,4518.73992861993
5.422,4518.721386914766
5.424,4518.702851599402
5.426,4518.6843227198215
5.428,4518.665800322012
5.43,4518.6472844519585
5.432,4518.628775155647
5.434,4518.610272479065
5.436,4518.591776468196
5.438,4518.573287169029
5.44,4518.554804627546
5.442,4518.536328889737
5.444,4518.517860001585
5.446,4518.499398009078
5.448,4518.4809429582
5.45,4518.462494894939
5.452,4518.444053865279
5.454,4518.425619915207
5.456,4518.4071930907085
5.458,4518.38877343777
5.46,4518.370361002378
5.462,4518.351955830517
5.464,4518.333557968173
5.466,4518.315167461334
5.468,4518.296784355983
5.47,4518.278408698108
5.472,4518.260040533695
5.474,4518.241679908729
5.476,4518.223326869196
5.478,4518.204981461083
5.48,4518.186643730374
5.482,4518.1683137230575
5.484,4518.149991485117
5.486,4518.131677062541
5.488,4518.1133705013135
5.49,4518.0950718474205
5.492,4518.076781146849
5.494,4518.058498445584
5.496,4518.040223789611
5.498,4518.021957224919
5.5,4518.00369879749
5.502,4517.985448553312
5.5040000000000004,4517.967206538371
5.506,4517.948972798653
5.508,4517.930747380143
5.51,4517.912530328827
5.5120000000000005,4517.894321690693
5.514,4517.876121511724
5.516,4517.857929837907
5.518,4517.83974671523
5.5200000000000005,4517.821572189676
5.522,4517.803406307233
5.524,4517.785249113886
5.526,4517.76710065562
5.5280000000000005,4517.748960978423
5.53,4517.730830128281
5.532,4517.712708151177
5.534,4517.6945950931
5.5360000000000005,4517.676491000036
5.538,4517.658395917968
5.54,4517.640309892885
5.542,4517.622232970771
5.5440000000000005,4517.604165197613
5.546,4517.586106619397
5.548,4517.5680572821075
5.55,4517.550017231732
5.5520000000000005,4517.5319865142565
5.554,4517.513965175666
5.556,4517.495953261948
5.558,4517.477950819086
5.5600000000000005,4517.459957893068
5.562,4517.441974529879
5.564,4517.424000775505
5.566,4517.406036675933
5.5680000000000005,4517.388082277148
5.57,4517.370137625136
5.572,4517.352202765882
5.574,4517.334277745374
5.5760000000000005,4517.316362609597
5.578,4517.298457404536
5.58,4517.280562176178
5.582,4517.262676970509
5.5840000000000005,4517.244801833515
5.586,4517.226936811182
5.588,4517.209081949495
5.59,4517.191237294441
5.5920000000000005,4517.1734028920055
5.594,4517.155578788174
5.596,4517.137765028933
5.598,4517.119961660269
5.6000000000000005,4517.102168728167
5.602,4517.084386278614
5.604,4517.0666143575945
5.606,4517.048853011095
5.6080000000000005,4517.031102285103
5.61,4517.013362225602
5.612,4516.995632878579
5.614,4516.977914290021
5.6160000000000005,4516.960206505912
5.618,4516.942509572239
5.62,4516.924823534988
5.622,4516.907148440145
5.6240000000000006,4516.889484333696
5.626,4516.871831261626
5.628,4516.854189269922
5.63,4516.83655840457
5.632,4516.818938711555
5.634,4516.801330236864
5.636,4516.783733026482
5.638,4516.766147126396
5.64,4516.748572582592
5.642,4516.731009441054
5.644,4516.71345774777
5.646,4516.695917548725
5.648,4516.678388889905
5.65,4516.660871817297
5.652,4516.643366376886
5.654,4516.625872614657
5.656,4516.608390576598
5.658,4516.590920308694
5.66,4516.57346185693
5.662,4516.556015267294
5.664,4516.53858058577
5.666,4516.521157858346
5.668,4516.503747131005
5.67,4516.486348449736
5.672,4516.468961860523
5.674,4516.451587409353
5.676,4516.434225142211
5.678,4516.416875105084
5.68,4516.3995373439575
5.682,4516.382211904817
5.684,4516.364898833649
5.686,4516.3475981764395
5.688,4516.330309979174
5.69,4516.3130342878385
5.692,4516.29577114842
5.694,4516.278520606902
5.696,4516.2612827092735
5.698,4516.244057501519
5.7,4516.226845029623
5.702,4516.209645339574
5.704,4516.192458477358
5.706,4516.175284488958
5.708,4516.158123420362
5.71,4516.140975317557
5.712,4516.123840226527
5.714,4516.1067181932585
5.716,4516.089609263738
5.718,4516.0725134839495
5.72,4516.055430899882
5.722,4516.038361557519
5.724,4516.021305502849
5.726,4516.004262781855
5.728,4515.9872334405245
5.73,4515.970217524843
5.732,4515.953215080797
5.734,4515.936226154372
5.736,4515.919250791555
5.738,4515.902289038329
5.74,4515.885340940684
5.742,4515.868406544603
5.744,4515.851485896073
5.746,4515.834579041081
5.748,4515.817686025611
5.75,4515.80080689565
5.752,4515.783941697183
5.7540000000000004,4515.767090476197
5.756,4515.7502532786775
5.758,4515.733430150611
5.76,4515.716621137983
5.7620000000000005,4515.699826286779
5.764,4515.683045642985
5.766,4515.6662792525885
5.768,4515.649527161574
5.7700000000000005,4515.632789415928
5.772,4515.616066061636
5.774,4515.599357144684
5.776,4515.582662711058
5.7780000000000005,4515.565982806745
5.78,4515.549317477729
5.782,4515.532666769997
5.784,4515.516030729536
5.7860000000000005,4515.4994094023305
5.788,4515.482802834366
5.79,4515.466211071631
5.792,4515.449634160109
5.7940000000000005,4515.433072145786
5.796,4515.416525074649
5.798,4515.399992992684
5.8,4515.383475945876
5.8020000000000005,4515.366973980213
5.804,4515.350487141678
5.806,4515.334015476258
5.808,4515.317559029941
5.8100000000000005,4515.30111784871
5.812,4515.284691978553
5.814,4515.2682814654545
5.816,4515.251886355402
5.8180000000000005,4515.23550669438
5.82,4515.219142528376
5.822,4515.202793903374
5.824,4515.186460865362
5.8260000000000005,4515.170143460325
5.828,4515.153841734248
5.83,4515.137555733118
5.832,4515.121285502921
5.8340000000000005,4515.105031089643
5.836,4515.088792539269
5.838,4515.072569897787
5.84,4515.056363211181
5.8420000000000005,4515.040172525437
5.844,4515.023997886541
5.846,4515.007839340481
5.848,4514.991696933241
5.8500000000000005,4514.975570710807
5.852,4514.959460719165
5.854,4514.943367004302
5.856,4514.927289612203
5.8580000000000005,4514.911228588854
5.86,4514.895183980241
5.862,4514.879155832351
5.864,4514.863144191168
5.8660000000000005,4514.847149102679
5.868,4514.831170612871
5.87,4514.815208767728
5.872,4514.799263613238
5.8740000000000006,4514.783335195384
5.876,4514.767423560155
5.878,4514.751528753535
5.88,4514.735650821512
5.882000000000001,4514.719789810069
5.884,4514.7039457651945
5.886,4514.688118732873
5.888,4514.672308759091
5.89,4514.656515889835
5.892,4514.640740171089
5.894,4514.624981648843
5.896,4514.609240369077
5.898,4514.593516377782
5.9,4514.577809720942
5.902,4514.562120444543
5.904,4514.546448594572
5.906,4514.530794217013
5.908,4514.515157357853
5.91,4514.499538063079
5.912,4514.483936378675
5.914,4514.468352350627
5.916,4514.452786024924
5.918,4514.437237447548
5.92,4514.421706664487
5.922,4514.406193721727
5.924,4514.390698665253
5.926,4514.375221541052
5.928,4514.35976239511
5.93,4514.344321273412
5.932,4514.328898221944
5.934,4514.313493286692
5.936,4514.298106513644
5.938,4514.2827379487835
5.94,4514.267387638097
5.942,4514.25205562757
5.944,4514.23674196319
5.946,4514.221446690943
5.948,4514.206169856812
5.95,4514.1909115067865
5.952,4514.17567168685
5.954,4514.16045044299
5.956,4514.145247821191
5.958,4514.130063867441
5.96,4514.114898627724
5.962,4514.099752148027
5.964,4514.084624474335
5.966,4514.069515652635
5.968,4514.054425728913
5.97,4514.039354749154
5.972,4514.024302759345
5.974,4514.0092698054705
5.976,4513.994255933519
5.978,4513.979261189473
5.98,4513.96428561932
5.982,4513.949329269048
5.984,4513.93439218464
5.986,4513.919474412084
5.988,4513.904575997364
5.99,4513.889696986468
5.992,4513.874837425381
5.994,4513.8599973600885
5.996,4513.845176836577
5.998,4513.830375900831
6.0,4513.815594598839
6.002,4513.800832976586
6.0040000000000004,4513.786091080057
6.006,4513.77136895524
6.008,4513.756666648119
6.01,4513.741984204679
6.0120000000000005,4513.727321670909
6.014,4513.712679092793
6.016,4513.698056516318
6.018,4513.683453987469
6.0200000000000005,4513.668871552232
6.022,4513.6543092565935
6.024,4513.639767146539
6.026,4513.625245268056
6.0280000000000005,4513.610743667127
6.03,4513.596262389741
6.032,4513.581801481883
6.034,4513.567360989539
6.0360000000000005,4513.552940958695
6.038,4513.538541435337
6.04,4513.524162465451
6.042,4513.509804095022
6.0440000000000005,4513.495466370037
6.046,4513.481149336482
6.048,4513.466853040343
6.05,4513.452577527605
6.0520000000000005,4513.438322844255
6.054,4513.424089036278
6.056,4513.409876149661
6.058,4513.395684230389
6.0600000000000005,4513.381513324448
6.062,4513.367363477824
6.064,4513.353234736504
6.066,4513.339127146473
6.0680000000000005,4513.325040753718
6.07,4513.310975604223
6.072,4513.296931743976
6.074,4513.282909218961
6.0760000000000005,4513.268908075165
6.078,4513.254928358575
6.08,4513.2409701151755
6.082,4513.227033390952
6.0840000000000005,4513.213118231892
6.086,4513.19922468398
6.088,4513.1853527932035
6.09,4513.171502605548
6.0920000000000005,4513.157674166998
6.094,4513.143867523541
6.096,4513.130082721163
6.098,4513.116319805848
6.1000000000000005,4513.102578823585
6.102,4513.088859820357
6.104,4513.075162842152
6.106,4513.061487934956
6.1080000000000005,4513.047835144753
6.11,4513.03420451753
6.112,4513.020596099274
6.114,4513.00700993597
6.1160000000000005,4512.993446073604
6.118,4512.979904558161
6.12,4512.9663854356295
6.122,4512.952888751993
6.1240000000000006,4512.939414553238
6.126,4512.925962885351
6.128,4512.912533794318
6.13,4512.8991273261245
6.132000000000001,4512.885743526756
6.134,4512.8723824422
6.136,4512.8590441184415
6.138,4512.845728601466
6.140000000000001,4512.83243593726
6.142,4512.81916617181
6.144,4512.805919351101
6.146,4512.792695521119
6.148,4512.77949472785
6.15,4512.766317017281
6.152,4512.753162435396
6.154,4512.740031028184
6.156,4512.726922841627
6.158,4512.713837921714
6.16,4512.70077631443
6.162,4512.687738065761
6.164,4512.674723221692
6.166,4512.6617318282115
6.168,4512.648763931302
6.17,4512.635819576953
6.172,4512.622898811147
6.174,4512.610001679872
6.176,4512.597128229114
6.178,4512.584278504858
6.18,4512.571452553091
6.182,4512.558650419798
6.184,4512.545872150966
6.186,4512.53311779258
6.188,4512.520387390627
6.19,4512.507680991091
6.192,4512.49499863996
6.194,4512.482340383218
6.196,4512.469706266853
6.198,4512.457096336851
6.2,4512.444510639195
6.202,4512.431949219874
6.204,4512.419412124873
6.206,4512.406899400178
6.208,4512.394411091775
6.21,4512.381947245649
6.212,4512.369507907786
6.214,4512.357093124174
6.216,4512.344702940797
6.218,4512.332337403643
6.22,4512.319996558695
6.222,4512.3076804519405
6.224,4512.2953891293655
6.226,4512.283122636956
6.228,4512.270881020699
6.23,4512.258664326578
6.232,4512.24647260058
6.234,4512.234305888692
6.236,4512.222164236899
6.238,4512.210047691186
6.24,4512.197956297541
6.242,4512.18589010195
6.244,4512.173849150397
6.246,4512.161833488868
6.248,4512.149843163351
6.25,4512.137878219831
6.252,4512.125938704293
6.2540000000000004,4512.114024662724
6.256,4512.102136141109
6.258,4512.090273185435
6.26,4512.078435841688
6.2620000000000005,4512.066624155854
6.264,4512.054838173917
6.266,4512.043077941866
6.268,4512.031343505684
6.2700000000000005,4512.0196349113585
6.272,4512.007952204875
6.274,4511.996295432222
6.276,4511.984664639381
6.2780000000000005,4511.973059872341
6.28,4511.961481177086
6.282,4511.949928599604
6.284,4511.93840218588
6.2860000000000005,4511.926901981899
6.288,4511.91542803365
6.29,4511.903980387115
6.292,4511.892559088282
6.2940000000000005,4511.881164183137
6.296,4511.8697957176655
6.298,4511.858453737855
6.3,4511.847138289689
6.3020000000000005,4511.835849419154
6.304,4511.824587172237
6.306,4511.813351594924
6.308,4511.8021427332
6.3100000000000005,4511.790960633051
6.312,4511.779805340463
6.314,4511.7686769014235
6.316,4511.757575361917
6.3180000000000005,4511.746500767929
6.32,4511.735453165446
6.322,4511.724432600455
6.324,4511.71343911894
6.3260000000000005,4511.7024727668895
6.328,4511.691533590287
6.33,4511.680621635119
6.332,4511.669736947372
6.3340000000000005,4511.658879573032
6.336,4511.648049558085
6.338,4511.637246948517
6.34,4511.626471790312
6.3420000000000005,4511.6157241294595
6.344,4511.605004011943
6.346,4511.594311483748
6.348,4511.583646590862
6.3500000000000005,4511.573009379272
6.352,4511.56239989496
6.354,4511.551818183916
6.356,4511.541264292124
6.3580000000000005,4511.530738265569
6.36,4511.520240150239
6.362,4511.509769992119
6.364,4511.499327837196
6.3660000000000005,4511.488913731454
6.368,4511.47852772088
6.37,4511.46816985146
6.372,4511.45784016918
6.3740000000000006,4511.4475387200255
6.376,4511.437265549984
6.378,4511.427020705039
6.38,4511.416804231178
6.382000000000001,4511.406616174387
6.384,4511.396456580651
6.386,4511.386325495957
6.388,4511.376222966291
6.390000000000001,4511.366149037637
6.392,4511.356103755983
6.394,4511.346087167315
6.396,4511.3360993176175
6.398000000000001,4511.326140252878
6.4,4511.316210019081
6.402,4511.306308662214
6.404,4511.296436228262
6.406,4511.28659276321
6.408,4511.276778313046
6.41,4511.2669929237545
6.412,4511.257236641322
6.414,4511.247509511735
6.416,4511.237811580979
6.418,4511.228142895038
6.42,4511.218503499902
6.422,4511.208893441553
6.424,4511.19931276598
6.426,4511.1897615191665
6.428,4511.180239747099
6.43,4511.170747495766
6.432,4511.16128481115
6.434,4511.151851739239
6.436,4511.142448326017
6.438,4511.133074617473
6.44,4511.12373065959
6.442,4511.114416498356
6.444,4511.105132179756
6.446,4511.095877749776
6.448,4511.086653254402
6.45,4511.077458739621
6.452,4511.068294251417
6.454,4511.059159835777
6.456,4511.050055538687
6.458,4511.040981406133
6.46,4511.0319374841
6.462,4511.022923818576
6.464,4511.013940455545
6.466,4511.004987440993
6.468,4510.996064820907
6.47,4510.987172641273
6.472,4510.978310948077
6.474,4510.9694797873035
6.476,4510.960679204939
6.478,4510.951909246971
6.48,4510.943169959383
6.482,4510.934461388163
6.484,4510.925783579297
6.486,4510.917136578769
6.488,4510.908520432567
6.49,4510.899935186675
6.492,4510.89138088708
6.494,4510.882857579769
6.496,4510.874365310727
6.498,4510.865904125939
6.5,4510.857474071391
6.502,4510.849075193071
6.5040000000000004,4510.840707536964
6.506,4510.832371149056
6.508,4510.824066075331
6.51,4510.815792361777
6.5120000000000005,4510.807550054381
6.514,4510.799339199126
6.516,4510.7911598420005
6.518,4510.783012028988
6.5200000000000005,4510.774895806077
6.522,4510.766811219252
6.524,4510.7587583145
6.526,4510.750737137805
6.5280000000000005,4510.742747735154
6.53,4510.7347901525345
6.532,4510.72686443593
6.534,4510.7189706313275
6.5360000000000005,4510.711108784713
6.538,4510.703278942073
6.54,4510.695481149392
6.542,4510.687715452657
6.5440000000000005,4510.679981897854
6.546,4510.672280530969
6.548,4510.664611397988
6.55,4510.656974544896
6.5520000000000005,4510.64937001768
6.554,4510.641797862325
6.556,4510.634258124817
6.558,4510.626750851144
6.5600000000000005,4510.619276087289
6.562,4510.61183387924
6.564,4510.604424272982
6.566,4510.597047314502
6.5680000000000005,4510.589703049784
6.57,4510.582391524816
6.572,4510.575112785582
6.574,4510.56786687807
6.5760000000000005,4510.560653848265
6.578,4510.553473742153
6.58,4510.5463266057195
6.582,4510.539212484951
6.5840000000000005,4510.5321314258335
6.586,4510.525083474353
6.588,4510.518068676494
6.59,4510.511087078245
6.5920000000000005,4510.504138725591
6.594,4510.497223664516
6.596,4510.490341941008
6.598,4510.483493601053
6.6000000000000005,4510.476678690636
6.602,4510.4698972557435
6.604,4510.463149342361
6.606,4510.456434996476
6.6080000000000005,4510.449754264072
6.61,4510.443107191137
6.612,4510.436493823655
6.614,4510.429914207614
6.6160000000000005,4510.423368388999
6.618,4510.416856413796
6.62,4510.410378327991
6.622,4510.40393417757
6.6240000000000006,4510.397524008518
6.626,4510.391147866822
6.628,4510.384805798469
6.63,4510.378497849442
6.632000000000001,4510.37222406573
6.634,4510.365984493317
6.636,4510.3597791781895
6.638,4510.353608166334
6.640000000000001,4510.3474715037355
6.642,4510.34136923638
6.644,4510.335301410255
6.646,4510.329268071345
6.648000000000001,4510.323269265636
6.65,4510.317305039114
6.652,4510.3113754377655
6.654,4510.305480507576
6.656000000000001,4510.299620294532
6.658,4510.293794844619
6.66,4510.288004203822
6.662,4510.282248418129
6.664,4510.276527533525
6.666,4510.270841595995
6.668,4510.265190651527
6.67,4510.259574746105
6.672,4510.253993925715
6.674,4510.248448236344
6.676,4510.242937723979
6.678,4510.237462434603
6.68,4510.232022414204
6.682,4510.226617708768
6.684,4510.22124836428
6.686,4510.215914426726
6.688,4510.210615942093
6.69,4510.2053529563655
6.692,4510.20012551553
6.694,4510.194933665574
6.696,4510.189777452481
6.698,4510.184656922239
6.7,4510.179572120833
6.702,4510.174523094248
6.704,4510.169509888471
6.706,4510.164532549488
6.708,4510.159591123286
6.71,4510.154685655849
6.712,4510.149816193164
6.714,4510.144982781217
6.716,4510.1401854659925
6.718,4510.135424293478
6.72,4510.13069930966
6.722,4510.126010560522
6.724,4510.121358092052
6.726,4510.116741950236
6.728,4510.112162181059
6.73,4510.107618830508
6.732,4510.103111944567
6.734,4510.098641569224
6.736,4510.094207750464
6.738,4510.089810534273
6.74,4510.0854499666375
6.742,4510.0811260935425
6.744,4510.076838960975
6.746,4510.072588614919
6.748,4510.068375101364
6.75,4510.0641984662925
6.752,4510.060058755693
6.7540000000000004,4510.055956015549
6.756,4510.051890291848
6.758,4510.047861630575
6.76,4510.043870077718
6.7620000000000005,4510.039915679261
6.764,4510.03599848119
6.766,4510.032118529492
6.768,4510.028275870152
6.7700000000000005,4510.024470549157
6.772,4510.020702612492
6.774,4510.016972106144
6.776,4510.013279076097
6.7780000000000005,4510.009623568339
6.78,4510.006005628854
6.782,4510.00242530363
6.784,4509.998882638652
6.7860000000000005,4509.995377679906
6.788,4509.991910473377
6.79,4509.988481065053
6.792,4509.985089500919
6.7940000000000005,4509.981735826959
6.796,4509.978420089163
6.798,4509.975142333513
6.8,4509.9719026059975
6.8020000000000005,4509.9687009526015
6.804,4509.965537419311
6.806,4509.962412052112
6.808,4509.95932489699
6.8100000000000005,4509.956275999932
6.812,4509.9532654069235
6.814,4509.95029316395
6.816,4509.947359316997
6.8180000000000005,4509.944463912052
6.82,4509.9416069951
6.822,4509.938788612128
6.824,4509.93600880912
6.8260000000000005,4509.933267632063
6.828,4509.930565126943
6.83,4509.927901339746
6.832,4509.925276316459
6.8340000000000005,4509.922690103065
6.836,4509.920142745554
6.838,4509.917634289907
6.84,4509.9151647821145
6.8420000000000005,4509.91273426816
6.844,4509.910342794031
6.846,4509.907990405712
6.848,4509.905677149189
6.8500000000000005,4509.903403070449
6.852,4509.901168215477
6.854,4509.89897263026
6.856,4509.896816360782
6.8580000000000005,4509.8946994530315
6.86,4509.892621952993
6.862,4509.890583906652
6.864,4509.888585359996
6.8660000000000005,4509.88662635901
6.868,4509.88470694968
6.87,4509.882827177991
6.872,4509.88098708993
6.8740000000000006,4509.879186731484
6.876,4509.877426148637
6.878,4509.875705387376
6.88,4509.874024493687
6.882000000000001,4509.872383513555
6.884,4509.870782492967
6.886,4509.869221477909
6.888,4509.867700514366
6.890000000000001,4509.866219648325
6.892,4509.864778925771
6.894,4509.863378392691
6.896,4509.862018095069
6.898000000000001,4509.860698078894
6.9,4509.859418390149
6.902,4509.858179074821
6.904,4509.856980178897
6.906000000000001,4509.855821748362
6.908,4509.854703829202
6.91,4509.853626467403
6.912,4509.852589708951
6.914,4509.851593599831
6.916,4509.850638186032
6.918,4509.8497235135355
6.92,4509.848849628331
6.922,4509.848016576403
6.924,4509.8472244037375
6.926,4509.846473156321
6.928,4509.845762880139
6.93,4509.8450936211775
6.932,4509.844465425422
6.934,4509.843878338859
6.936,4509.843332407475
6.938,4509.842827677255
6.94,4509.842364194185
6.942,4509.841942004252
6.944,4509.841561153441
6.946,4509.841221687738
6.948,4509.840923653129
6.95,4509.8406670956
6.952,4509.840452061137
6.954,4509.840278595726
6.956,4509.840146745353
6.958,4509.840056556004
6.96,4509.840008073665
6.962,4509.840001344321
6.964,4509.840036413959
6.966,4509.840113328564
6.968,4509.840232134124
6.97,4509.840392876623
6.972,4509.840595602047
6.974,4509.8408403563835
6.976,4509.841127185617
6.978,4509.841456135733
6.98,4509.84182725272
6.982,4509.842240582561
6.984,4509.842696171244
6.986,4509.843194064753
6.988,4509.843734309076
6.99,4509.844316950199
6.992,4509.844942034106
6.994,4509.845609606784
6.996,4509.846319714219
6.998,4509.847072402396
7.0,4509.847867717303
7.002,4509.848705704925
7.0040000000000004,4509.849586411247
7.006,4509.850509882257
7.008,4509.851476163939
7.01,4509.852485302279
7.0120000000000005,4509.853537343264
7.014,4509.854632332879
7.016,4509.855770317112
7.018,4509.856951341946
7.0200000000000005,4509.858175453369
7.022,4509.859442697366
7.024,4509.860753119923
7.026,4509.8621067670265
7.0280000000000005,4509.863503684663
7.03,4509.864943918817
7.032,4509.866427515474
7.034,4509.867954520622
7.0360000000000005,4509.869524980247
7.038,4509.8711389403325
7.04,4509.872796446866
7.042,4509.874497545834
7.0440000000000005,4509.8762422832215
7.046,4509.878030705015
7.048,4509.8798628572
7.05,4509.8817387857625
7.0520000000000005,4509.883658536689
7.054,4509.8856221559645
7.056,4509.887629689576
7.058,4509.889681183509
7.0600000000000005,4509.891776683749
7.062,4509.893916236283
7.064,4509.896099887096
7.066,4509.898327682175
7.0680000000000005,4509.900599667504
7.07,4509.902915889071
7.072,4509.90527639286
7.074,4509.907681224859
7.0760000000000005,4509.9101304310525
7.078,4509.912624057428
7.08,4509.91516214997
7.082,4509.917744754664
7.0840000000000005,4509.9203719174975
7.086,4509.923043684456
7.088,4509.925760101525
7.09,4509.9285212146915
7.0920000000000005,4509.9313270699395
7.094,4509.934177713257
7.096,4509.937073190628
7.098,4509.940013548041
7.1000000000000005,4509.942998831479
7.102,4509.94602908693
7.104,4509.949104360379
7.106,4509.952224697813
7.1080000000000005,4509.955390145217
7.11,4509.958600748578
7.112,4509.96185655388
7.114,4509.96515760711
7.1160000000000005,4509.968503954255
7.118,4509.9718956413
7.12,4509.97533271423
7.122,4509.978815219033
7.1240000000000006,4509.982343201693
7.126,4509.985916708198
7.128,4509.989535784532
7.13,4509.9932004766815
7.132000000000001,4509.996910830633
7.134,4510.0006668923725
7.136,4510.004468707884
7.138,4510.0083163231575
7.140000000000001,4510.012209784175
7.142,4510.0161491369245
7.144,4510.020134427391
7.146,4510.024165701561
7.148000000000001,4510.02824300542
7.15,4510.032366384955
7.152,4510.036535886151
7.154,4510.040751554994
7.156000000000001,4510.0450134374705
7.158,4510.049321579565
7.16,4510.053676027266
7.162,4510.058076826557
7.164000000000001,4510.062524023425
7.166,4510.067017663856
7.168,4510.071557793836
7.17,4510.076144459351
7.172,4510.080777706386
7.174,4510.085457580928
7.176,4510.090184128963
7.178,4510.094957396476
7.18,4510.099777429454
7.182,4510.1046442738825
7.184,4510.1095579757475
7.186,4510.114518581035
7.188,4510.11952613573
7.19,4510.124580685821
7.192,4510.12968227729
7.194,4510.134830956126
7.196,4510.140026768315
7.198,4510.1452697598415
7.2,4510.150559976692
7.202,4510.155897464853
7.204,4510.16128227031
7.206,4510.1667144390485
7.208,4510.1721940170555
7.21,4510.177721050316
7.212,4510.183295584816
7.214,4510.188917666542
7.216,4510.19458734148
7.218,4510.200304655615
7.22,4510.206069654933
7.222,4510.211882385422
7.224,4510.217742893065
7.226,4510.2236512238505
7.228,4510.229607423764
7.23,4510.235611538789
7.232,4510.241663614915
7.234,4510.247763698126
7.236,4510.2539118344075
7.238,4510.260108069747
7.24,4510.266352450129
7.242,4510.27264502154
7.244,4510.278985829966
7.246,4510.285374921393
7.248,4510.291812341807
7.25,4510.298298137194
7.252,4510.3048323535395
7.2540000000000004,4510.31141503683
7.256,4510.318046233051
7.258,4510.324725988189
7.26,4510.33145434823
7.2620000000000005,4510.338231359159
7.264,4510.345057066963
7.266,4510.351931517627
7.268,4510.358854757138
7.2700000000000005,4510.365826831481
7.272,4510.3728477866425
7.274,4510.379917668608
7.276,4510.387036523364
7.2780000000000005,4510.394204396896
7.28,4510.40142133519
7.282,4510.4086873842325
7.284,4510.416002590009
7.2860000000000005,4510.423366998506
7.288,4510.430780655708
7.29,4510.438243607603
7.292,4510.445755900175
7.2940000000000005,4510.45331757941
7.296,4510.460928691296
7.298,4510.468589281818
7.3,4510.476299396962
7.3020000000000005,4510.4840590827125
7.304,4510.4918683850565
7.306,4510.49972734998
7.308,4510.50763602347
7.3100000000000005,4510.515594451511
7.312,4510.523602680089
7.314,4510.53166075519
7.316,4510.539768722801
7.3180000000000005,4510.547926628908
7.32,4510.556134519496
7.322,4510.564392440549
7.324,4510.572700438057
7.3260000000000005,4510.581058558004
7.328,4510.589466846375
7.33,4510.597925349159
7.332,4510.606434112338
7.3340000000000005,4510.6149931819
7.336,4510.623602603831
7.338,4510.6322624241175
7.34,4510.640972688744
7.3420000000000005,4510.649733443697
7.344,4510.6585447349635
7.346,4510.667406608528
7.348,4510.676319110377
7.3500000000000005,4510.685282286497
7.352,4510.694296182873
7.354,4510.703360845491
7.356,4510.712476320338
7.3580000000000005,4510.721642653399
7.36,4510.73085989066
7.362,4510.740128078108
7.364,4510.749447261727
7.3660000000000005,4510.758817487505
7.368,4510.768238801426
7.37,4510.777711249479
7.372,4510.787234877646
7.3740000000000006,4510.796809731915
7.376,4510.806435858273
7.378,4510.816113302704
7.38,4510.825842111196
7.382000000000001,4510.835622329732
7.384,4510.845454004301
7.386,4510.855337180887
7.388,4510.865271905476
7.390000000000001,4510.875258224056
7.392,4510.885296182611
7.394,4510.895385827126
7.396,4510.905527203589
7.398000000000001,4510.915720357986
7.4,4510.925965336302
7.402,4510.936262184524
7.404,4510.946610948637
7.406000000000001,4510.957011674626
7.408,4510.967464408479
7.41,4510.97796919618
7.412,4510.988526083717
7.414000000000001,4510.999135117075
7.416,4511.0097963422395
7.418,4511.0205098051965
7.42,4511.031275551933
7.422000000000001,4511.042093628434
7.424,4511.052964080685
7.426,4511.063886954674
7.428,4511.074862296385
7.43,4511.085890151805
7.432,4511.096970566919
7.434,4511.108103587713
7.436,4511.119289260174
7.438,4511.130527630287
7.44,4511.1418187440395
7.442,4511.153162647415
7.444,4511.164559386401
7.446,4511.176009006984
7.448,4511.187511555148
7.45,4511.199067076881
7.452,4511.210675618167
7.454,4511.222337224994
7.456,4511.2340519433465
7.458,4511.245819819211
7.46,4511.257640898573
7.462,4511.269515227419
7.464,4511.281442851735
7.466,4511.293423817507
7.468,4511.30545817072
7.47,4511.31754595736
7.472,4511.329687223415
7.474,4511.341882014869
7.476,4511.354130377708
7.478,4511.36643235792
7.48,4511.378788001487
7.482,4511.391197354399
7.484,4511.40366046264
7.486,4511.416177372195
7.488,4511.428748129053
7.49,4511.441372779197
7.492,4511.454051368614
7.494,4511.4667839432905
7.496,4511.479570549212
7.498,4511.492411232364
7.5,4511.505306038734
7.502,4511.518255014305
7.5040000000000004,4511.5312582050665
7.506,4511.544315657002
7.508,4511.557427416098
7.51,4511.570593528341
7.5120000000000005,4511.583814039716
7.514,4511.597088996211
7.516,4511.610418443809
7.518,4511.6238024284985
7.5200000000000005,4511.637240996264
7.522,4511.650734193092
7.524,4511.664282064968
7.526,4511.677884657878
7.5280000000000005,4511.691542017809
7.53,4511.705254190746
7.532,4511.719021222675
7.534,4511.7328431595815
7.5360000000000005,4511.746720047453
7.538,4511.7606519322735
7.54,4511.774638860031
7.542,4511.78868087671
7.5440000000000005,4511.802778028296
7.546,4511.8169303607765
7.548,4511.831137920137
7.55,4511.845400752363
7.5520000000000005,4511.859718903441
7.554,4511.874092419355
7.556,4511.888521346094
7.558,4511.903005729642
7.5600000000000005,4511.9175456159865
7.562,4511.932141051111
7.564,4511.946792081004
7.566,4511.96149875165
7.5680000000000005,4511.976261109035
7.57,4511.991079199145
7.572,4512.005953067966
7.574,4512.020882761484
7.5760000000000005,4512.035868325686
7.578,4512.050909806557
7.58,4512.066007250082
7.582,4512.081160702249
7.5840000000000005,4512.096370209042
7.586,4512.111635816449
7.588,4512.126957570454
7.59,4512.142335517044
7.5920000000000005,4512.157769702204
7.594,4512.173260171921
7.596,4512.188806972181
7.598,4512.204410148969
7.6000000000000005,4512.220069748271
7.602,4512.235785816075
7.604,4512.251558398364
7.606,4512.267387541126
7.6080000000000005,4512.283273290346
7.61,4512.299215692011
7.612,4512.3152147921055
7.614,4512.331270636616
7.6160000000000005,4512.347383271529
7.618,4512.3635527428305
7.62,4512.379779096505
7.622,4512.396062378541
7.6240000000000006,4512.412402634921
7.626,4512.428799911634
7.628,4512.445254254665
7.63,4512.461765709999
7.632000000000001,4512.478334323623
7.634,4512.494960141524
7.636,4512.511643209685
7.638,4512.528383574094
7.640000000000001,4512.545181280737
7.642,4512.562036375599
7.644,4512.5789489046665
7.646,4512.595918913925
7.648000000000001,4512.6129464493615
7.65,4512.630031556961
7.652,4512.64717428271
7.654,4512.664374672594
7.656000000000001,4512.681632772599
7.658,4512.698948628711
7.66,4512.716322286917
7.662,4512.733753793201
7.664000000000001,4512.75124319355
7.666,4512.768790533951
7.668,4512.7863958603875
7.67,4512.804059218848
7.672000000000001,4512.821780655317
7.674,4512.83956021578
7.676,4512.857397946224
7.678,4512.875293892635
7.68,4512.893248100999
7.682,4512.9112606173
7.684,4512.929331487527
7.686,4512.947460757664
7.688,4512.965648473697
7.69,4512.983894681613
7.692,4513.002199427397
7.694,4513.020562757034
7.696,4513.0389847165125
7.698,4513.057465351817
7.7,4513.076004708933
7.702,4513.0946028338485
7.704,4513.113259772547
7.706,4513.131975571016
7.708,4513.15075027524
7.71,4513.169583931206
7.712,4513.188476584901
7.714,4513.207428282309
7.716,4513.226439069416
7.718,4513.24550899221
7.72,4513.264638096674
7.722,4513.2838264287975
7.724,4513.303074034563
7.726,4513.3223809599585
7.728,4513.34174725097
7.73,4513.361172953582
7.732,4513.3806581137815
7.734,4513.400202777555
7.736,4513.419806990887
7.738,4513.439470799764
7.74,4513.459194250173
7.742,4513.478977388099
7.744,4513.498820259528
7.746,4513.518722910446
7.748,4513.538685386839
7.75,4513.558707734692
7.752,4513.578789999992
7.7540000000000004,4513.598932228726
7.756,4513.619134466878
7.758,4513.6393967604345
7.76,4513.659719155382
7.7620000000000005,4513.680101697706
7.764,4513.700544433393
7.766,4513.721047408428
7.768,4513.741610668797
7.7700000000000005,4513.762234260487
7.772,4513.782918229484
7.774,4513.803662621773
7.776,4513.8244674833395
7.7780000000000005,4513.845332860171
7.78,4513.866258798253
7.782,4513.887245343571
7.784,4513.90829254211
7.7860000000000005,4513.929400439858
7.788,4513.950569082799
7.79,4513.971798516921
7.792,4513.993088788209
7.7940000000000005,4514.014439942648
7.796,4514.035852026225
7.798,4514.057325084927
7.8,4514.078859164738
7.8020000000000005,4514.100454311644
7.804,4514.122110571632
7.806,4514.143827990688
7.808,4514.165606614797
7.8100000000000005,4514.187446489946
7.812,4514.209347662119
7.814,4514.231310177304
7.816,4514.253334081487
7.8180000000000005,4514.275419420654
7.82,4514.297566240789
7.822,4514.319774587879
7.824,4514.342044507911
7.8260000000000005,4514.364376046869
7.828,4514.386769250741
7.83,4514.409224165512
7.832,4514.431740837167
7.8340000000000005,4514.454319311694
7.836,4514.476959635077
7.838,4514.499661853303
7.84,4514.522426012359
7.8420000000000005,4514.545252158228
7.844,4514.568140336898
7.846,4514.591090594356
7.848,4514.614102976585
7.8500000000000005,4514.637177529573
7.852,4514.660314299305
7.854,4514.683513331768
7.856,4514.706774672947
7.8580000000000005,4514.730098368829
7.86,4514.753484465399
7.862,4514.776933008643
7.864,4514.8004440445475
7.8660000000000005,4514.8240176190975
7.868,4514.84765377828
7.87,4514.8713525680805
7.872,4514.895114034485
7.8740000000000006,4514.91893822348
7.876,4514.94282518105
7.878,4514.966774953182
7.88,4514.990787585862
7.882000000000001,4515.014863125076
7.884,4515.039001616809
7.886,4515.063203107048
7.888,4515.087467641779
7.890000000000001,4515.111795266987
7.892,4515.136186028659
7.894,4515.16063997278
7.896,4515.185157145337
7.898000000000001,4515.209737592315
7.9,4515.2343813597
7.902,4515.259088493479
7.904,4515.283859039637
7.906000000000001,4515.30869304416
7.908,4515.333590553033
7.91,4515.358551612245
7.912,4515.383576267779
7.914000000000001,4515.408664565622
7.916,4515.43381655176
7.918,4515.45903227218
7.92,4515.484311772865
7.922000000000001,4515.509655099804
7.924,4515.535062298981
7.926,4515.560533416383
7.928,4515.586068497996
7.930000000000001,4515.611667589806
7.932,4515.637330737797
7.934,4515.6630579879575
7.936,4515.6888493862725
7.938,4515.714704978727
7.94,4515.740624811309
7.942,4515.766608930004
7.944,4515.792657380795
7.946,4515.818770209672
7.948,4515.844947462619
7.95,4515.871189185621
7.952,4515.897495424666
7.954,4515.9238662257385
7.956,4515.950301634825
7.958,4515.976801697912
7.96,4516.003366460985
7.962,4516.02999597003
7.964,4516.056690271032
7.966,4516.083449409977
7.968,4516.110273432853
7.97,4516.137162385645
7.972,4516.164116314338
7.974,4516.191135264918
7.976,4516.218219283372
7.978,4516.245368415685
7.98,4516.272582707844
7.982,4516.299862205834
7.984,4516.3272069556415
7.986,4516.354617003252
7.988,4516.382092394652
7.99,4516.409633175827
7.992,4516.437239392763
7.994,4516.464911091447
7.996,4516.492648317863
7.998,4516.520451117998
8.0,4516.548319537838
8.002,4516.57625362337
8.004,4516.604253420577
8.006,4516.6323189754485
8.008000000000001,4516.660450333968
8.01,4516.6886475421215
8.012,4516.716910645897
8.014,4516.745239691278
8.016,4516.773634724252
8.018,4516.802095790804
8.02,4516.830622936921
8.022,4516.859216208588
8.024000000000001,4516.887875651792
8.026,4516.916601312518
8.028,4516.945393236752
8.03,4516.97425147048
8.032,4517.0031760596885
8.034,4517.032167050364
8.036,4517.06122448849
8.038,4517.090348420054
8.040000000000001,4517.119538891044
8.042,4517.148795947442
8.044,4517.178119635237
8.046,4517.207510000412
8.048,4517.236967088957
8.05,4517.266490946854
8.052,4517.296081620092
8.054,4517.325739154655
8.056000000000001,4517.355463596529
8.058,4517.385254991702
8.06,4517.415113386158
8.062,4517.445038825883
8.064,4517.475031356863
8.066,4517.505091025085
8.068,4517.535217876534
8.07,4517.565411957196
8.072000000000001,4517.595673313058
8.074,4517.626001990105
8.076,4517.656398034323
8.078,4517.6868614916975
8.08,4517.717392408216
8.082,4517.747990829863
8.084,4517.778656802624
8.086,4517.8093903724875
8.088000000000001,4517.8401915854365
8.09,4517.8710604874595
8.092,4517.90199712454
8.094,4517.933001542666
8.096,4517.964073787823
8.098,4517.995213905995
8.1,4518.02642194317
8.102,4518.057697945334
8.104000000000001,4518.089041958473
8.106,4518.120454028572
8.108,4518.151934201616
8.11,4518.183482523594
8.112,4518.21509904049
8.114,4518.2467837982895
8.116,4518.2785368429795
8.118,4518.310358220546
8.120000000000001,4518.342247976974
8.122,4518.37420615825
8.124,4518.40623281036
8.126,4518.43832797929
8.128,4518.470491711026
8.13,4518.502724051553
8.132,4518.535025046859
8.134,4518.567394742928
8.136000000000001,4518.599833185747
8.138,4518.632340421302
8.14,4518.664916495578
8.142,4518.697561454561
8.144,4518.730275344238
8.146,4518.763058210594
8.148,4518.795910099616
8.15,4518.82883105729
8.152000000000001,4518.8618211296
8.154,4518.8948803625335
8.156,4518.928008802077
8.158,4518.961206494215
8.16,4518.994473484934
8.162,4519.02780982022
8.164,4519.061215546059
8.166,4519.094690708437
8.168000000000001,4519.128235353341
8.17,4519.161849526754
8.172,4519.195533274665
8.174,4519.229286643058
8.176,4519.2631096779205
8.178,4519.297002425237
8.18,4519.330964930995
8.182,4519.364997241179
8.184000000000001,4519.399099401776
8.186,4519.433271458771
8.188,4519.46751345815
8.19,4519.501825445899
8.192,4519.536207468006
8.194,4519.570659570454
8.196,4519.605181799231
8.198,4519.639774200322
8.2,4519.674436819713
8.202,4519.70916970339
8.204,4519.7439728973395
8.206,4519.778846447546
8.208,4519.813790399998
8.21,4519.848804800678
8.212,4519.883889695575
8.214,4519.919045130674
8.216,4519.954271151961
8.218,4519.989567805421
8.22,4520.02493513704
8.222,4520.060373192806
8.224,4520.0958820187025
8.226,4520.131461660717
8.228,4520.167112164835
8.23,4520.202833577043
8.232,4520.238625943325
8.234,4520.27448930967
8.236,4520.3104237220605
8.238,4520.346429226485
8.24,4520.382505868929
8.242,4520.4186536953775
8.244,4520.454872751818
8.246,4520.491163084234
8.248,4520.527524738614
8.25,4520.563957760944
8.252,4520.600462197208
8.254,4520.637038093392
8.256,4520.673685495483
8.258000000000001,4520.710404449468
8.26,4520.7471950013305
8.262,4520.784057197058
8.264,4520.820991082636
8.266,4520.857996704051
8.268,4520.895074107289
8.27,4520.932223338335
8.272,4520.969444443174
8.274000000000001,4521.006737467795
8.276,4521.044102458181
8.278,4521.0815394603205
8.28,4521.119048520199
8.282,4521.1566296838
8.284,4521.194282997111
8.286,4521.232008506119
8.288,4521.269806256809
8.290000000000001,4521.307676295166
8.292,4521.345618667178
8.294,4521.38363341883
8.296,4521.421720596108
8.298,4521.459880244996
8.3,4521.498112411484
8.302,4521.536417141554
8.304,4521.574794481195
8.306000000000001,4521.61324447639
8.308,4521.651767173127
8.31,4521.690362617393
8.312,4521.729030855171
8.314,4521.767771932449
8.316,4521.806585895212
8.318,4521.845472789447
8.32,4521.884432661138
8.322000000000001,4521.923465556273
8.324,4521.962571520838
8.326,4522.001750600817
8.328,4522.041002842197
8.33,4522.080328290965
8.332,4522.119726993105
8.334,4522.159198994605
8.336,4522.198744341448
8.338000000000001,4522.238363079623
8.34,4522.278055255116
8.342,4522.31782091391
8.344,4522.357660101993
8.346,4522.397572865351
8.348,4522.437559249969
8.35,4522.477619301834
8.352,4522.517753066932
8.354000000000001,4522.557960591248
8.356,4522.5982419207685
8.358,4522.638597101479
8.36,4522.679026179367
8.362,4522.719529200415
8.364,4522.760106210613
8.366,4522.8007572559445
8.368,4522.841482382397
8.370000000000001,4522.882281635954
8.372,4522.923155062605
8.374,4522.964102708333
8.376,4523.005124619124
8.378,4523.046220840966
8.38,4523.087391419844
8.382,4523.128636401742
8.384,4523.169955832649
8.386000000000001,4523.211349758551
8.388,4523.252818225431
8.39,4523.294361279277
8.392,4523.335978966074
8.394,4523.377671331809
8.396,4523.4194384224675
8.398,4523.461280284036
8.4,4523.503196962499
8.402000000000001,4523.545188503844
8.404,4523.587254954055
8.406,4523.62939635912
8.408,4523.671612765024
8.41,4523.713904217753
8.412,4523.756270763294
8.414,4523.798712447631
8.416,4523.841229316751
8.418000000000001,4523.883821416641
8.42,4523.926488793285
8.422,4523.96923149267
8.424,4524.012049560782
8.426,4524.054943043606
8.428,4524.097911987129
8.43,4524.140956437337
8.432,4524.184076440215
8.434000000000001,4524.22727204175
8.436,4524.2705432879275
8.438,4524.313890224734
8.44,4524.357312898153
8.442,4524.400811354174
8.444,4524.444385638781
8.446,4524.48803579796
8.448,4524.531761877697
8.45,4524.575563923979
8.452,4524.619441982791
8.454,4524.663396100118
8.456,4524.707426321947
8.458,4524.751532694265
8.46,4524.795715263057
8.462,4524.839974074309
8.464,4524.8843091740055
8.466,4524.928720608134
8.468,4524.973208422682
8.47,4525.017772663632
8.472,4525.062413376972
8.474,4525.107130608687
8.476,4525.151924404765
8.478,4525.196794811189
8.48,4525.241741873947
8.482,4525.286765639024
8.484,4525.331866152408
8.486,4525.377043460081
8.488,4525.422297608033
8.49,4525.467628642247
8.492,4525.513036608711
8.494,4525.55852155341
8.496,4525.60408352233
8.498,4525.649722561457
8.5,4525.695438716777
8.502,4525.7412320342755
8.504,4525.787102559939
8.506,4525.833050339754
8.508000000000001,4525.879075419704
8.51,4525.925177845778
8.512,4525.9713576639615
8.514,4526.017614920238
8.516,4526.063949660596
8.518,4526.110361931021
8.52,4526.156851777498
8.522,4526.203419246012
8.524000000000001,4526.250064382552
8.526,4526.296787233102
8.528,4526.3435878436485
8.53,4526.390466260177
8.532,4526.437422528674
8.534,4526.484456695124
8.536,4526.531568805515
8.538,4526.578758905832
8.540000000000001,4526.626027042061
8.542,4526.673373260188
8.544,4526.720797606199
8.546,4526.768300126079
8.548,4526.815880865816
8.55,4526.863539871394
8.552,4526.9112771888
8.554,4526.95909286402
8.556000000000001,4527.006986943039
8.558,4527.054959471844
8.56,4527.10301049642
8.562,4527.151140062754
8.564,4527.199348216832
8.566,4527.247635004638
8.568,4527.29600047216
8.57,4527.344444665383
8.572000000000001,4527.392967630294
8.574,4527.4415694128775
8.576,4527.490250059121
8.578,4527.539009615009
8.58,4527.587848126527
8.582,4527.636765639663
8.584,4527.685762200403
8.586,4527.73483785473
8.588000000000001,4527.783992648633
8.59,4527.833226628096
8.592,4527.882539839106
8.594,4527.9319323276495
8.596,4527.981404139711
8.598,4528.030955321277
8.6,4528.080585918334
8.602,4528.130295976867
8.604000000000001,4528.180085542863
8.606,4528.229954662307
8.608,4528.279903381186
8.61,4528.329931745485
8.612,4528.38003980119
8.614,4528.430227594287
8.616,4528.480495170763
8.618,4528.530842576603
8.620000000000001,4528.581269857793
8.622,4528.631777060318
8.624,4528.682364230166
8.626,4528.733031413322
8.628,4528.783778655772
8.63,4528.834606003502
8.632,4528.885513502497
8.634,4528.936501198744
8.636000000000001,4528.9875691382285
8.638,4529.038717366937
8.64,4529.089945930855
8.642,4529.141254875969
8.644,4529.192644248264
8.646,4529.244114093726
8.648,4529.295664458343
8.65,4529.347295388098
8.652000000000001,4529.399006928978
8.654,4529.450799126971
8.656,4529.50267202806
8.658,4529.554625678233
8.66,4529.606660123474
8.662,4529.658775409771
8.664,4529.710971583108
8.666,4529.763248689473
8.668000000000001,4529.8156067748505
8.67,4529.868045885227
8.672,4529.920566066588
8.674,4529.97316736492
8.676,4530.025849826209
8.678,4530.078613496441
8.68,4530.131458421601
8.682,4530.184384647676
8.684000000000001,4530.237392220652
8.686,4530.290481186513
8.688,4530.343651591247
8.69,4530.39690348084
8.692,4530.450236901277
8.694,4530.503651898544
8.696,4530.557148518628
8.698,4530.610726807514
8.700000000000001,4530.664386811189
8.702,4530.718128575637
8.704,4530.771952146845
8.706,4530.8258575708
8.708,4530.879844893485
8.71,4530.93391416089
8.712,4530.988065418997
8.714,4531.042298713796
8.716,4531.09661409127
8.718,4531.151011597405
8.72,4531.205491278189
8.722,4531.260053179605
8.724,4531.314697347641
8.726,4531.369423828283
8.728,4531.424232667518
8.73,4531.479123911328
8.732,4531.534097605702
8.734,4531.589153796626
8.736,4531.644292530085
8.738,4531.699513852065
8.74,4531.7548178085535
8.742,4531.810204445534
8.744,4531.865673808994
8.746,4531.921225944919
8.748,4531.9768608992945
8.75,4532.032578718107
8.752,4532.088379447343
8.754,4532.144263132987
8.756,4532.200229821027
8.758000000000001,4532.256279557448
8.76,4532.312412388234
8.762,4532.368628359374
8.764,4532.424927516853
8.766,4532.481309906656
8.768,4532.5377755747695
8.77,4532.594324567179
8.772,4532.650956929871
8.774000000000001,4532.707672708832
8.776,4532.764471950048
8.778,4532.821354699503
8.78,4532.878321003185
8.782,4532.935370907079
8.784,4532.992504457172
8.786,4533.049721699447
8.788,4533.107022679894
8.790000000000001,4533.164407444497
8.792,4533.221876039241
8.794,4533.279428510113
8.796,4533.337064903099
8.798,4533.394785264185
8.8,4533.452589639357
8.802,4533.5104780746005
8.804,4533.568450615901
8.806000000000001,4533.626507309246
8.808,4533.68464820062
8.81,4533.74287333601
8.812,4533.801182761402
8.814,4533.859576522781
8.816,4533.918054666134
8.818,4533.976617237445
8.82,4534.035264282702
8.822000000000001,4534.09399584789
8.824,4534.152811978995
8.826,4534.2117127220035
8.828,4534.270698122901
8.83,4534.329768227674
8.832,4534.388923082308
8.834,4534.448162732789
8.836,4534.5074872251025
8.838000000000001,4534.566896605234
8.84,4534.626390919172
8.842,4534.6859702129
8.844,4534.745634532404
8.846,4534.805383923673
8.848,4534.865218432688
8.85,4534.925138105439
8.852,4534.985142987911
8.854000000000001,4535.045233126088
8.856,4535.105408565958
8.858,4535.165669353507
8.86,4535.226015534719
8.862,4535.286447155583
8.864,4535.346964262082
8.866,4535.407566900204
8.868,4535.468255115934
8.870000000000001,4535.529028955258
8.872,4535.589888464162
8.874,4535.650833688632
8.876,4535.711864674654
8.878,4535.772981468213
8.88,4535.834184115298
8.882,4535.895472661891
8.884,4535.956847153981
8.886000000000001,4536.018307637551
8.888,4536.07985415859
8.89,4536.141486763082
8.892,4536.203205497014
8.894,4536.265010406372
8.896,4536.326901537141
8.898,4536.388878935307
8.9,4536.450942646857
8.902000000000001,4536.513092717776
8.904,4536.57532919405
8.906,4536.637652121666
8.908,4536.700061546609
8.91,4536.762557514865
8.912,4536.825140072419
8.914,4536.887809265259
8.916,4536.950565139371
8.918000000000001,4537.013407740739
8.92,4537.07633711535
8.922,4537.13935330919
8.924,4537.202456368244
8.926,4537.2656463385
8.928,4537.328923265942
8.93,4537.392287196557
8.932,4537.45573817633
8.934000000000001,4537.519276251249
8.936,4537.582901467296
8.938,4537.646613870462
8.94,4537.710413506729
8.942,4537.774300422085
8.944,4537.838274662516
8.946,4537.902336274005
8.948,4537.966485302542
8.950000000000001,4538.030721794112
8.952,4538.095045794698
8.954,4538.15945735029
8.956,4538.22395650687
8.958,4538.2885433104275
8.96,4538.353217806947
8.962,4538.417980042414
8.964,4538.482830062814
8.966,4538.547767914135
8.968,4538.612793642362
8.97,4538.67790729348
8.972,4538.743108913476
8.974,4538.808398548335
8.976,4538.873776244044
8.978,4538.939242046588
8.98,4539.004796001955
8.982,4539.070438156128
8.984,4539.1361685550955
8.986,4539.201987244841
8.988,4539.267894271352
8.99,4539.333889680615
8.992,4539.399973518615
8.994,4539.4661458313385
8.996,4539.53240666477
8.998,4539.598756064897
9.0,4539.665194077705
9.002,4539.731720749181
9.004,4539.798336125308
9.006,4539.865040252075
9.008000000000001,4539.931833175467
9.01,4539.998714941469
9.012,4540.065685596068
9.014,4540.132745185249
9.016,4540.199893755
9.018,4540.267131351305
9.02,4540.33445802015
9.022,4540.401873807522
9.024000000000001,4540.469378759406
9.026,4540.536972921789
9.028,4540.604656340656
9.03,4540.672429061993
9.032,4540.740291131787
9.034,4540.808242596022
9.036,4540.876283500686
9.038,4540.944413891764
9.040000000000001,4541.012633815242
9.042,4541.080943317106
9.044,4541.149342443342
9.046,4541.217831239936
9.048,4541.286409752874
9.05,4541.35507802814
9.052,4541.423836111724
9.054,4541.492684049608
9.056000000000001,4541.561621887781
9.058,4541.630649672227
9.06,4541.699767448933
9.062,4541.768975263884
9.064,4541.838273163066
9.066,4541.907661192467
9.068,4541.97713939807
9.07,4542.0467078258625
9.072000000000001,4542.116366521831
9.074,4542.18611553196
9.076,4542.255954902236
9.078,4542.325884678646
9.08,4542.395904907175
9.082,4542.466015633809
9.084,4542.536216904533
9.086,4542.606508765335
9.088000000000001,4542.676891262199
9.09,4542.747364441112
9.092,4542.81792834806
9.094,4542.888583029029
9.096,4542.959328530005
9.098,4543.030164896973
9.1,4543.10109217592
9.102,4543.172110412831
9.104000000000001,4543.243219653693
9.106,4543.314419944491
9.108,4543.3857113312115
9.11,4543.457093859841
9.112,4543.528567576364
9.114,4543.600132526768
9.116,4543.671788757038
9.118,4543.74353631316
9.120000000000001,4543.81537524112
9.122,4543.887305586904
9.124,4543.959327396498
9.126,4544.0314407158885
9.128,4544.103645591061
9.13,4544.175942068001
9.132,4544.248330192695
9.134,4544.320810011129
9.136000000000001,4544.393381569288
9.138,4544.466044913159
9.14,4544.538800088728
9.142,4544.61164714198
9.144,4544.684586118902
9.146,4544.757617065479
9.148,4544.830740027698
9.15,4544.9039550515445
9.152000000000001,4544.977262183004
9.154,4545.050661468063
9.156,4545.124152952707
9.158,4545.197736682922
9.16,4545.271412704695
9.162,4545.345181064011
9.164,4545.419041806856
9.166,4545.492994979215
9.168000000000001,4545.5670406270765
9.17,4545.641178796423
9.172,4545.715409533244
9.174,4545.789732883523
9.176,4545.864148893248
9.178,4545.9386576084025
9.18,4546.0132590749745
9.182,4546.087953338949
9.184000000000001,4546.162740446311
9.186,4546.237620443049
9.188,4546.312593375146
9.19,4546.387659288591
9.192,4546.462818229367
9.194,4546.538070243462
9.196,4546.613415376862
9.198,4546.688853675551
9.200000000000001,4546.764385185517
9.202,4546.840009952745
9.204,4546.915728023221
9.206,4546.991539442932
9.208,4547.067444257862
9.21,4547.143442513998
9.212,4547.219534257326
9.214,4547.295719533831
9.216000000000001,4547.371998389502
9.218,4547.448370870321
9.22,4547.524837022276
9.222,4547.601396891353
9.224,4547.678050523538
9.226,4547.754797964816
9.228,4547.831639261174
9.23,4547.908574458596
9.232,4547.9856036030715
9.234,4548.0627267405835
9.236,4548.139943917119
9.238,4548.217255178663
9.24,4548.294660571203
9.242,4548.372160140725
9.244,4548.449753933213
9.246,4548.5274419946545
9.248,4548.605224371035
9.25,4548.68310110834
9.252,4548.761072252557
9.254,4548.83913784967
9.256,4548.917297945666
9.258000000000001,4548.995552586531
9.26,4549.073901818251
9.262,4549.152345686812
9.264,4549.230884238199
9.266,4549.309517518399
9.268,4549.3882455733965
9.27,4549.46706844918
9.272,4549.545986191733
9.274000000000001,4549.624998847044
9.276,4549.704106461095
9.278,4549.783309079876
9.28,4549.862606749371
9.282,4549.941999515566
9.284,4550.0214874244475
9.286,4550.101070522001
9.288,4550.180748854213
9.290000000000001,4550.260522467068
9.292,4550.340391406554
9.294,4550.420355718656
9.296,4550.500415449359
9.298,4550.58057064465
9.3,4550.660821350515
9.302,4550.74116761294
9.304,4550.821609477911
9.306000000000001,4550.902146991413
9.308,4550.982780199433
9.31,4551.063509147957
9.312,4551.14433388297
9.314,4551.225254450458
9.316,4551.306270896408
9.318,4551.387383266806
9.32,4551.468591607636
9.322000000000001,4551.549895964887
9.324,4551.631296384541
9.326,4551.712792912588
9.328,4551.794385595012
9.33,4551.876074477798
9.332,4551.957859606934
9.334,4552.039741028405
9.336,4552.121718788197
9.338000000000001,4552.203792932295
9.34,4552.285963506687
9.342,4552.368230557357
9.344,4552.450594130291
9.346,4552.533054271477
9.348,4552.6156110269
9.35,4552.698264442545
9.352,4552.781014564399
9.354000000000001,4552.863861438447
9.356,4552.946805110675
9.358,4553.02984562707
9.36,4553.112983033618
9.362,4553.196217376303
9.364,4553.2795487011135
9.366,4553.362977054034
9.368,4553.44650248105
9.370000000000001,4553.530125028148
9.372,4553.613844741315
9.374,4553.697661666536
9.376,4553.781575849796
9.378,4553.8655873370835
9.38,4553.949696174382
9.382,4554.033902407678
9.384,4554.118206082958
9.386000000000001,4554.202607246209
9.388,4554.287105943414
9.39,4554.371702220561
9.392,4554.456396123636
9.394,4554.5411876986245
9.396,4554.6260769915125
9.398,4554.711064048286
9.4,4554.796148914931
9.402000000000001,4554.8813316374335
9.404,4554.966612261779
9.406,4555.051990833954
9.408,4555.137467399944
9.41,4555.223042005735
9.412,4555.308714697314
9.414,4555.394485520665
9.416,4555.4803545217765
9.418000000000001,4555.566321746632
9.42,4555.652387241218
9.422,4555.738551051521
9.424,4555.824813223528
9.426,4555.9111738032225
9.428,4555.997632836592
9.43,4556.084190369623
9.432,4556.1708464483
9.434000000000001,4556.25760111861
9.436,4556.3444544265385
9.438,4556.431406418071
9.44,4556.518457139195
9.442,4556.605606635894
9.444,4556.692854954156
9.446,4556.780202139967
9.448,4556.867648239311
9.450000000000001,4556.955193298176
9.452,4557.042837362547
9.454,4557.130580478411
9.456,4557.218422691752
9.458,4557.306364048557
9.46,4557.394404594812
9.462,4557.482544376503
9.464,4557.570783439616
9.466000000000001,4557.659121830137
9.468,4557.747559594052
9.47,4557.836096777347
9.472,4557.924733426007
9.474,4558.013469586019
9.476,4558.102305303369
9.478,4558.191240624042
9.48,4558.280275594025
9.482,4558.369410259302
9.484,4558.458644665861
9.486,4558.547978859689
9.488,4558.637412886768
9.49,4558.726946793088
9.492,4558.8165806246325
9.494,4558.906314427388
9.496,4558.996148247341
9.498,4559.086082130477
9.5,4559.176116122781
9.502,4559.2662502702415
9.504,4559.356484618843
9.506,4559.4468192145705
9.508000000000001,4559.537254103411
9.51,4559.62778933135
9.512,4559.718424944374
9.514,4559.80916098847
9.516,4559.899997509621
9.518,4559.990934553815
9.52,4560.081972167038
9.522,4560.173110395274
9.524000000000001,4560.264349284513
9.526,4560.355688880736
9.528,4560.447129229933
9.53,4560.538670378088
9.532,4560.630312371186
9.534,4560.722055255215
9.536,4560.813899076161
9.538,4560.905843880008
9.540000000000001,4560.997889712744
9.542,4561.090036620353
9.544,4561.182284648823
9.546,4561.274633844138
9.548,4561.367084252286
9.55,4561.459635919251
9.552,4561.55228889102
9.554,4561.645043213578
9.556000000000001,4561.737898932913
9.558,4561.830856095008
9.56,4561.923914745852
9.562,4562.017074931429
9.564,4562.110336697726
9.566,4562.203700090728
9.568,4562.297165156421
9.57,4562.390731940793
9.572000000000001,4562.484400489827
9.574,4562.57817084951
9.576,4562.672043065829
9.578,4562.766017184768
9.58,4562.860093252315
9.582,4562.954271314455
9.584,4563.048551417174
9.586,4563.142933606458
9.588000000000001,4563.237417928293
9.59,4563.332004428665
9.592,4563.426693153559
9.594,4563.521484148962
9.596,4563.61637746086
9.598,4563.711373135239
9.6,4563.806471218085
9.602,4563.901671755382
9.604000000000001,4563.996974793119
9.606,4564.09238037728
9.608,4564.187888553852
9.61,4564.283499368819
9.612,4564.37921286817
9.614,4564.475029097888
9.616,4564.570948103961
9.618,4564.666969932374
9.620000000000001,4564.763094629113
9.622,4564.859322240164
9.624,4564.955652811514
9.626,4565.052086389147
9.628,4565.14862301905
9.63,4565.245262747209
9.632,4565.342005619611
9.634,4565.438851682239
9.636000000000001,4565.5358009810825
9.638,4565.632853562124
9.64,4565.730009471353
9.642,4565.827268754752
9.644,4565.92463145831
9.646,4566.022097628011
9.648,4566.11966730984
9.65,4566.217340549786
9.652000000000001,4566.315117393833
9.654,4566.412997887968
9.656,4566.510982078175
9.658,4566.609070010442
9.66,4566.707261730755
9.662,4566.805557285098
9.664,4566.903956719459
9.666,4567.002460079822
9.668000000000001,4567.101067412174
9.67,4567.199778762502
9.672,4567.29859417679
9.674,4567.397513701026
9.676,4567.496537381194
9.678,4567.595665263281
9.68,4567.694897393272
9.682,4567.794233817154
9.684000000000001,4567.893674580913
9.686,4567.993219730535
9.688,4568.092869312005
9.69,4568.192623371309
9.692,4568.292481954434
9.694,4568.392445107365
9.696,4568.492512876089
9.698,4568.592685306591
9.700000000000001,4568.692962444858
9.702,4568.793344336874
9.704,4568.893831028627
9.706,4568.9944225661
9.708,4569.095118995283
9.71,4569.19592036216
9.712,4569.296826712716
9.714,4569.397838092939
9.716000000000001,4569.498954548813
9.718,4569.600176126325
9.72,4569.701502871461
9.722,4569.802934830207
9.724,4569.904472048549
9.726,4570.006114572471
9.728,4570.107862447962
9.73,4570.209715721006
9.732,4570.311674437589
9.734,4570.413738643699
9.736,4570.51590838532
9.738,4570.618183708437
9.74,4570.720564659037
9.742,4570.823051283108
9.744,4570.925643626633
9.746,4571.0283417355995
9.748,4571.131145655993
9.75,4571.2340554338
9.752,4571.3370711150055
9.754,4571.4401927455965
9.756,4571.543420371558
9.758000000000001,4571.646754038877
9.76,4571.750193793538
9.762,4571.853739681527
9.764,4571.9573917488315
9.766,4572.061150041437
9.768,4572.165014605329
9.77,4572.268985486494
9.772,4572.373062730917
9.774000000000001,4572.477246384584
9.776,4572.581536493482
9.778,4572.685933103597
9.78,4572.790436260913
9.782,4572.895046011417
9.784,4572.999762401097
9.786,4573.104585475936
9.788,4573.209515281922
9.790000000000001,4573.314551865039
9.792,4573.419695271275
9.794,4573.524945546615
9.796,4573.630302737043
9.798,4573.735766888549
9.8,4573.841338047117
9.802,4573.947016258731
9.804,4574.05280156938
9.806000000000001,4574.158694025049
9.808,4574.264693671723
9.81,4574.370800555389
9.812,4574.477014722032
9.814,4574.583336217639
9.816,4574.689765088196
9.818,4574.796301379687
9.82,4574.9029451381
9.822000000000001,4575.009696409421
9.824,4575.116555239634
9.826,4575.223521674728
9.828,4575.330595760685
9.83,4575.437777543495
9.832,4575.545067069142
9.834,4575.65246438361
9.836,4575.759969532889
9.838000000000001,4575.867582562962
9.84,4575.975303519816
9.842,4576.0831324494375
9.844,4576.191069397812
9.846,4576.299114410924
9.848,4576.407267534762
9.85,4576.515528815309
9.852,4576.623898298553
9.854000000000001,4576.732376030481
9.856,4576.8409620570765
9.858,4576.949656424326
9.86,4577.058459178217
9.862,4577.167370364734
9.864,4577.276390029863
9.866,4577.38551821959
9.868,4577.494754979902
9.870000000000001,4577.604100356783
9.872,4577.713554396221
9.874,4577.823117144202
9.876,4577.93278864671
9.878,4578.0425689497315
9.88,4578.152458099254
9.882,4578.262456141261
9.884,4578.372563121741
9.886000000000001,4578.482779086679
9.888,4578.593104082061
9.89,4578.703538153871
9.892,4578.814081348098
9.894,4578.924733710726
9.896,4579.0354952877415
9.898,4579.146366125131
9.9,4579.25734626888
9.902000000000001,4579.368435764974
9.904,4579.479634659399
9.906,4579.590942998142
9.908,4579.702360827188
9.91,4579.813888192523
9.912,4579.925525140134
9.914,4580.037271716005
9.916,4580.149127966124
9.918000000000001,4580.261093936476
9.92,4580.3731696730465
9.922,4580.485355221822
9.924,4580.597650628788
9.926,4580.710055939931
9.928,4580.822571201238
9.93,4580.935196458692
9.932,4581.047931758282
9.934000000000001,4581.160777145992
9.936,4581.273732667809
9.938,4581.386798369718
9.94,4581.499974297706
9.942,4581.613260497758
9.944,4581.726657015861
9.946,4581.840163897999
9.948,4581.953781190161
9.950000000000001,4582.067508938331
9.952,4582.181347188494
9.954,4582.295295986639
9.956,4582.409355378748
9.958,4582.52352541081
9.96,4582.637806128811
9.962,4582.752197578735
9.964,4582.866699806569
9.966000000000001,4582.981312858299
9.968,4583.096036779911
9.97,4583.21087161739
9.972,4583.325817416723
9.974,4583.440874223897
9.976,4583.556042084895
9.978,4583.671321045706
9.98,4583.786711152313
9.982000000000001,4583.902212450704
9.984,4584.017824986864
9.986,4584.133548806781
9.988,4584.249383956438
9.99,4584.365330481823
9.992,4584.481388428921
9.994,4584.597557843718
9.996,4584.713838772201
9.998,4584.830231260354
10.0,4584.946735354164
10.002,4585.063351099618
10.004,4585.1800785427
10.006,4585.296917729398
10.008000000000001,4585.413868705696
10.01,4585.530931517581
10.012,4585.648106211039
10.014,4585.765392832055
10.016,4585.882791426617
10.018,4586.000302040708
10.02,4586.117924720317
10.022,4586.235659511428
10.024000000000001,4586.353506460028
10.026,4586.471465612101
10.028,4586.589537013636
10.03,4586.707720710617
10.032,4586.82601674903
10.034,4586.944425174861
10.036,4587.062946034096
10.038,4587.181579372722
10.040000000000001,4587.300325236723
10.042,4587.4191836720875
10.044,4587.538154724799
10.046,4587.6572384408455
10.048,4587.77643486621
10.05,4587.895744046882
10.052,4588.015166028846
10.054,4588.134700858087
10.056000000000001,4588.254348580592
10.058,4588.374109242346
10.06,4588.493982889337
10.062,4588.613969567548
10.064,4588.734069322967
10.066,4588.854282201581
10.068,4588.974608249372
10.07,4589.09504751233
10.072000000000001,4589.215600036438
10.074,4589.336265867685
10.076,4589.457045052054
10.078,4589.577937635533
10.08,4589.698943664107
10.082,4589.820063183762
10.084,4589.941296240483
10.086,4590.062642880259
10.088000000000001,4590.184103149072
10.09,4590.3056770929115
10.092,4590.427364757761
10.094,4590.549166189608
10.096,4590.671081434437
10.098,4590.793110538234
10.1,4590.9152535469875
10.102,4591.0375105066805
10.104000000000001,4591.159881463301
10.106,4591.282366462832
10.108,4591.404965551264
10.11,4591.527678774579
10.112,4591.650506178765
10.114,4591.773447809806
10.116,4591.89650371369
10.118,4592.019673936404
10.120000000000001,4592.14295852393
10.122,4592.266357522257
10.124,4592.389870977369
10.126,4592.513498935255
10.128,4592.6372414418975
10.13,4592.761098543285
10.132,4592.8850702854015
10.134,4593.009156714234
10.136000000000001,4593.1333578757685
10.138,4593.257673815991
10.14,4593.382104580887
10.142,4593.506650216443
10.144,4593.631310768644
10.146,4593.756086283477
10.148,4593.880976806927
10.15,4594.0059823849815
10.152000000000001,4594.131103063624
10.154,4594.256338888843
10.156,4594.381689906623
10.158,4594.50715616295
10.16,4594.632737703811
10.162,4594.75843457519
10.164,4594.884246823075
10.166,4595.010174493451
10.168000000000001,4595.136217632304
10.17,4595.26237628562
10.172,4595.388650499385
10.174,4595.515040319585
10.176,4595.641545792205
10.178,4595.768166963233
10.18,4595.894903878653
10.182,4596.021756584452
10.184000000000001,4596.148725126615
10.186,4596.27580955113
10.188,4596.40300990398
10.19,4596.530326231154
10.192,4596.657758578635
10.194,4596.785306992411
10.196,4596.912971518468
10.198,4597.040752202791
10.200000000000001,4597.168649091366
10.202,4597.296662230179
10.204,4597.424791665217
10.206,4597.553037442464
10.208,4597.681399607908
10.21,4597.809878207534
10.212,4597.938473287328
10.214,4598.067184893276
10.216000000000001,4598.196013071363
10.218,4598.324957867577
10.22,4598.454019327902
10.222,4598.583197498325
10.224,4598.712492424832
10.226,4598.841904153408
10.228,4598.97143273004
10.23,4599.101078200714
10.232000000000001,4599.230840611415
10.234,4599.360720008129
10.236,4599.490716436843
10.238,4599.620829943542
10.24,4599.751060574214
10.242,4599.881408374841
10.244,4600.011873391412
10.246,4600.142455669912
10.248,4600.273155256327
10.25,4600.403972196644
10.252,4600.534906536848
10.254,4600.665958322924
10.256,4600.79712760086
10.258000000000001,4600.92841441664
10.26,4601.059818816251
10.262,4601.191340845679
10.264,4601.32298055091
10.266,4601.45473797793
10.268,4601.586613172723
10.27,4601.718606181278
10.272,4601.8507170495795
10.274000000000001,4601.982945823613
10.276,4602.115292549365
10.278,4602.247757272822
10.28,4602.380340039968
10.282,4602.5130408967925
10.284,4602.645859889278
10.286,4602.778797063411
10.288,4602.911852465179
10.290000000000001,4603.045026140568
10.292,4603.178318135561
10.294,4603.311728496147
10.296,4603.445257268312
10.298,4603.57890449804
10.3,4603.712670231318
10.302,4603.846554514132
10.304,4603.980557392467
10.306000000000001,4604.11467891231
10.308,4604.248919119647
10.31,4604.383278060464
10.312,4604.5177557807465
10.314,4604.6523523264805
10.316,4604.787067743652
10.318,4604.921902078247
10.32,4605.0568553762505
10.322000000000001,4605.19192768365
10.324,4605.327119046431
10.326,4605.462429510579
10.328,4605.59785912208
10.33,4605.73340792692
10.332,4605.869075971086
10.334,4606.004863300563
10.336,4606.140769961336
10.338000000000001,4606.2767959993935
10.34,4606.412941460719
10.342,4606.5492063913
10.344,4606.685590837121
10.346,4606.8220948441685
10.348,4606.95871845843
10.35,4607.095461725889
10.352,4607.232324692533
10.354000000000001,4607.369307404348
10.356,4607.506409907319
10.358,4607.643632247433
10.36,4607.780974470676
10.362,4607.918436623032
10.364,4608.056018750489
10.366,4608.193720899032
10.368,4608.3315431146475
10.370000000000001,4608.469485443321
10.372,4608.607547931039
10.374,4608.7457306237875
10.376,4608.884033567551
10.378,4609.022456808318
10.38,4609.161000392072
10.382,4609.299664364799
10.384,4609.438448772487
10.386000000000001,4609.577353661121
10.388,4609.716379076686
10.39,4609.85552506517
10.392,4609.994791672556
10.394,4610.134178944833
10.396,4610.273686927985
10.398,4610.413315667999
10.4,4610.55306521086
10.402000000000001,4610.692935602555
10.404,4610.832926889068
10.406,4610.973039116388
10.408,4611.113272330498
10.41,4611.253626577386
10.412,4611.394101903037
10.414,4611.534698353438
10.416,4611.675415974573
10.418000000000001,4611.816254812429
10.42,4611.957214912993
10.422,4612.098296322249
10.424,4612.239499086185
10.426,4612.3808232507845
10.428,4612.522268862036
10.43,4612.663835965924
10.432,4612.805524608434
10.434000000000001,4612.947334835553
10.436,4613.089266693267
10.438,4613.231320227561
10.44,4613.373495484422
10.442,4613.515792509836
10.444,4613.658211349787
10.446,4613.800752050263
10.448,4613.94341465725
10.450000000000001,4614.086199216733
10.452,4614.229105774698
10.454,4614.372134377131
10.456,4614.515285070019
10.458,4614.658557899346
10.46,4614.8019529111
10.462,4614.945470151266
10.464,4615.089109665829
10.466000000000001,4615.232871500777
10.468,4615.376755702094
10.47,4615.520762315767
10.472,4615.664891387782
10.474,4615.8091429641245
10.476,4615.953517090781
10.478,4616.0980138137365
10.48,4616.242633178978
10.482000000000001,4616.387375232492
10.484,4616.532240020262
10.486,4616.677227588276
10.488,4616.8223379825195
10.49,4616.967571248978
10.492,4617.112927433638
10.494,4617.258406582485
10.496,4617.404008741505
10.498,4617.5497339566855
10.5,4617.69558227401
10.502,4617.841553739465
10.504,4617.987648399038
10.506,4618.133866298715
10.508000000000001,4618.2802074844785
10.51,4618.426672002318
10.512,4618.573259898218
10.514,4618.719971218165
10.516,4618.8668060081445
10.518,4619.013764314143
10.52,4619.160846182146
10.522,4619.308051658139
10.524000000000001,4619.455380788109
10.526,4619.6028336180425
10.528,4619.750410193924
10.53,4619.898110561739
10.532,4620.045934767474
10.534,4620.1938828571165
10.536,4620.341954876651
10.538,4620.490150872063
10.540000000000001,4620.63847088934
10.542,4620.7869149744665
10.544,4620.935483173429
10.546,4621.0841755322135
10.548,4621.232992096806
10.55,4621.381932913193
10.552,4621.53099802736
10.554,4621.680187485292
10.556000000000001,4621.829501332976
10.558,4621.978939616397
10.56,4622.128502381543
10.562,4622.278189674397
10.564,4622.428001540948
10.566,4622.57793802718
10.568,4622.727999179079
10.57,4622.878185042632
10.572000000000001,4623.028495663824
10.574,4623.1789310886425
10.576,4623.329491363072
10.578,4623.480176533098
10.58,4623.630986644706
10.582,4623.781921743885
10.584,4623.932981876618
10.586,4624.084167088893
10.588000000000001,4624.235477426695
10.59,4624.386912936009
10.592,4624.538473662823
10.594,4624.690159653121
