0.0,1236.9136354326629
0.002,1522.9991108404354
0.004,1790.3710885182134
0.006,2039.6301416468823
0.008,2271.376843407328
0.01,2486.211766980436
0.012,2684.735485547092
0.014,2867.5485722881813
0.016,3035.2516003845903
0.018000000000000002,3188.4451430172044
0.02,3327.729773366909
0.022,3453.706064614589
0.024,3566.974589941132
0.026000000000000002,3668.135922527422
0.028,3757.7906355543446
0.03,3836.5393022027865
0.032,3904.982495653633
0.034,3963.7207890877694
0.036000000000000004,4013.3547556860817
0.038,4054.4849686294547
0.04,4087.7120010987755
0.042,4113.636426274928
0.044,4132.8588173388
0.046,4145.979747471276
0.048,4153.5997898532405
0.05,4156.319517665508
0.052000000000000005,4149.316566575374
0.054,4138.636251659348
0.056,4127.006383543216
0.058,4116.840819614229
0.06,4109.9329852527635
0.062,4107.270983754092
0.064,4108.985955304502
0.066,4114.372854244958
0.068,4122.253643414158
0.07,4131.226929077308
0.07200000000000001,4139.957794465748
0.074,4147.509300581264
0.076,4153.398877701752
0.078,4157.611758986403
0.08,4160.464840744135
0.082,4162.448304125849
0.084,4164.07606477657
0.08600000000000001,4165.735162734337
0.088,4167.648773582552
0.09,4169.8622560311
0.092,4172.295663773598
0.094,4174.802085741694
0.096,4177.192504987068
0.098,4179.334534250817
0.1,4181.146248800606
0.10200000000000001,4182.627636594522
0.10400000000000001,4183.8655637841875
0.106,4185.018645422028
0.108,4186.294776438208
0.11,4187.8919073651705
0.112,4189.950583904771
0.114,4192.4800530167095
0.116,4195.441103683297
0.11800000000000001,4198.655587800264
0.12,4201.878486694629
0.122,4204.878353093562
0.124,4207.491606373099
0.126,4209.667730616816
0.128,4211.472777518923
0.13,4213.060861005762
0.132,4214.627555746204
0.134,4216.337021372615
0.136,4218.276591130717
0.138,4220.4262373960755
0.14,4222.670590369575
0.14200000000000002,4224.836081835414
0.14400000000000002,4226.742959852955
0.146,4228.267035456791
0.148,4229.371392963902
0.15,4230.119375478559
0.152,4230.645163207458
0.154,4231.111398168536
0.156,4231.658990723241
0.158,4232.3645921579155
0.16,4233.230644004851
0.162,4234.196055615916
0.164,4235.177029314902
0.166,4236.103092994204
0.168,4236.945811735992
0.17,4237.722875645884
0.17200000000000001,4238.478948818396
0.17400000000000002,4239.255574574695
0.176,4240.058084194975
0.178,4240.846011234546
0.18,4241.540857990104
0.182,4242.059161738084
0.184,4242.34503481037
0.186,4242.39545525908
0.188,4242.261517308629
0.19,4242.027193572179
0.192,4241.775106559205
0.194,4241.5502467345395
0.196,4241.344644835503
0.198,4241.1016051539045
0.2,4240.7476514116015
0.202,4240.226254186333
0.20400000000000001,4239.528295134541
0.20600000000000002,4238.696806864824
0.20800000000000002,4237.825121055208
0.21,4237.012496068511
0.212,4236.323112275664
0.214,4235.7738598146025
0.216,4235.329179871056
0.218,4234.922172393032
0.22,4234.482958121448
0.222,4233.966360302424
0.224,4233.368249804105
0.226,4232.720844178278
0.228,4232.075297835194
0.23,4231.4743216670895
0.232,4230.933274917924
0.234,4230.431095649508
0.23600000000000002,4229.918251907269
0.23800000000000002,4229.333592329283
0.24,4228.62492020389
0.242,4227.7664600032385
0.244,4226.764272740607
0.246,4225.653092890402
0.248,4224.482528676032
0.25,4223.304118057393
0.252,4222.1599599078
0.254,4221.077175761564
0.256,4220.068505902542
0.258,4219.13596709103
0.26,4218.276552714299
0.262,4217.484318019882
0.264,4216.7504960363085
0.266,4216.060572067595
0.268,4215.392257813012
0.27,4214.71524597159
0.272,4213.995989165875
0.274,4213.203203736411
0.276,4212.316462804134
0.278,4211.336565728582
0.28,4210.283418266824
0.28200000000000003,4209.194860357251
0.28400000000000003,4208.115109108518
0.28600000000000003,4207.082024644836
0.28800000000000003,4206.115534765622
0.29,4205.211474026847
0.292,4204.343987962405
0.294,4203.475466515237
0.296,4202.5685488427625
0.298,4201.5985092469155
0.3,4200.5603339945665
0.302,4199.468248053227
0.304,4198.349943001379
0.306,4197.2375401554
0.308,4196.161996219179
0.31,4195.137330889822
0.312,4194.168761239371
0.314,4193.261285398823
0.316,4192.414140644906
0.318,4191.621383007083
0.32,4190.869466547753
0.322,4190.134202548876
0.324,4189.380205770787
0.326,4188.565874228863
0.328,4187.652371716277
0.33,4186.615165628204
0.332,4185.4533718075645
0.334,4184.192712761176
0.336,4182.880493840242
0.338,4181.571585533653
0.34,4180.31387987756
0.342,4179.1344394775015
0.34400000000000003,4178.034426681207
0.34600000000000003,4176.992813908121
0.34800000000000003,4175.977730042487
0.35000000000000003,4174.96225562441
0.352,4173.934778978485
0.354,4172.904134782421
0.356,4171.893166663161
0.358,4170.928373696095
0.36,4170.025961356511
0.362,4169.181430487418
0.364,4168.368422716499
0.366,4167.544667180039
0.368,4166.666833381427
0.37,4165.704475876261
0.372,4164.652054224323
0.374,4163.531086140102
0.376,4162.385386813145
0.378,4161.26767817162
0.38,4160.219407448295
0.382,4159.260072252712
0.384,4158.375950124508
0.386,4157.52295760718
0.388,4156.637752588037
0.39,4155.654324910403
0.392,4154.523139237258
0.394,4153.223897302142
0.396,4151.771384002463
0.398,4150.213238608551
0.4,4148.618435928948
0.402,4147.062039287025
0.404,4145.608731722458
0.406,4144.301540890473
0.40800000000000003,4143.154925767683
0.41000000000000003,4142.155766980042
0.41200000000000003,4141.269152065552
0.41400000000000003,4140.447933901319
0.41600000000000004,4139.643736430406
0.418,4138.8151227576445
0.42,4137.934408254494
0.422,4136.9903308629955
0.424,4135.988237189494
0.426,4134.947472824096
0.428,4133.896031593891
0.43,4132.865066697717
0.432,4131.882240612813
0.434,4130.965230644101
0.436,4130.1174991109665
0.438,4129.326737209135
0.44,4128.5657541242845
0.442,4127.805275661506
0.444,4127.016693299988
0.446,4126.181468047642
0.448,4125.296111906569
0.45,4124.373148127215
0.452,4123.435483984909
0.454,4122.509590805575
0.456,4121.6139619485675
0.458,4120.752569691334
0.46,4119.911382720976
0.462,4119.060967580405
0.464,4118.16613704954
0.466,4117.194210653331
0.468,4116.126847334082
0.47000000000000003,4114.964350167288
0.47200000000000003,4113.725268891696
0.47400000000000003,4112.43954528996
0.47600000000000003,4111.137841054509
0.47800000000000004,4109.842131084055
0.48,4108.557874891977
0.482,4107.27365970536
0.484,4105.965966623111
0.486,4104.608653188621
0.488,4103.184674559232
0.49,4101.693809562463
0.492,4100.156938455286
0.494,4098.611845656884
0.496,4097.105376526147
0.498,4095.680902513381
0.5,4094.3661328347152
0.502,4093.1654393817407
0.504,4092.056936489377
0.506,4090.997625934721
0.508,4089.936437681624
0.51,4088.816029624137
0.512,4087.5990316750185
0.514,4086.2720465495586
0.516,4084.8493271636153
0.518,4083.368200278548
0.52,4081.8804166561326
0.522,4080.439270647243
0.524,4079.08736836734
0.526,4077.8485258338437
0.528,4076.7235533062453
0.53,4075.6932160566776
0.532,4074.7248000246755
0.534,4073.780895593126
0.536,4072.829348201967
0.538,4071.848816701141
0.54,4070.83155915049
0.542,4069.7843718239974
0.544,4068.7168097580015
0.546,4067.6407803559964
0.548,4066.565364104963
0.55,4065.494570606257
0.552,4064.4268466391636
0.554,4063.3568529638296
0.556,4062.276323044269
0.558,4061.1775511890096
0.56,4060.05400392679
0.562,4058.901004692732
0.5640000000000001,4057.716379074502
0.5660000000000001,4056.499905869172
0.5680000000000001,4055.2554080646896
0.5700000000000001,4053.9893908785443
0.5720000000000001,4052.711377848785
0.5740000000000001,4051.4327883526103
0.5760000000000001,4050.165237747489
0.578,4048.917318250678
0.58,4047.691811185416
0.582,4046.48398895002
0.584,4045.2817232119005
0.586,4044.0672715980236
0.588,4042.8214504625785
0.59,4041.5283646860653
0.592,4040.1793929050004
0.594,4038.775258159641
0.596,4037.325324700123
0.598,4035.8439772665306
0.6,4034.3458087054114
0.602,4032.84122014073
0.604,4031.3345642358386
0.606,4029.825180072521
0.608,4028.3116661778968
0.61,4026.7925660788737
0.612,4025.2835814238997
0.614,4023.8061232372806
0.616,4022.3882463319824
0.618,4021.058195778742
0.62,4019.836517072264
0.622,4018.729536558144
0.624,4017.7259719845165
0.626,4016.7987909687254
0.628,4015.910546545385
0.63,4015.0222193082877
0.632,4014.1018628146344
0.634,4013.130246027839
0.636,4012.104332957374
0.638,4011.034504449741
0.64,4009.9400385452786
0.642,4008.842977625309
0.644,4007.7625210542415
0.646,4006.7115838154946
0.648,4005.6948889293058
0.65,4004.70982412728
0.652,4003.749503140626
0.654,4002.80348496285
0.656,4001.8605696623845
0.658,4000.909569896366
0.66,3999.939955245636
0.662,3998.9426382532783
0.664,3997.9110638799534
0.666,3996.842585769162
0.668,3995.7399457805877
0.67,3994.6161415138095
0.672,3993.4744279089864
0.674,3992.324632743625
0.676,3991.172615862069
0.678,3990.016534890813
0.68,3988.845389507408
0.682,3987.6400291168434
0.684,3986.3782683937097
0.686,3985.0415257206682
0.6880000000000001,3983.621227169699
0.6900000000000001,3982.1238362985905
0.6920000000000001,3980.5708847852766
0.6940000000000001,3978.99572780995
0.6960000000000001,3977.4352844188393
0.6980000000000001,3975.921384057149
0.7000000000000001,3974.473052324725
0.7020000000000001,3973.0927518946064
0.704,3971.766739477877
0.706,3970.4701689421213
0.708,3969.174952325721
0.71,3967.8578352039576
0.712,3966.5060054679493
0.714,3965.1194984728577
0.716,3963.7089726540426
0.718,3962.290733688658
0.72,3960.879280974143
0.722,3959.4814447836347
0.724,3958.0931783243464
0.726,3956.700173902623
0.728,3955.282812848008
0.73,3953.822354851232
0.732,3952.3087793036557
0.734,3950.7450667448097
0.736,3949.148441055927
0.738,3947.547245596985
0.74,3945.9741043306267
0.742,3944.4590955145286
0.744,3943.0213163292397
0.746,3941.6652074297126
0.748,3940.3800397800937
0.75,3939.1435986396546
0.752,3937.9289308052957
0.754,3936.709517728717
0.756,3935.4675522350663
0.758,3934.195833105957
0.76,3932.8980491613797
0.762,3931.5858811765065
0.764,3930.2735479725397
0.766,3928.9722443182186
0.768,3927.684575121397
0.77,3926.4016308942355
0.772,3925.0969604571596
0.774,3923.7499493798646
0.776,3922.333304727854
0.778,3920.8246775793077
0.78,3919.213517093627
0.782,3917.504498324679
0.784,3915.718692542056
0.786,3913.8901465634913
0.788,3912.05979874615
0.79,3910.268428469492
0.792,3908.5474930395812
0.794,3906.9135589570865
0.796,3905.3649324993794
0.798,3903.882558752239
0.8,3902.4343440961256
0.802,3900.981763668331
0.804,3899.4879723516533
0.806,3897.925424719243
0.808,3896.2800422669884
0.81,3894.553788076573
0.812,3892.762524179416
0.8140000000000001,3890.931918896946
0.8160000000000001,3889.0895583230067
0.8180000000000001,3887.2655916071412
0.8200000000000001,3885.47545254925
0.8220000000000001,3883.723943280495
0.8240000000000001,3882.0063454072183
0.8260000000000001,3880.3126667606352
0.8280000000000001,3878.6342718938467
0.8300000000000001,3876.968754874207
0.8320000000000001,3875.32182953788
0.834,3873.707407300358
0.836,3872.1430873009226
0.838,3870.6446155425947
0.84,3869.219323925809
0.842,3867.8627751315453
0.844,3866.5576978011836
0.846,3865.27808353399
0.848,3863.995390138508
0.85,3862.6851824197747
0.852,3861.3337791259373
0.854,3859.9411588992157
0.856,3858.5198945103743
0.858,3857.0897700768464
0.86,3855.671354529131
0.862,3854.279505380901
0.864,3852.9174178943836
0.866,3851.5759455908264
0.868,3850.2362338485145
0.87,3848.875808923565
0.872,3847.4757936087376
0.874,3846.027072524898
0.876,3844.53447597949
0.878,3843.0159706769477
0.88,3841.4992103838963
0.882,3840.013703988482
0.884,3838.5838443866846
0.886,3837.222342030715
0.888,3835.926467262627
0.89,3834.67882705962
0.892,3833.450652268178
0.894,3832.208896572284
0.896,3830.923373318554
0.898,3829.5726194957306
0.9,3828.1483409773186
0.902,3826.6559572800857
0.904,3825.113360377161
0.906,3823.546677341491
0.908,3821.985732715382
0.91,3820.459748340096
0.912,3818.9928592192377
0.914,3817.6017479683414
0.916,3816.294340284388
0.918,3815.071095335933
0.92,3813.917984115869
0.922,3812.8206990304843
0.924,3811.762148908515
0.926,3810.7257374221704
0.928,3809.697371341502
0.93,3808.6665649541756
0.932,3807.6265444984947
0.934,3806.5747238479275
0.936,3805.5104013510745
0.9380000000000001,3804.433608654548
0.9400000000000001,3803.343975856083
0.9420000000000001,3802.2408468977014
0.9440000000000001,3801.1239438960633
0.9460000000000001,3799.994655303721
0.9480000000000001,3798.857484098125
0.9500000000000001,3797.7205259121147
0.9520000000000001,3796.5951799334357
0.9540000000000001,3795.494742374711
0.9560000000000001,3794.4313700427256
0.9580000000000001,3793.4141475084652
0.96,3792.446657055218
0.962,3791.5257234755754
0.964,3790.6416099168505
0.966,3789.7796824564393
0.968,3788.923015989923
0.97,3788.054549525943
0.972,3787.1600783167155
0.974,3786.2297170066477
0.976,3785.2586452968576
0.978,3784.246657512483
0.98,3783.196631885938
0.982,3782.1126323085773
0.984,3780.998233054469
0.986,3779.8551561295412
0.988,3778.68351530467
0.99,3777.4829524418005
0.992,3776.2547104145992
0.994,3775.0027114834757
0.996,3773.7359673486717
0.998,3772.467208528799
1.0,3771.2119514930005
1.002,3769.9853867171
1.004,3768.8000240109473
1.006,3767.663450872615
1.008,3766.577062693295
1.01,3765.5362003745045
1.012,3764.5316329645875
1.014,3763.551256374935
1.016,3762.5837126473816
1.018,3761.611802191946
1.02,3760.6220837770907
1.022,3759.603253118754
1.024,3758.54723728524
1.026,3757.451257980671
1.028,3756.318744387038
1.03,3755.1599974125807
1.032,3753.9905966167285
1.034,3752.828753758132
1.036,3751.6921606690776
1.038,3750.593610073399
1.04,3749.5392450147474
1.042,3748.527988317791
1.044,3747.552753739029
1.046,3746.6036052167624
1.048,3745.670934309607
1.05,3744.7489316503156
1.052,3743.836830455595
1.054,3742.9388868182664
1.056,3742.0621103073927
1.058,3741.2129111133586
1.06,3740.3933814011884
1.062,3739.5982224008976
1.064,3738.8131789647878
1.066,3738.016986565135
1.068,3737.1878950551345
1.07,3736.2948116246744
1.072,3735.3224491378573
1.074,3734.268942725956
1.076,3733.146505429716
1.078,3731.979953473854
1.08,3730.8008018959486
1.082,3729.6410640039685
1.084,3728.527002608571
1.086,3727.474656036527
1.088,3726.4891021967346
1.09,3725.5659395506204
1.092,3724.6959868322697
1.094,3723.869085178806
1.096,3723.078280822073
1.098,3722.320231076478
1.1,3721.5949176569816
1.102,3720.903184430889
1.104,3720.243633945535
1.106,3719.6106956992435
1.108,3718.993912613567
1.11,3718.3787596867983
1.112,3717.7492338078937
1.114,3717.09005031899
1.116,3716.389845584166
1.118,3715.64019955219
1.12,3714.8448123945795
1.122,3714.011402483628
1.124,3713.151630241181
1.1260000000000001,3712.2784257118938
1.1280000000000001,3711.4018051009807
1.1300000000000001,3710.526100011725
1.1320000000000001,3709.6478722155694
1.1340000000000001,3708.756191979261
1.1360000000000001,3707.8353111617203
1.1380000000000001,3706.8685500786128
1.1400000000000001,3705.844067744303
1.1420000000000001,3704.7586862814114
1.1440000000000001,3703.6202411014538
1.1460000000000001,3702.4474838400756
1.1480000000000001,3701.266759929086
1.1500000000000001,3700.10717938651
1.1520000000000001,3698.993656866493
1.154,3697.941908507673
1.156,3696.954508869304
1.158,3696.019627991796
1.16,3695.1132987996425
1.162,3694.206823170983
1.164,3693.2636088058266
1.166,3692.2579658281506
1.168,3691.1757180382647
1.17,3690.014732790656
1.172,3688.799894396563
1.174,3687.560789237178
1.176,3686.3296896112793
1.178,3685.134272357784
1.18,3683.99039801897
1.182,3682.9000568378024
1.184,3681.849815277987
1.186,3680.8162264060475
1.188,3679.77216527047
1.19,3678.6929393551513
1.192,3677.5615244115597
1.194,3676.3699611380034
1.196,3675.118068114248
1.198,3673.809584305192
1.2,3672.4466420943827
1.202,3671.0263863940204
1.204,3669.5386405396425
1.206,3667.967073788133
1.208,3666.292255589238
1.21,3664.4957907617863
1.212,3662.5648396499505
1.214,3660.495986616763
1.216,3658.288583044188
1.218,3655.9555288478405
1.22,3653.50592296143
1.222,3650.948178582706
1.224,3648.284800400488
1.226,3645.510783877569
1.228,3642.614415015749
1.23,3639.5810393222027
1.232,3636.397663701478
1.234,3633.0580659405655
1.236,3629.566903020527
1.238,3625.9409258822047
1.24,3622.2080707685086
1.242,3618.403068348266
1.244,3614.5625742155353
1.246,3610.718852766975
1.248,3606.894885752527
1.25,3603.101925305066
1.252,3599.3388393875452
1.254,3595.594647766474
1.256,3591.851917664618
1.258,3588.090567900307
1.26,3584.2915930501276
1.262,3580.4390658296916
1.264,3576.5176350606853
1.266,3572.523470100914
1.268,3568.45271154636
1.27,3564.3040804970915
1.272,3560.0774652205346
1.274,3555.773168546513
1.276,3551.3914435631996
1.278,3546.932261821289
1.28,3542.396135970553
1.282,3537.7850866901513
1.284,3533.10168418953
1.286,3528.352027354295
1.288,3523.5434544042687
1.29,3518.6838129910834
1.292,3513.7803482229765
1.294,3508.837201250936
1.296,3503.8539509616603
1.298,3498.8247902085486
1.3,3493.7380573797354
1.302,3488.5770677863534
1.304,3483.3211448331062
1.306,3477.9469133875627
1.308,3472.43007516373
1.31,3466.747002234142
1.312,3460.8759598365054
1.314,3454.7977367285303
1.316,3448.4935685991863
1.318,3441.9518326490556
1.32,3435.152410565519
1.322,3428.0784286918474
1.324,3420.7082236409306
1.326,3413.0167690136127
1.328,3404.9775468390762
1.33,3396.566286929425
1.332,3387.7659862127184
1.334,3378.57038970149
1.336,3368.988541337688
1.338,3359.046183368074
1.34,3348.7840984476666
1.342,3338.255449028923
1.344,3327.520567942846
1.346,3316.641684803135
1.348,3305.6773070542104
1.35,3294.676747559853
1.352,3283.6771756240237
1.354,3272.69860437022
1.356,3261.7409722557054
1.358,3250.7827487411287
1.36,3239.780644435687
1.362,3228.674188979295
1.364,3217.391477192422
1.366,3205.8606845500726
1.368,3194.022693265815
1.37,3164.5848034849632
1.372,3138.3838378393575
1.374,3115.375363282419
1.3760000000000001,3095.5092447868915
1.3780000000000001,3078.724282255594
1.3800000000000001,3064.945413759011
1.3820000000000001,3054.082876409819
1.3840000000000001,3046.034963175616
1.3860000000000001,3040.6926694407557
1.3880000000000001,3037.9435708032606
1.3900000000000001,3037.676507842418
1.3920000000000001,3039.7833677643953
1.3940000000000001,3044.1583872473257
1.3960000000000001,3050.696046928072
1.3980000000000001,3059.287486681895
1.4000000000000001,3069.81727658623
1.4020000000000001,3082.1611560369597
1.4040000000000001,3096.1862328244856
1.4060000000000001,3111.752508595665
1.408,3128.716189921639
1.41,3146.932845337606
1.412,3166.2587466470636
1.414,3186.55088684833
1.416,3207.6644577317816
1.418,3229.4496143800793
1.42,3251.74859987136
1.422,3274.3943712569253
1.424,3297.2128477261003
1.426,3320.0271930459417
1.428,3342.665222935092
1.43,3364.9666643239934
1.432,3386.7892431636033
1.434,3408.0104511935556
1.436,3428.5260823282997
1.438,3448.242691325203
1.44,3467.0670306563616
1.442,3484.895668655824
1.444,3501.6034824192557
1.446,3517.036594261199
1.448,3531.0080378723264
1.45,3543.2982275431837
1.452,3553.6603958560227
1.454,3561.8267155087783
1.456,3567.5203475466647
1.458,3570.4677047950568
1.46,3570.41017853472
1.462,3567.116041931079
1.464,3560.386922893711
1.466,3550.062717440725
1.468,3536.0183354192404
1.47,3518.1558241208095
1.472,3517.39351396663
1.474,3516.55988321065
1.476,3515.640282225218
1.478,3514.6208647773524
1.48,3513.4942463287275
1.482,3512.2634985194427
1.484,3510.9439812418377
1.486,3509.562035213783
1.488,3508.1505554643227
1.49,3506.7437499748157
1.492,3505.370623387409
1.494,3504.0505273958115
1.496,3502.7910125807743
1.498,3501.5883638883265
1.5,3500.4309827834
1.502,3499.3033150454994
1.504,3498.191198258149
1.506,3497.085586926369
1.508,3495.9841023535346
1.51,3494.8906194951096
1.512,3493.8124001595984
1.514,3492.7567264475824
1.516,3491.7268681552955
1.518,3490.7198367352726
1.52,3489.726251978091
1.522,3488.732474484288
1.524,3487.725480013146
1.526,3486.6970768029973
1.528,3485.649111287178
1.53,3484.594782945919
1.532,3483.557669020058
1.534,3482.566641318209
1.536,3481.6498526750042
1.538,3480.8276411229126
1.54,3480.107478969265
1.542,3479.4816154555942
1.544,3478.927615257248
1.546,3478.413101014223
1.548,3477.9018828905964
1.55,3477.360236420809
1.552,3476.763013425005
1.554,3476.096855512256
1.556,3475.360974519819
1.558,3474.564617309399
1.56,3473.722677012671
1.562,3472.8509496086926
1.564,3471.9611379073203
1.566,3471.05860840378
1.568,3470.1419272101284
1.57,3469.205156184838
1.572,3468.2415012864603
1.574,3467.2468100181386
1.576,3466.2228705137195
1.578,3465.177824343045
1.58,3464.12499473519
1.582,3463.079591335996
1.584,3462.0547530791105
1.586,3461.0584803790634
1.588,3460.088734247588
1.59,3459.1435670213623
1.592,3458.213679950927
1.594,3457.289390722135
1.596,3456.3643503952303
1.598,3455.438087693224
1.6,3454.517067643756
1.602,3453.6134350802895
1.604,3452.7426907948757
1.606,3451.919727808911
1.608,3451.155563097507
1.61,3450.454241952851
1.612,3449.8123434077543
1.614,3449.219557851068
1.616,3448.6603949069963
1.618,3448.117375888514
1.62,3447.574240916695
1.622,3447.0184793817457
1.624,3446.4435040630015
1.6260000000000001,3445.848843755107
1.6280000000000001,3445.2392961374067
1.6300000000000001,3444.622687368264
1.6320000000000001,3444.006979540681
1.6340000000000001,3443.3978857166003
1.6360000000000001,3442.7973752953426
1.6380000000000001,3442.2025760222095
1.6400000000000001,3441.607432833719
1.6420000000000001,3441.00426485017
1.6440000000000001,3440.386744130842
1.6460000000000001,3439.7527358079587
1.6480000000000001,3439.1055116308817
1.6500000000000001,3438.4537825757125
1.6520000000000001,3437.8099923243267
1.6540000000000001,3437.187196543773
1.6560000000000001,3436.5956759224377
1.6580000000000001,3436.0398932343996
1.6600000000000001,3435.5169037393416
1.6620000000000001,3435.016497149242
1.6640000000000001,3434.5227070955216
1.666,3434.017027139507
1.668,3433.4816164239915
1.67,3432.9039448004823
1.672,3432.2723973295588
1.674,3431.5859004834165
1.676,3430.849794016602
1.678,3430.073619396823
1.68,3429.2692201222826
1.682,3428.449091968093
1.684,3427.625064444957
1.686,3426.8079453545433
1.688,3426.007398758261
1.69,3425.2356981559556
1.692,3424.497559199496
1.694,3423.798664953173
1.696,3423.142190100587
1.698,3422.527900010843
1.7,3421.9514572067346
1.702,3421.404080932307
1.704,3420.8733177201825
1.706,3420.344366994791
1.708,3419.8022793326486
1.71,3419.2336787370164
1.712,3418.6288366273434
1.714,3417.981792470975
1.716,3417.2895904769703
1.718,3416.5524830523864
1.72,3415.771427799283
1.722,3414.948363041124
1.724,3414.08486282564
1.726,3413.182120849963
1.728,3412.2406181173596
1.73,3411.2597710814907
1.732,3410.2369725847466
1.734,3409.1672211163914
1.736,3408.042627232261
1.738,3406.853389269074
1.74,3405.589186364925
1.742,3404.2407333210926
1.744,3402.802845684675
1.746,3401.275281164178
1.748,3399.6630400655176
1.75,3397.976526026175
1.752,3396.2299524527416
1.754,3394.4403356992184
1.756,3392.6260624955476
1.758,3390.805717674068
1.76,3388.9973037835784
1.762,3387.2160391736174
1.764,3385.473583707461
1.766,3383.7772420478054
1.768,3382.129115034205
1.77,3380.527427844124
1.772,3378.966077052262
1.774,3377.444438843955
1.776,3375.9604386133874
1.778,3374.514395743666
1.78,3373.1095018916017
1.782,3371.7500116534907
1.784,3370.4392660269623
1.786,3369.1784155520113
1.788,3367.965421487685
1.79,3366.7962350043995
1.792,3365.666424563309
1.794,3364.573083960019
1.796,3363.5160031993473
1.798,3362.4975629836017
1.8,3361.5217503523577
1.802,3360.5928294701225
1.804,3359.713611061261
1.806,3358.88489531585
1.808,3358.105028067442
1.81,3357.3699054659114
1.812,3356.6731370317484
1.814,3356.006112705274
1.816,3355.35893199585
1.818,3354.720917187816
1.82,3354.0819511793898
1.822,3353.434325293382
1.824,3352.771931432699
1.826,3352.091113870945
1.828,3351.3891209249227
1.83,3350.66307722893
1.832,3349.909105317623
1.834,3349.122260725643
1.836,3348.297615460379
1.838,3347.4321891820223
1.84,3346.526717551292
1.842,3345.5868956107006
1.844,3344.624068709368
1.846,3343.6534095405323
1.848,3342.69249034611
1.85,3341.759681084232
1.852,3340.871372365073
1.854,3340.041028399467
1.856,3339.277864778882
1.858,3338.5858404863884
1.86,3337.963095638964
1.862,3337.4011962198074
1.864,3336.8865191731634
1.866,3336.410823595043
1.868,3335.9444932193383
1.87,3335.4690771213354
1.872,3334.97085591518
1.874,3334.442543910987
1.8760000000000001,3333.882684240801
1.8780000000000001,3333.293398839641
1.8800000000000001,3332.678011067054
1.8820000000000001,3332.0382928709423
1.8840000000000001,3331.374334682765
1.8860000000000001,3330.6859275295856
1.8880000000000001,3329.974644073229
1.8900000000000001,3329.24652102858
1.8920000000000001,3328.512553984507
1.8940000000000001,3327.7876866494225
1.8960000000000001,3327.087577148024
1.8980000000000001,3326.425855527278
1.9000000000000001,3325.8092908513486
1.9020000000000001,3325.2374761964757
1.9040000000000001,3324.7015061915768
1.9060000000000001,3324.187243277404
1.9080000000000001,3323.677781881476
1.9100000000000001,3323.156736893996
1.9120000000000001,3322.6114792856533
1.9140000000000001,3322.034584025529
1.9160000000000001,3321.424743685472
1.9180000000000001,3320.785668741194
1.92,3320.125241758548
1.922,3319.4519296708095
1.924,3318.772793584179
1.926,3318.091882249106
1.928,3317.4091085943924
1.93,3316.7209230178078
1.932,3316.0219062307087
1.934,3315.3070518136337
1.936,3314.5745353774323
1.938,3313.8271168975148
1.94,3313.072810803163
1.942,3312.323442242401
1.944,3311.5928539606907
1.946,3310.8947305437273
1.948,3310.239946207912
1.95,3309.6357530320047
1.952,3309.0851745343284
1.954,3308.5871863392135
1.956,3308.1369701971807
1.958,3307.725663456617
1.96,3307.3406644427164
1.962,3306.965642659711
1.964,3306.581357881244
1.966,3306.168287439217
1.968,3305.697787949459
1.97,3305.1654090757097
1.972,3304.5667420800523
1.974,3303.904107599461
1.976,3303.185161730094
1.978,3302.420150114681
1.98,3301.6201658985597
1.982,3300.79624912775
1.984,3299.95934220617
1.986,3299.120939087759
1.988,3298.2933712141275
1.99,3297.490382819305
1.992,3296.7215834128265
1.994,3295.9933691809497
1.996,3295.305782456378
1.998,3294.6518354515474
2.0,3294.016691772543
2.0020000000000002,3293.3817506677865
2.004,3292.7266038459543
2.0060000000000002,3292.033860695136
2.008,3291.291960316882
2.0100000000000002,3290.4970919434627
2.012,3289.653771362405
2.0140000000000002,3288.773157425987
2.016,3287.870727871253
2.0180000000000002,3286.9633652078164
2.02,3286.0655349227727
2.0220000000000002,3285.1873084466333
2.024,3284.3331149339924
2.0260000000000002,3283.502050654506
2.028,3282.689957203585
2.0300000000000002,3281.892128218512
2.032,3281.106366737676
2.0340000000000003,3280.334440774169
2.036,3279.5821664230743
2.0380000000000003,3278.8578699968134
2.04,3278.1696906067177
2.0420000000000003,3277.5227154439076
2.044,3276.917171066866
2.0460000000000003,3276.347674510022
2.048,3275.803637707872
2.05,3275.271245802612
2.052,3274.7350961594343
2.054,3274.1799458663254
2.056,3273.5921784395787
2.058,3272.96073305997
2.06,3272.2799206214936
2.062,3271.543507059391
2.064,3270.7536112228
2.066,3269.9177924816
2.068,3269.048305532766
2.07,3268.1604507126076
2.072,3267.2706767393856
2.074,3266.393560673724
2.076,3265.5400198615057
2.078,3264.7160726231255
2.08,3263.9231935426888
2.082,3263.1588182803416
2.084,3262.4179007438374
2.086,3261.6946698975867
2.088,3260.9840444769434
2.09,3260.282457018673
2.092,3259.586322257337
2.094,3258.8955894421956
2.096,3258.209709583238
2.098,3257.5275700733764
2.1,3256.847354315705
2.102,3256.1673152240487
2.104,3255.4873420678778
2.106,3254.8105896860197
2.108,3254.144702940044
2.11,3253.501238064348
2.112,3252.8937600947547
2.114,3252.334592578837
2.116,3251.832845594524
2.118,3251.386368736661
2.12,3250.986819067344
2.122,3250.6194983199425
2.124,3250.266340439577
2.126,3249.9097145871165
2.128,3249.536010816351
2.13,3249.1369969701555
2.132,3248.710019550092
2.134,3248.2565680714156
2.136,3247.7805599175417
2.138,3247.287042333103
2.14,3246.7813449876417
2.142,3246.269028667455
2.144,3245.756021809141
2.146,3245.248491231624
2.148,3244.752558900071
2.15,3244.273275878752
2.152,3243.813980344847
2.154,3243.3759893613887
2.156,3242.9585908918098
2.158,3242.559591046245
2.16,3242.1760844038154
2.162,3241.8027144900407
2.164,3241.4389359130205
2.166,3241.080943020538
2.168,3240.723855643763
2.17,3240.361390621841
2.172,3239.9862880900346
2.174,3239.591152750737
2.176,3239.169906300019
2.178,3238.718979819397
2.18,3238.2387584524513
2.182,3237.734073040645
2.184,3237.214614087634
2.186,3236.6940506440515
2.188,3236.187754939342
2.19,3235.7101217519635
2.192,3235.2713390865338
2.194,3234.874732080026
2.196,3234.515829462337
2.198,3234.1832596901104
2.2,3233.8618624792434
2.202,3233.5366005723276
2.204,3233.196580717668
2.206,3232.8375288203374
2.208,3232.462051967719
2.21,3232.077661666468
2.212,3231.692957957792
2.214,3231.314156982743
2.216,3230.9421199768944
2.218,3230.5691888434753
2.22,3230.1860359024186
2.222,3229.7780277745605
2.224,3229.3300164098687
2.226,3228.8289002744123
2.228,3228.266193996447
2.23,3227.639834635349
2.232,3226.954730735644
2.234,3226.222560836334
2.236,3225.459888949347
2.238,3224.685718642189
2.24,3223.9181509758355
2.242,3223.171041687254
2.244,3222.452195339042
2.246,3221.7625403709476
2.248,3221.0973763610577
2.25,3220.4483159074703
2.2520000000000002,3219.806210462279
2.254,3219.163482126452
2.2560000000000002,3218.5147041913224
2.258,3217.856654438874
2.2600000000000002,3217.187635593526
2.262,3216.5058730612427
2.2640000000000002,3215.8091156088544
2.266,3215.0974023448234
2.2680000000000002,3214.364974659085
2.27,3213.6111410645253
2.2720000000000002,3212.8378123252182
2.274,3212.050163414249
2.2760000000000002,3211.2567982346263
2.278,3210.4690164631543
2.2800000000000002,3209.699994957107
2.282,3208.9633154439307
2.2840000000000003,3208.271129207166
2.286,3207.6326311531584
2.2880000000000003,3207.0524835774354
2.29,3206.530378565179
2.2920000000000003,3206.0613756337057
2.294,3205.637146265125
2.2960000000000003,3205.2482313288956
2.298,3204.8860986403065
2.3000000000000003,3204.544745382243
2.302,3204.221128815463
2.3040000000000003,3203.9143709877994
2.306,3203.6237735513846
2.308,3203.346353567753
2.31,3203.074543251467
2.312,3202.795146757254
2.314,3202.490486400546
2.316,3202.1400047194857
2.318,3201.7245152324613
2.32,3201.2306827843195
2.322,3200.6544432981277
2.324,3200.003950755147
2.326,3199.2993924059497
2.328,3198.5711220761605
2.33,3197.8548496264193
2.332,3197.184812316247
2.334,3196.5885652337333
2.336,3196.0812761095303
2.338,3195.6637628319986
2.34,3195.323746127362
2.342,3195.03981189151
2.344,3194.7879954119567
2.346,3194.5473771687557
2.348,3194.3053692672247
2.35,3194.059637080163
2.352,3193.816891426969
2.354,3193.5894537184945
2.356,3193.3902433502503
2.358,3193.2292406131396
2.36,3193.1104719780406
2.362,3193.031021720761
2.364,3192.982569840395
2.366,3192.9525107090817
2.368,3192.9224035560524
2.37,3192.8788429086017
2.372,3192.805496648278
2.374,3192.6871321627887
2.376,3192.5105564612527
2.378,3192.2661973989398
2.38,3191.949146770654
2.382,3191.559201683222
2.384,3191.100825321384
2.386,3190.5820865480728
2.388,3190.0132470948956
2.39,3189.405666450782
2.392,3188.770774369529
2.394,3188.119419830074
2.396,3187.460843537513
2.398,3186.8015022644777
2.4,3186.1439890466027
2.402,3185.485527001632
2.404,3184.8175242694774
2.406,3184.1262653099925
2.408,3183.394996058524
2.41,3182.6072320072713
2.412,3181.750362216946
2.414,3180.819127366268
2.416,3179.8171573266754
2.418,3178.7575960858994
2.42,3177.661447362152
2.422,3176.554732507005
2.424,3175.4652174486514
2.426,3174.418598997297
2.428,3173.4347918684134
2.43,3172.5255563892592
2.432,3171.6924688365752
2.434,3170.927522122745
2.436,3170.2142371930836
2.438,3169.531695342545
2.44,3168.8585676657844
2.442,3168.1777571567095
2.444,3167.4809174282245
2.446,3166.7693309939045
2.448,3166.053185675282
2.45,3165.34791642788
2.452,3164.669209314762
2.454,3164.0286662124768
2.456,3163.4300679379176
2.458,3162.8686731580524
2.46,3162.332079627062
2.462,3161.802835377255
2.464,3161.261674095922
2.466,3160.689822108738
2.468,3160.0715835231167
2.47,3159.3959247675607
2.472,3158.657726572539
2.474,3157.8589963212403
2.476,3157.008930084401
2.478,3156.123620888984
2.48,3155.2235883941494
2.482,3154.3304386112654
2.484,3153.465164304474
2.486,3152.6401004568243
2.488,3151.863499277638
2.49,3151.137542265709
2.492,3150.4601471829546
2.494,3149.8267241215485
2.496,3149.2309775084286
2.498,3148.665740269767
2.5,3148.1227696776796
2.5020000000000002,3147.5925989351276
2.504,3147.0650323795844
2.5060000000000002,3146.53058721009
2.508,3145.981729808566
2.5100000000000002,3145.4143067700143
2.512,3144.828003866802
2.5140000000000002,3144.2262288882544
2.516,3143.6152118045807
2.5180000000000002,3143.003015234089
2.52,3142.3987487253366
2.5220000000000002,3141.8120695170473
2.524,3141.252236895468
2.5260000000000002,3140.7271657986876
2.528,3140.24165085146
2.5300000000000002,3139.7962498881084
2.532,3139.386076971144
2.5340000000000003,3139.001390748582
2.536,3138.6293303052144
2.5380000000000003,3138.2567685117624
2.54,3137.8732006743403
2.5420000000000003,3137.473716590005
2.544,3137.0597374090844
2.5460000000000003,3136.637327451551
2.548,3136.2151189042834
2.5500000000000003,3135.8014246688604
2.552,3135.401599480116
2.5540000000000003,3135.0167272795484
2.556,3134.6431525097414
2.5580000000000003,3134.2737128192416
2.56,3133.899117327215
2.562,3133.5093158605473
2.564,3133.0954453651284
2.566,3132.6508409704143
2.568,3132.1718756428945
2.57,3131.6585360263543
2.572,3131.1140911953953
2.574,3130.544499248247
2.576,3129.9567879719784
2.578,3129.357465663195
2.58,3128.751278918209
2.582,3128.1403078688923
2.584,3127.524590732459
2.586,3126.90196467374
2.588,3126.2750392866233
2.59,3125.647329165376
2.592,3125.0255634572914
2.594,3124.418266650375
2.596,3123.8336658582934
2.598,3123.277163367969
2.6,3122.748978475915
2.602,3122.243422181198
2.604,3121.74902535455
2.606,3121.251776002181
2.608,3120.737417896894
2.61,3120.195611728076
2.612,3119.6231580362487
2.614,3119.025294046087
2.616,3118.4152687536675
2.618,3117.813122650346
2.62,3117.240572672219
2.622,3116.716593724242
2.624,3116.2535868508744
2.626,3115.8555970803964
2.628,3115.5181912691623
2.63,3115.2298336702715
2.632,3114.975186453553
2.634,3114.737907687663
2.636,3114.503438851665
2.638,3114.2602067398775
2.64,3113.999858773209
2.642,3113.7168268665137
2.644,3113.4072716539863
2.646,3113.068210359762
2.648,3112.6961401482163
2.65,3112.2861016162283
2.652,3111.831093988193
2.654,3111.3215265817785
2.656,3110.7460680310264
2.658,3110.093168456131
2.66,3109.352883945169
2.662,3108.518728547052
2.664,3107.58900265686
2.666,3106.5661032657686
2.668,3105.455426682586
2.67,3104.2638984542778
2.672,3102.997080514448
2.674,3101.657970593242
2.676,3100.246376346992
2.678,3098.7573346621425
2.68,3097.1817108602445
2.682,3095.505610701533
2.684,3093.7112634032837
2.686,3091.7781915440014
2.688,3089.6848154518343
2.69,3087.411880460509
2.692,3084.94484072672
2.694,3082.275735939562
2.696,3079.4046483207176
2.698,3076.3389097175836
2.7,3073.092271412533
2.702,3069.6829695183656
2.704,3066.1327449546966
2.706,3062.4669587057583
2.708,3058.711649806747
2.71,3054.8929781670654
2.712,3051.0344164236135
2.714,3047.151162519613
2.716,3043.24743660772
2.718,3039.3151205722943
2.72,3035.3333683676606
2.722,3031.2747802155054
2.724,3027.112730365612
2.726,3022.828284976252
2.728,3018.4146343034763
2.73,3013.8788032770767
2.732,3009.2370157100368
2.734,3004.5085903758127
2.736,2999.7096880401978
2.738,2994.84410834863
2.74,2989.900968755135
2.742,2984.8539836405203
2.744,2979.661968558229
2.746,2974.273240623828
2.748,2968.6293594927515
2.75,2962.6715248712535
2.7520000000000002,2956.3458597767312
2.754,2949.6083082334653
2.7560000000000002,2942.431175542732
2.758,2934.8049956021373
2.7600000000000002,2926.739600953694
2.762,2918.259822363463
2.7640000000000002,2909.398899344757
2.766,2900.1912546725803
2.7680000000000002,2890.659273498964
2.77,2880.805590302202
2.7720000000000002,2870.6052636885865
2.774,2860.000501944684
2.7760000000000002,2848.903218734289
2.778,2818.7019362200854
2.7800000000000002,2791.283152335559
2.782,2766.5784139903053
2.7840000000000003,2744.5228490848967
2.786,2725.0572924955595
2.7880000000000003,2708.1252835325563
2.79,2693.6812684615707
2.7920000000000003,2681.6817984174977
2.794,2672.0901304456593
2.7960000000000003,2664.864949707229
2.798,2659.9620596708287
2.8000000000000003,2657.3299606711507
2.802,2656.907591651926
2.8040000000000003,2658.6224395978957
2.806,2662.390176676623
2.8080000000000003,2668.113007367738
2.81,2675.6786671329965
2.8120000000000003,2684.960207108444
2.814,2695.8159102126906
2.816,2708.0934090287565
2.818,2721.6338726965027
2.82,2736.27690397489
2.822,2751.867672412773
2.824,2768.259161122015
2.826,2785.312840759622
2.828,2802.898717079404
2.83,2820.8907556733993
2.832,2839.16180785571
2.834,2857.580805900686
2.836,2876.008722685522
2.838,2894.2956270633113
2.84,2912.281047610382
2.842,2929.79446650618
2.844,2946.657032637754
2.846,2962.684536773218
2.848,2977.6909161371154
2.85,2991.491987352227
2.852,3003.905960154199
2.854,3014.7548493072454
2.856,3023.86266562585
2.858,3031.049323491316
2.86,3036.1263073531295
2.862,3038.8885358783264
2.864,3039.1098303838676
2.866,3036.539932576759
2.868,3030.9045210543486
2.87,3021.9145907792636
2.872,3009.2770658980025
2.874,2992.7105779093536
2.876,2971.9641520923415
2.878,2946.831263349456
2.88,2939.6705216574946
2.882,2932.4610390056832
2.884,2925.2244163992136
2.886,2917.9758731731135
2.888,2910.7158233726186
2.89,2903.431590510136
2.892,2896.0867836884713
2.894,2888.627838122735
2.896,2880.980274763707
2.898,2873.060814652953
2.9,2864.780203543886
2.902,2856.049665310895
2.904,2846.7854150550293
2.906,2836.9165782138894
2.908,2826.385939099545
2.91,2815.152655813927
2.912,2803.197673271867
2.914,2790.524943466275
2.916,2777.1651710930764
2.918,2763.176040385223
2.92,2748.640808622787
2.922,2733.664691685056
2.924,2718.3601271790626
2.926,2702.836082288733
2.928,2687.1825782586457
2.93,2671.450667799748
2.932,2655.643673849717
2.934,2639.7097547496323
2.936,2623.550384983749
2.938,2607.0349391107097
2.94,2590.0226970456433
2.942,2572.4031163680356
2.944,2554.1175519785156
2.946,2535.1790164349713
2.948,2515.683602279382
2.95,2495.7964340167136
2.952,2475.6878393288944
2.954,2455.6735529842545
2.956,2435.9664103152445
2.958,2416.740793436846
2.96,2398.118753313761
2.962,2380.175920911404
2.964,2362.937474447381
2.966,2346.416151813579
2.968,2330.606370752817
2.97,2315.506187399962
2.972,2301.1249499300384
2.974,2287.478781595849
2.976,2274.5882391905607
2.978,2262.4724952143606
2.98,2251.142228357623
2.982,2240.5946888362396
2.984,2230.813110634592
2.986,2221.766628631393
2.988,2213.4121328566366
2.99,2205.6997921767925
2.992,2198.5765848412493
2.994,2166.543048986363
2.996,2140.2238791043774
2.998,2119.3945828577957
3.0,2103.846534093854
3.0020000000000002,2093.382013254592
3.004,2087.8111359743643
3.0060000000000002,2086.948029411087
3.008,2090.6041752887327
3.0100000000000002,2098.5864977608935
3.012,2110.6942779403807
3.0140000000000002,2126.714725871669
3.016,2146.4200007301342
3.0180000000000002,2169.5620130028324
3.02,2195.8688751178147
3.0220000000000002,2225.0410415248552
3.024,2256.7490151221514
3.0260000000000002,2290.63983057543
3.028,2326.3435654446425
3.0300000000000002,2363.4864965714123
3.032,2401.711237901084
3.0340000000000003,2440.6940335459512
3.036,2480.1642868746208
3.0380000000000003,2519.9131101027115
3.04,2559.7954531217015
3.0420000000000003,2599.727338900335
3.044,2639.6553948784003
3.0460000000000003,2679.53560080813
3.048,2719.305536867072
3.0500000000000003,2758.8559044120157
3.052,2798.0201066840373
3.0540000000000003,2836.6241002936817
3.056,2874.3116645815353
3.0580000000000003,2910.7712585779914
3.06,2945.6868047282032
3.0620000000000003,2978.7595222777477
3.064,3009.7125958850884
3.0660000000000003,3038.309876281051
3.068,3064.328648778056
3.0700000000000003,3087.5724452806726
3.072,3107.8527102309163
3.074,3124.9800054414723
3.076,3138.7639313268487
3.078,3149.009708670432
3.08,3155.5180179374315
3.082,3158.0857111345717
3.084,3156.504828315563
3.086,3150.561174378519
3.088,3140.0324691303085
3.09,3124.6870847731616
3.092,3104.285022309521
3.094,3078.57961842775
3.096,3078.287189511097
3.098,3078.0246039114736
3.1,3077.7687919389073
3.102,3077.4951675206025
3.104,3077.1810825329508
3.106,3076.8088141608423
3.108,3076.368200897082
3.11,3075.8577441455677
3.112,3075.2844161449434
3.114,3074.662199671779
3.116,3074.009432376656
3.118,3073.346193773882
3.12,3072.691608190209
3.122,3072.062700582637
3.124,3071.471636404777
3.126,3070.926201624209
3.128,3070.4299160520723
3.13,3069.9820945844203
3.132,3069.57784889673
3.134,3069.2084698598082
3.136,3068.8620564047387
3.138,3068.5249155223514
3.14,3068.183112332763
3.142,3067.826131948297
3.144,3067.4455804431364
3.146,3067.0380622821854
3.148,3066.604629612874
3.15,3066.1495597223284
3.152,3065.6795441813124
3.154,3065.203758340414
3.156,3064.729500070097
3.158,3064.2652640339406
3.16,3063.818632603616
3.162,3063.3958063040072
3.164,3063.0013717543457
3.166,3062.6382567107235
3.168,3062.3076309523626
3.17,3062.0089150362164
3.172,3061.7399028393374
3.174,3061.4969228964683
3.176,3061.2751382670867
3.178,3061.068847404097
3.18,3060.871842227164
3.182,3060.6777542774003
3.184,3060.4801790789247
3.186,3060.272914696813
3.188,3060.0500408208445
3.19,3059.8058537398765
3.192,3059.534982432404
3.194,3059.2326571249087
3.196,3058.8952924972473
3.198,3058.521194114709
3.2,3058.1111036656994
3.202,3057.66848431288
3.204,3057.199043834784
3.206,3056.709861559443
3.208,3056.208260158466
3.21,3055.7007673834887
3.212,3055.1924454238015
3.214,3054.686162341582
3.216,3054.184169132286
3.218,3053.6860834302006
3.22,3053.1874583866256
3.222,3052.6949858787502
3.224,3052.2064356953724
3.226,3051.7201486260187
3.228,3051.2337736349837
3.23,3050.744658560255
3.232,3050.250207173054
3.234,3049.74839995929
3.236,3049.2386798435928
3.238,3048.7226086367664
3.24,3048.204745289743
3.242,3047.693048427061
3.244,3047.1990371287
3.246,3046.737538449508
3.248,3046.325580673862
3.25,3045.981206380437
3.2520000000000002,3045.7203515291885
3.254,3045.553957857965
3.2560000000000002,3045.484282432859
3.258,3045.5051691361373
3.2600000000000002,3045.5977024832046
3.262,3045.732251838641
3.2640000000000002,3045.8709074913363
3.266,3045.9719047380713
3.2680000000000002,3045.993830259796
3.27,3045.901382794932
3.2720000000000002,3045.6688528802515
3.274,3045.2816426668164
3.2760000000000002,3044.7375573386093
3.278,3044.0449590475873
3.2800000000000002,3043.2204601420754
3.282,3042.285950457427
3.2840000000000003,3041.2653346493253
3.286,3040.182008145968
3.2880000000000003,3039.055645609482
3.29,3037.9005797955974
3.2920000000000003,3036.7249556979414
3.294,3035.5302083493534
3.2960000000000003,3034.3121775315267
3.298,3033.0624968025863
3.3000000000000003,3031.7707070448387
3.302,3030.426458358097
3.3040000000000003,3029.0213579169895
3.306,3027.5510486868607
3.3080000000000003,3026.0160401330213
3.31,3024.4219970224603
3.3120000000000003,3022.7793401978183
3.314,3021.1017764332787
3.3160000000000003,3019.4050942640038
3.318,3017.7035626222196
3.3200000000000003,3016.010508775501
3.322,3014.339952674782
3.3240000000000003,3012.689567111272
3.326,3011.0594177005783
3.3280000000000003,3009.4467013503113
3.33,3007.8478048594397
3.332,3006.2598345336082
3.334,3004.681862669646
3.336,3003.1165242182287
3.338,3001.570790884838
3.34,3000.0563641563667
3.342,2998.5896508212936
3.344,2997.1904376619586
3.346,2995.879551200433
3.348,2994.6755394293305
3.35,2993.5910894686176
3.352,2992.6296271434694
3.354,2991.7837266825873
3.356,2991.035217765729
3.358,2990.356784183287
3.36,2989.7162359282597
3.362,2989.0810190429147
3.364,2988.4229238784865
3.366,2987.7222337912544
3.368,2986.969957087685
3.37,2986.1690182639877
3.372,2985.332336460652
3.374,2984.4800888960303
3.376,2983.6366087205524
3.378,2982.8255229788483
3.38,2982.066534039432
3.382,2981.3729020183578
3.384,2980.7497806725023
3.386,2980.1942428015004
3.388,2979.695567031617
3.39,2979.2370531316897
3.392,2978.797657200327
3.394,2978.3529668095703
3.396,2977.87803441866
3.398,2977.3502987296833
3.4,2976.7493291027467
3.402,2976.0656336626294
3.404,2975.298582523839
3.406,2974.462141987433
3.408,2973.582591840351
3.41,2972.6961713924916
3.412,2971.845246564615
3.414,2971.0709443404658
3.416,2970.407857747129
3.418,2969.880691949653
3.42,2969.5011744405842
3.422,2969.2703376637664
3.424,2969.1818336495835
3.426,2969.2253531687543
3.428,2969.390738466649
3.43,2969.670677401548
3.432,2970.062294822777
3.434,2970.567998546569
3.436,2971.1960001088205
3.438,2971.95899275522
3.44,2972.872412190687
3.442,2973.9521438345546
3.444,2975.208886510999
3.446,2976.6444851620913
3.448,2978.2486679974745
3.45,2979.996382867861
3.452,2981.849353905403
3.454,2983.758433760246
3.456,2985.6693710462296
3.458,2987.52783119703
3.46,2989.283203295901
3.462,2990.894109637858
3.464,2992.3297473070934
3.466,2993.5706083299915
3.468,2994.6091649096074
3.47,2995.4475478863305
3.472,2996.0950910142583
3.474,2996.563778501567
3.476,2996.863865001424
3.478,2997.000670669544
3.48,2996.971815658934
3.482,2996.7684775902867
3.484,2996.3780479031466
3.486,2995.787320008615
3.488,2994.9855151912707
3.49,2993.965429452136
3.492,2992.7235594917775
3.494,2991.2597346270045
3.496,2989.577140657417
3.498,2987.6844951839407
3.5,2985.5965540298876
3.5020000000000002,2983.3381581772255
3.504,2980.940893766381
3.5060000000000002,2978.445110463964
3.508,2975.893096938385
3.5100000000000002,2973.3290519721527
3.512,2970.795570718948
3.5140000000000002,2968.3320943413505
3.516,2965.975519965204
3.5180000000000002,2963.7605777300128
3.52,2961.7210589189126
3.5220000000000002,2959.8900244520714
3.524,2958.300342254249
3.5260000000000002,2956.9852040930296
3.528,2955.975517625356
3.5300000000000002,2955.298965659022
3.532,2954.977855207253
3.5340000000000003,2955.023893378876
3.536,2955.4354846302367
3.5380000000000003,2956.1943484227127
3.54,2957.264126480786
3.5420000000000003,2958.5917312028105
3.544,2960.109372967524
3.5460000000000003,2961.741670795785
3.548,2963.4104590199777
3.5500000000000003,2965.039315729014
3.552,2966.5601994784174
3.5540000000000003,2967.9154813413907
3.556,2969.059608577452
3.5580000000000003,2969.9607931863616
3.56,2970.600233818526
3.5620000000000003,2970.9715484548706
3.564,2971.0806371688655
3.5660000000000003,2970.944590340302
3.568,2970.5908966140514
3.5700000000000003,2970.056409604593
3.572,2969.3848187157164
3.5740000000000003,2968.623843466885
3.576,2967.8202673732426
3.5780000000000003,2967.019465586158
3.58,2966.2578955805425
3.5820000000000003,2965.565155448122
3.584,2964.9605847127505
3.586,2964.4525032219494
3.588,2964.037479617177
3.59,2963.70107182331
3.592,2963.4190443445864
3.594,2963.160296461832
3.596,2962.8913612417764
3.598,2962.5823194077857
3.6,2962.2115742605947
3.602,2961.7699751317055
3.604,2961.2643072088485
3.606,2960.7158223327237
3.608,2960.158727730576
3.61,2959.6371110300784
3.612,2959.198559739125
3.614,2958.8899283339547
3.616,2958.7527423676365
3.618,2958.8205900016137
3.62,2959.1179573332447
3.622,2959.658557269746
3.624,2960.446924699163
3.626,2961.477356104133
3.628,2962.7318196232372
3.63,2964.181181565491
3.632,2965.784275619847
3.634,2967.4884043232432
3.636,2969.2342824596103
3.638,2970.9595986174972
3.64,2972.6038930580935
3.642,2974.113641377118
3.644,2975.4448166820584
3.646,2976.5650001226677
3.648,2977.4529005850723
3.65,2978.0979536045115
3.652,2978.500222564162
3.654,2978.6684640526837
3.656,2978.619657692886
3.658,2978.3789797670606
3.66,2977.976969790621
3.662,2977.4490653710536
3.664,2976.8355451779626
3.666,2976.1781841949255
3.668,2975.519400908339
3.67,2974.9001045857026
3.672,2974.355050185667
3.674,2973.910052466596
3.676,2973.5785665911603
3.678,2973.36225459278
3.68,2973.248954780068
3.682,2973.2198954628234
3.684,2973.250370546987
3.686,2973.3147085694227
3.688,2973.388182334537
3.69,2973.448548226818
3.692,2973.475687117632
3.694,2973.452150357356
3.696,2973.364185382006
3.698,2973.2027803709234
3.7,2972.964922417364
3.702,2972.653316876013
3.704,2972.275957565165
3.706,2971.8448876655825
3.708,2971.3738521022797
3.71,2970.8770523302496
3.712,2970.367713488419
3.714,2969.8567345142633
3.716,2969.3518450269266
3.718,2968.856693219582
3.72,2968.3707644793803
3.722,2967.8897871589666
3.724,2967.4069627339522
3.726,2966.915699322291
3.728,2966.4117440599534
3.73,2965.895270786309
3.732,2965.372163916303
3.734,2964.853489865872
3.736,2964.354257036815
3.738,2963.8901273082233
3.74,2963.4750489335133
3.742,2963.118912500362
3.744,2962.824254610369
3.746,2962.5857079890043
3.748,2962.3893969031215
3.75,2962.2132361953563
3.7520000000000002,2962.0289329771144
3.754,2961.8040892512477
3.7560000000000002,2961.5061144554975
3.758,2961.1046590097512
3.7600000000000002,2960.573997877761
3.762,2959.8959241436364
3.7640000000000002,2959.0612474741038
3.766,2958.070739005225
3.7680000000000002,2956.9358941490123
3.77,2955.6781856068123
3.7720000000000002,2954.327588920708
3.774,2952.9191075942335
3.7760000000000002,2951.4888390218384
3.778,2950.0697735329854
3.7800000000000002,2948.6883704048605
3.782,2947.363800443479
3.7840000000000003,2946.10781884376
3.786,2944.9249539851057
3.7880000000000003,2943.812952838416
3.79,2942.761624651322
3.7920000000000003,2941.75185239194
3.794,2940.755923636849
3.7960000000000003,2939.739869269956
3.798,2938.669135189234
3.8000000000000003,2937.513971561168
3.802,2936.2550137597896
3.8040000000000003,2934.886602221267
3.806,2933.415636692961
3.8080000000000003,2931.859021480076
3.81,2930.239808146155
3.8120000000000003,2928.58375341173
3.814,2926.917721662813
3.8160000000000003,2925.2691837059206
3.818,2923.666597649897
3.8200000000000003,2922.138814149979
3.822,2920.712728063181
3.8240000000000003,2919.4111768006273
3.826,2918.250354607064
3.8280000000000003,2917.2385817465283
3.83,2916.377230749641
3.8320000000000003,2915.6625448356363
3.834,2915.0879899960373
3.8360000000000003,2914.6449505689166
3.838,2914.3216797209966
3.84,2914.1017220886906
3.842,2913.9615670716285
3.844,2913.8696011776788
3.846,2913.7889968309405
3.848,2913.681501934316
3.85,2913.5132774363046
3.852,2913.260969950292
3.854,2912.914953196031
3.856,2912.481697331397
3.858,2911.9823507769806
3.86,2911.4508953276813
3.862,2910.9312723027547
3.864,2910.471598811585
3.866,2910.1192966968874
3.868,2909.914676307149
3.87,2909.8836636035035
3.872,2910.0338496389895
3.874,2910.3515494762423
3.876,2910.803779141713
3.878,2911.343060578657
3.88,2911.9147345277534
3.882,2912.465376328685
3.884,2912.9468973112116
3.886,2913.319218940296
3.888,2913.55090814856
3.89,2913.6174206566516
3.892,2913.5012486091755
3.894,2913.193146614734
3.896,2912.693371762874
3.898,2912.0125151687675
3.9,2911.1694307044727
3.902,2910.1882292176156
3.904,2909.0938745192975
3.906,2907.9088575366
3.908,2906.6528581164284
3.91,2905.3446171250876
3.912,2904.0053739076475
3.914,2902.660682799939
3.916,2901.3401581497383
3.918,2900.074181655885
3.92,2898.8895086622283
3.922,2897.805796816147
3.924,2896.827514997017
3.926,2895.975934167124
3.928,2895.2547669923183
3.93,2894.6702998105116
3.932,2894.232166588141
3.934,2893.9503243682198
3.936,2893.8302777741337
3.938,2893.8692869408414
3.94,2894.055165868851
3.942,2894.37023827249
3.944,2894.797235433478
3.946,2895.3258170497365
3.948,2895.957471955283
3.95,2896.7070353276126
3.952,2897.6004891347948
3.954,2898.669113295184
3.956,2899.9443774045367
3.958,2901.4503000950344
3.96,2903.1969051782053
3.962,2905.1763834978683
3.964,2907.358770383124
3.966,2909.692408138769
3.968,2912.106495660288
3.97,2914.5169150573556
3.972,2916.835313873556
3.974,2918.9755664881304
3.976,2920.8611750688433
3.978,2922.4293226991103
3.98,2923.631114525717
3.982,2924.433345613072
3.984,2924.818663777876
3.986,2924.785821827445
3.988,2924.352381574879
3.99,2923.5548013048597
3.992,2922.447283920819
3.994,2921.0981214032076
3.996,2919.5830302302816
3.998,2917.980148247544
4.0,2916.3627001314503
4.002,2914.7938159922637
4.0040000000000004,2913.325465959589
4.006,2911.994660309402
4.008,2910.8213347066558
4.01,2909.807964611263
4.0120000000000005,2908.937839899094
4.014,2908.176520633651
4.016,2907.47525941351
4.018,2906.77901235095
4.0200000000000005,2906.0365799206775
4.022,2905.2077374533483
4.024,2904.271586869729
4.026,2903.238688288553
4.0280000000000005,2902.116081991969
4.03,2900.9399461576077
4.032,2899.7547999275253
4.034,2898.607335481725
4.0360000000000005,2897.541780190955
4.038,2896.5971967625474
4.04,2895.8073374162686
4.042,2895.2003671145912
4.0440000000000005,2894.798638549498
4.046,2894.619211386067
4.048,2894.6739898151504
4.05,2894.9695963192157
4.0520000000000005,2895.5070536127228
4.054,2896.280295867763
4.056,2897.2743843442095
4.058,2898.4629894335303
4.0600000000000005,2899.806668001084
4.062,2901.252977458277
4.064,2902.737842122934
4.066,2904.1902690693723
4.0680000000000005,2905.5381794127725
4.07,2906.7135947901224
4.072,2907.6577693530694
4.074,2908.3237800644238
4.0760000000000005,2908.678084514695
4.078,2908.7013772934506
4.08,2908.389413990133
4.082,2907.7553207207498
4.0840000000000005,2906.830801315303
4.086,2905.666081316459
4.088,2904.328197709339
4.09,2902.8950967030614
4.0920000000000005,2901.4475258999532
4.094,2900.0594942972325
4.096,2898.7896190767465
4.098,2897.67572125095
4.1,2896.7316379825393
4.102,2895.949707419005
4.104,2895.3049875726333
4.106,2894.7645511293053
4.108,2894.2892309323233
4.11,2893.8441320043385
4.112,2893.4030944360534
4.114,2892.951829316602
4.116,2892.4879976148886
4.118,2892.0214483350865
4.12,2891.571492678416
4.122,2891.1515930673977
4.124,2890.7762963774458
4.126,2890.4533919675428
4.128,2890.1832006287814
4.13,2889.959557542166
4.132,2889.7728464992547
4.134,2889.612352037859
4.136,2889.4670304889587
4.138,2889.327626092162
4.14,2889.1871505727686
4.142,2889.0406155996134
4.144,2888.886824809615
4.146,2888.728863386076
4.148,2888.5732717703886
4.15,2888.4294807867495
4.152,2888.3073752546147
4.154,2888.214252095904
4.156,2888.152650997368
4.158,2888.1187508597372
4.16,2888.1015152318173
4.162,2888.0821308903955
4.164,2888.0347386875756
4.166,2887.9273851063444
4.168,2887.7231602779275
4.17,2887.382750315452
4.172,2886.8670389418594
4.174,2886.140606667319
4.176,2885.174772092972
4.178,2883.951059138567
4.18,2882.4661545584077
4.182,2880.7353495058537
4.184,2878.7960572223647
4.186,2876.7086338397385
4.188,2874.5519299210396
4.19,2872.4167654413563
4.192,2870.3943918437635
4.194,2868.566251880041
4.196,2866.997684203051
4.198,2865.7346029571268
4.2,2864.8063546852018
4.202,2864.2299739960313
4.204,2864.014230594474
4.206,2864.162926786051
4.208,2864.6693720860117
4.21,2865.5200605326168
4.212,2866.6894734443486
4.214,2868.1406041347977
4.216,2869.8268260339223
4.218,2871.6958311939297
4.22,2873.693050739819
4.222,2875.760745586755
4.224,2877.850667942148
4.226,2879.915853132519
4.228,2881.9137574892725
4.23,2883.806355813422
4.232,2885.559549640229
4.234,2887.142063094042
4.236,2888.5245271018534
4.238,2889.6790459138447
4.24,2890.5813658530624
4.242,2891.2137346738396
4.244,2891.568225198811
4.246,2891.6508864388074
4.248,2891.4825368052816
4.25,2891.0973682036283
4.252,2890.5386504461376
4.2540000000000004,2889.8523494941496
4.256,2889.0807824454037
4.258,2888.256618488205
4.26,2887.4002444846615
4.2620000000000005,2886.519619247785
4.264,2885.6137580348554
4.266,2884.6778684643714
4.268,2883.70877260912
4.2700000000000005,2882.7095520867933
4.272,2881.6915768255435
4.274,2880.6757932795495
4.276,2879.690012263422
4.2780000000000005,2878.7668984628763
4.28,2877.943058309762
4.282,2877.2849647853322
4.284,2876.7891309730876
4.2860000000000005,2876.475780799646
4.288,2876.3488622500977
4.29,2876.399990897555
4.292,2876.605971447666
4.2940000000000005,2876.9352694807826
4.296,2877.354745712427
4.298,2877.834960786717
4.3,2878.356575722098
4.3020000000000005,2878.9078605574637
4.304,2879.484884214574
4.306,2880.0873255819247
4.308,2880.7140461729496
4.3100000000000005,2881.3591358476006
4.312,2882.0108639219575
4.314,2882.650100104636
4.316,2883.248568214585
4.3180000000000005,2883.7706698964125
4.32,2884.1747660979245
4.322,2884.4159273733576
4.324,2884.452601022502
4.3260000000000005,2884.2511377309875
4.328,2883.7900233241917
4.33,2883.061145980378
4.332,2882.067958904763
4.3340000000000005,2880.8232560790016
4.336,2879.3443236749636
4.338,2877.6518912291895
4.34,2875.771644215145
4.3420000000000005,2873.7358191523927
4.344,2871.5856135764966
4.346,2869.3721375982823
4.348,2867.153221639182
4.3500000000000005,2864.9884081773425
4.352,2862.933717656635
4.354,2861.036796493675
4.356,2859.335923126863
4.358,2857.8614892524515
4.36,2856.639201975502
4.362,2855.693360402351
4.364,2855.048499551207
4.366,2854.728101806383
4.368,2854.7525836315517
4.37,2855.1364347214353
4.372,2855.8840384622595
4.374,2856.9879243546575
4.376,2858.4266210767078
4.378,2860.1625622553283
4.38,2862.1420639702633
4.382,2864.294903998721
4.384,2866.500116129408
4.386,2868.6937743330245
4.388,2870.784558531602
4.39,2872.6933871303618
4.392,2874.3535229852578
4.394,2875.716351430965
4.396,2876.7538011805404
4.398,2877.45600513352
4.4,2877.8298815870194
4.402,2877.898192328168
4.404,2877.6999402942697
4.406,2877.286124710253
4.408,2876.7155995717617
4.41,2876.049822599305
4.412,2875.3485892801127
4.414,2874.6619425243575
4.416,2874.028878565362
4.418,2873.478198077037
4.42,2873.025971758474
4.422,2872.6782606334973
4.424,2872.4318624537855
4.426,2872.2718502350886
4.428,2872.172731802441
4.43,2872.098739402987
4.432,2872.0087651895365
4.434,2871.86186507584
4.436,2871.623057715343
4.438,2871.271784713202
4.44,2870.8038775964633
4.442,2870.231868901023
4.444,2869.5814680426292
4.446,2868.8856421749024
4.448,2868.179169088973
4.45,2867.492212365571
4.452,2866.847649617769
4.454,2866.259566648217
4.456,2865.732765444277
4.458,2865.2637054891347
4.46,2864.8403577781996
4.462,2864.444556564955
4.464,2864.052865166551
4.466,2863.636438289083
4.468,2863.164639020454
4.47,2862.6104382504845
4.472,2861.942300828098
4.474,2861.1352751455042
4.476,2860.169957336684
4.478,2859.0334057776145
4.48,2857.725559523331
4.482,2856.262650541328
4.484,2854.6728519502126
4.486,2852.996270725892
4.488,2851.2832545815018
4.49,2849.592796556199
4.492,2847.9845314102818
4.494,2846.5175780059676
4.496,2845.2491286241952
4.498,2844.227554605416
4.5,2843.4919082810006
4.502,2843.0693559157685
4.5040000000000004,2842.9702443092265
4.506,2843.1877032835982
4.508,2843.696570685103
4.51,2844.4576680906544
4.5120000000000005,2845.4211685957016
4.514,2846.529234542148
4.516,2847.7241131616074
4.518,2848.9490248800385
4.5200000000000005,2850.149017589841
4.522,2851.2765066298
4.524,2852.292035103614
4.526,2853.1670709257573
4.5280000000000005,2853.887705064902
4.53,2854.4545538221155
4.532,2854.8821365964004
4.534,2855.1925642119104
4.5360000000000005,2855.4101868427024
4.538,2855.556447038772
4.54,2855.6427504692783
4.542,2855.6693539376774
4.5440000000000005,2855.6250138245146
4.546,2855.487891068609
4.548,2855.228143568772
4.55,2854.809800251447
4.5520000000000005,2854.1953087649863
4.554,2853.3486920068412
4.556,2852.2397439025626
4.558,2850.851034489074
4.5600000000000005,2849.1812132516766
4.562,2847.248735265955
4.564,2845.0924085969027
4.566,2842.7693530146303
4.5680000000000005,2840.353158669635
4.57,2837.9289645677313
4.572,2835.584581646907
4.574,2833.4157004871663
4.5760000000000005,2831.51288388577
4.578,2829.9590657341223
4.58,2828.8255432385517
4.582,2828.1625165696946
4.5840000000000005,2827.993449920079
4.586,2828.3187049791773
4.588,2829.1143027460566
4.59,2830.334346033763
4.5920000000000005,2831.9130385046265
4.594,2833.7700751192415
4.596,2835.813432499448
4.598,2837.943444174228
4.6000000000000005,2840.061246110488
4.602,2842.073704472546
4.604,2843.8994894112243
4.606,2845.475467017245
4.6080000000000005,2846.7577695378727
4.61,2847.7222794179306
4.612,2848.363805129414
4.614,2848.6941328857056
4.616,2848.7414924449663
4.618,2848.549334823238
4.62,2848.174990175699
4.622,2847.686934962103
4.624,2847.156479995492
4.626,2846.6502449908035
4.628,2846.2211342356077
4.63,2845.8986812441553
4.632,2845.6867381279058
4.634,2845.5636314790345
4.636,2845.487280782926
4.638,2845.402896306984
4.64,2845.2508554180977
4.642,2844.976256435327
4.644,2844.534821620879
4.646,2843.897776014163
4.648,2843.0560366621935
4.65,2842.019648201726
4.652,2840.8172698489952
4.654,2839.4900063029045
4.656,2838.086949148804
4.658,2836.6617497478496
4.66,2835.2645860645775
4.662,2833.9425716921187
4.664,2832.737891939693
4.666,2831.6863718853415
4.668,2830.8170852618678
4.67,2830.150625627061
4.672,2829.698082905599
4.674,2829.459556771345
4.676,2829.4232752790267
4.678,2829.567847449529
4.68,2829.8629922379155
4.682,2830.271172274108
4.684,2830.751560652797
4.686,2831.260578860617
4.688,2831.7532442720967
4.69,2832.1862300826283
4.692,2832.5189579089374
4.694,2832.7160059598555
4.696,2832.749194480488
4.698,2832.5989553239065
4.7,2832.255523491576
4.702,2831.7178090464413
4.704,2830.993743804719
4.706,2830.10059426685
4.708,2829.0633940127336
4.71,2827.915777537728
4.712,2826.699797028791
4.714,2825.4622688333247
4.716,2824.25180126844
4.718,2823.113548573185
4.72,2822.0829124124284
4.722,2821.1812328216865
4.724,2820.4125141780137
4.726,2819.765262105738
4.728,2819.2145962958084
4.73,2818.726466199242
4.732,2818.265831004864
4.734,2817.8010072383754
4.736,2817.309352879029
4.738,2816.782289153562
4.74,2816.2273623864853
4.742,2815.669501889271
4.744,2815.1475812883614
4.746,2814.710497336071
4.748,2814.4112052954256
4.75,2814.2977012100487
4.752,2814.408858491695
4.7540000000000004,2814.7690471147534
4.756,2815.386721411543
4.758,2816.2553032520036
4.76,2817.352473099081
4.7620000000000005,2818.644209241917
4.764,2820.085199298932
4.766,2821.6216514831453
4.768,2823.195574667496
4.7700000000000005,2824.7489775827316
4.772,2826.229285781866
4.774,2827.5946278463543
4.776,2828.8162872646126
4.7780000000000005,2829.880303029888
4.78,2830.786685899197
4.782,2831.546914416489
4.784,2832.180599780051
4.7860000000000005,2832.7108539697942
4.788,2833.160160154184
4.79,2833.5454903587633
4.792,2833.873758511095
4.7940000000000005,2834.1390673437595
4.796,2834.321418665823
4.798,2834.389315149805
4.8,2834.303965089891
4.8020000000000005,2834.0265795105734
4.804,2833.527453849811
4.806,2832.7916926143575
4.808,2831.824079786799
4.8100000000000005,2830.6496235178315
4.812,2829.3104516059097
4.814,2827.8609567242443
4.816,2826.360807561639
4.8180000000000005,2824.870986875005
4.82,2823.4493776643903
4.822,2822.145973870873
4.824,2821.001304839839
4.8260000000000005,2820.044001580891
4.828,2819.2822045522066
4.83,2818.713066936615
4.832,2818.320264794992
4.8340000000000005,2818.0773352021147
4.836,2817.9544091831776
4.838,2817.9318106442843
4.84,2817.9904394931013
4.8420000000000005,2818.1182267895606
4.844,2818.305624060244
4.846,2818.5430569325367
4.848,2818.8184681025004
4.8500000000000005,2819.117587758669
4.852,2819.4252412895503
4.854,2819.724521727296
4.856,2819.9965833096903
4.8580000000000005,2820.2204657679304
4.86,2820.372285565053
4.862,2820.4269435262836
4.864,2820.361512748104
4.866,2820.1587988427245
4.868,2819.810353537497
4.87,2819.3168371113566
4.872,2818.6872996844613
4.874,2817.9364592880142
4.876,2817.0811480212546
4.878,2816.1388838303164
4.88,2815.126602480579
4.882,2814.0596236275555
4.884,2812.9508056278146
4.886,2811.8086306115197
4.888,2810.6355188181974
4.89,2809.4264588661235
4.892,2808.169787389714
4.894,2806.8508199316652
4.896,2805.4566796196023
4.898,2803.9827010176477
4.9,2802.437137258341
4.902,2800.844355110354
4.904,2799.24498592979
4.906,2797.691884077583
4.908,2796.2461224450144
4.91,2794.9708712288084
4.912,2793.925204984764
4.914,2793.1593809378146
4.916,2792.7093121178514
4.918,2792.593148004758
4.92,2792.808014722382
4.922,2793.328210440141
4.924,2794.1079255523114
4.926,2795.0844918727707
4.928,2796.1835443423756
4.93,2797.3339945955913
4.932,2798.46578644803
4.934,2799.520164855898
4.936,2800.455314344005
4.938,2801.2471071251744
4.94,2801.879529926285
4.942,2802.354618644088
4.944,2802.6841529879603
4.946,2802.8894000327386
4.948,2802.998328427201
4.95,2803.042626644798
4.952,2803.0526578771755
4.954,2803.052971484539
4.956,2803.059436038492
4.958,2803.0778090500557
4.96,2803.105011645909
4.962,2803.1316551929376
4.964,2803.145259228181
4.966,2803.133116503708
4.968,2803.084088986801
4.97,2802.990150110127
4.972,2802.8472396999123
4.974,2802.6558550575814
4.976,2802.421258456679
4.978,2802.1527793045
4.98,2801.86279003323
4.982,2801.564129183069
4.984,2801.2673722329105
4.986,2800.978765635206
4.988,2800.6984099776423
4.99,2800.420087642751
4.992,2800.132167535923
4.994,2799.8194246305907
4.996,2799.4655432483887
4.998,2799.0553760372404
5.0,2798.5777525685007
5.002,2798.027875531208
5.0040000000000004,2797.409306422338
5.006,2796.735101776962
5.008,2796.0287445269355
5.01,2795.3223172197336
5.0120000000000005,2794.6540532167505
5.014,2794.0614971808886
5.016,2793.5865843342535
5.018,2793.255540625724
5.0200000000000005,2793.0910331776054
5.022,2793.104349722773
5.024,2793.2978050931997
5.026,2793.6672861767884
5.0280000000000005,2794.204646117477
5.03,2794.897005623085
5.032,2795.727075810787
5.034,2796.6732492230167
5.0360000000000005,2797.7086349774318
5.038,2798.802191005018
5.04,2799.920684437695
5.042,2801.0314568533713
5.0440000000000005,2802.1046433919846
5.046,2803.114537995823
5.048,2804.041249446041
5.05,2804.870544623133
5.0520000000000005,2805.593150781767
5.054,2806.2049762796496
5.056,2806.7061669393415
5.058,2807.0999885986525
5.0600000000000005,2807.3919326014206
5.062,2807.588455398699
5.064,2807.6960832984137
5.066,2807.720945592228
5.0680000000000005,2807.668759004106
5.07,2807.544928622321
5.072,2807.3542216227156
5.074,2807.1000201951924
5.0760000000000005,2806.7834969925552
5.078,2806.402750460745
5.08,2805.9529640373244
5.082,2805.4272162767843
5.0840000000000005,2804.8173106407635
5.086,2804.114629650942
5.088,2803.3099747644387
5.09,2802.392394754105
5.0920000000000005,2801.3483246757014
5.094,2800.1610110127012
5.096,2798.812279012882
5.098,2797.285795661196
5.1000000000000005,2795.5711416751687
5.102,2793.6704044487537
5.104,2791.6024518021154
5.106,2789.405476334393
5.1080000000000005,2787.1394813778134
5.11,2784.8822333876114
5.112,2782.7244811131163
5.114,2780.761116999057
5.1160000000000005,2779.0848212097303
5.118,2777.767644823602
5.12,2776.8691360553357
5.122,2776.4195000560376
5.124,2776.425453047744
5.126,2776.868484087352
5.128,2777.7074379061237
5.13,2778.8813349128704
5.132,2780.315335542195
5.134,2781.9275777096723
5.136,2783.636148004828
5.138,2785.367165433249
5.14,2787.0591982622027
5.142,2788.6653378658452
5.144,2790.15220449129
5.146,2791.4969918293523
5.148,2792.6844012279576
5.15,2793.7035946591022
5.152,2794.5464187486405
5.154,2795.205892898516
5.156,2795.6765013780414
5.158,2795.9547348800065
5.16,2796.0401783476063
5.162,2795.9395355758606
5.164,2795.6689658675477
5.166,2795.255469861553
5.168,2794.736050840223
5.17,2794.153361586561
5.172,2793.551035775715
5.174,2792.9571754084045
5.176,2792.4233340567184
5.178,2791.9810409554893
5.18,2791.6327781629925
5.182,2791.3774562430635
5.184,2791.206286728695
5.186,2791.100217024342
5.188,2791.029025183988
5.19,2790.953083033359
5.192,2790.8214283545485
5.194,2790.588359617939
5.196,2790.212649331426
5.198,2789.67182021017
5.2,2788.963970004993
5.202,2788.109638579637
5.204,2787.149166184188
5.206,2786.1372650444737
5.208,2785.137665765429
5.21,2784.214374074333
5.212,2783.424919726988
5.214,2782.814095540658
5.216,2782.40885781211
5.218,2782.216839853546
5.22,2782.225609188444
5.222,2782.40681412755
5.224,2782.7203662403185
5.226,2783.117460385257
5.228,2783.546781663949
5.23,2783.9574820371404
5.232,2784.301325130782
5.234,2784.536360924402
5.236,2784.628061746514
5.238,2784.5504887247957
5.24,2784.2865479050342
5.242,2783.8269229858824
5.244,2783.1694763947867
5.246,2782.3174518953374
5.248,2781.2790424097657
5.25,2780.06844544067
5.252,2778.706179666725
5.2540000000000004,2777.2206385575096
5.256,2775.6501086499125
5.258,2774.0410430783368
5.26,2772.4462623481168
5.2620000000000005,2770.9222070993815
5.264,2769.521794013187
5.266,2768.289826190602
5.268,2767.258681661971
5.2700000000000005,2766.4454900902824
5.272,2765.8524722979028
5.274,2765.4667304151662
5.276,2765.276135322326
5.2780000000000005,2765.2248665709913
5.28,2765.252423048729
5.282,2765.314162882403
5.284,2765.363870623318
5.2860000000000005,2765.3620249045734
5.288,2765.2854463065087
5.29,2765.130601505208
5.292,2764.914244680234
5.2940000000000005,2764.677120506184
5.296,2764.4680116082304
5.298,2764.3465480584528
5.3,2764.365374960008
5.3020000000000005,2764.567090781092
5.304,2764.9812030184385
5.306,2765.6176473596947
5.308,2766.468503968108
5.3100000000000005,2767.5087007301654
5.312,2768.698318555817
5.314,2769.987890697948
5.316,2771.3228551539482
5.3180000000000005,2772.651820547853
5.32,2773.9301950754816
5.322,2775.1218720541433
5.324,2776.201635270795
5.3260000000000005,2777.1527630129526
5.328,2777.965494197038
5.33,2778.636662862234
5.332,2779.1686298768004
5.3340000000000005,2779.5691204060386
5.336,2779.8490653018803
5.338,2780.0203243755136
5.34,2780.093381348789
5.3420000000000005,2780.074156231775
5.344,2779.964367598754
5.346,2779.7632110660675
5.348,2779.4700082729114
5.3500000000000005,2779.086919736173
5.352,2778.6196901879084
5.354,2778.076463487857
5.356,2777.4649889211264
5.3580000000000005,2776.7896314819686
5.36,2776.0500494679272
5.362,2775.2412875738755
5.364,2774.355024160318
5.3660000000000005,2773.381896745488
5.368,2772.312676712046
5.37,2771.1389149752144
5.372,2769.8538658541092
5.3740000000000006,2768.4533839510746
5.376,2766.938434936248
5.378,2765.318720270779
5.38,2763.615265403974
5.382,2761.862782063102
5.384,2760.106315122428
5.386,2758.397633868622
5.388,2756.789749472122
5.39,2755.328301298334
5.392,2754.046644584745
5.394,2752.961014985435
5.396,2752.0697809823846
5.398,2751.3543474443613
5.4,2750.780279023696
5.402,2750.3052533430214
5.404,2749.88334615128
5.406,2749.469699871587
5.408,2749.029048630634
5.41,2748.53808803711
5.412,2747.987780426133
5.414,2747.3829083448286
5.416,2746.738840897207
5.418,2746.0783929138697
5.42,2745.4247523391464
5.422,2744.7984179926398
5.424,2744.215464242721
5.426,2743.6851359564766
5.428,2743.2115222232014
5.43,2742.7949361541155
5.432,2742.43300650811
5.434,2742.122037261101
5.436,2741.857576198753
5.438,2741.635515467127
5.44,2741.452574641388
5.442,2741.3066974146723
5.444,2741.197794229503
5.446,2741.1275144389942
5.448,2741.09852261568
5.45,2741.1133547921763
5.452,2741.1730306569443
5.454,2741.275907531497
5.456,2741.417021116994
5.458,2741.5881018544824
5.46,2741.7780251503164
5.462,2741.973842320785
5.464,2742.1617513251385
5.466,2742.3280701515664
5.468,2742.4609698636295
5.47,2742.5513528084357
5.472,2742.5938645339074
5.474,2742.5875564696794
5.476,2742.535799315886
5.478,2742.446298525399
5.48,2742.329085825139
5.482,2742.1958848431254
5.484,2742.0592586548073
5.486,2741.931122110441
5.488,2741.8219676990198
5.49,2741.739600987104
5.492,2741.687222187173
5.494,2741.662826422602
5.496,2741.6591274070483
5.498,2741.6646048207217
5.5,2741.6657499169005
5.502,2741.6494555147574
5.5040000000000004,2741.6049330673864
5.506,2741.5244352278414
5.508,2741.402859644445
5.51,2741.2368639418164
5.5120000000000005,2741.023834770297
5.514,2740.761363004667
5.516,2740.4480555528107
5.518,2740.0840902652462
5.5200000000000005,2739.6721795744947
5.522,2739.2185734248146
5.524,2738.7332819162566
5.526,2738.230091407621
5.5280000000000005,2737.7255616940593
5.53,2737.237711020309
5.532,2736.783945918936
5.534,2736.3780739186814
5.5360000000000005,2736.028076100783
5.538,2735.734343698386
5.54,2735.489744121313
5.542,2735.2811438126137
5.5440000000000005,2735.0918660756793
5.546,2734.9051665357692
5.548,2734.7059564140145
5.55,2734.4818167882477
5.5520000000000005,2734.223331017761
5.554,2733.9241804064404
5.556,2733.5800870066223
5.558,2733.1913821058365
5.5600000000000005,2732.762045757226
5.562,2732.3010760223688
5.564,2731.8220358828307
5.566,2731.3426937127806
5.5680000000000005,2730.8837370699625
5.57,2730.4665669310143
5.572,2730.111952422856
5.574,2729.8380936089247
5.5760000000000005,2729.65838733127
5.578,2729.5798596498316
5.58,2729.6015087596484
5.582,2729.713703635302
5.5840000000000005,2729.8982223868493
5.586,2730.1291246276824
5.588,2730.3754441504857
5.59,2730.6032806882617
5.5920000000000005,2730.7787156736613
5.594,2730.8716543900896
5.596,2730.858240913222
5.598,2730.7236584550474
5.6000000000000005,2730.463964667208
5.602,2730.086378844648
5.604,2729.608593430408
5.606,2729.055892380135
5.6080000000000005,2728.458227308078
5.61,2727.8466878589093
5.612,2727.2496490072676
5.614,2726.6908578861876
5.6160000000000005,2726.1877771780887
5.618,2725.7505263827006
5.62,2725.3821311622664
5.622,2725.0788010810707
5.6240000000000006,2724.8310959187293
5.626,2724.625190774927
5.628,2724.4443206879205
5.63,2724.270942459304
5.632,2724.087753010534
5.634,2723.87898952711
5.636,2723.631844575409
5.638,2723.337164120818
5.64,2722.9906163549854
5.642,2722.593227255567
5.644,2722.1515738857443
5.646,2721.6775464520665
5.648,2721.186841035557
5.65,2720.697731530142
5.652,2720.229282873635
5.654,2719.799237369228
5.656,2719.4218345466466
5.658,2719.1074043768704
5.66,2718.859196749561
5.662,2718.674998945869
5.664,2718.5474075734405
5.666,2718.465710623212
5.668,2718.417440326208
5.67,2718.389858875797
5.672,2718.370881174324
5.674,2718.3490094622653
5.676,2718.3134753776244
5.678,2718.2547253456805
5.68,2718.165286985539
5.682,2718.0410609500914
5.684,2717.88225843722
5.686,2717.6937805233397
5.688,2717.4847394296726
5.69,2717.2671703229985
5.692,2717.0549101559545
5.694,2716.862383569807
5.696,2716.7032279179207
5.698,2716.5895578531527
5.7,2716.530646961928
5.702,2716.5313310787456
5.704,2716.591085052963
5.706,2716.7032071070316
5.708,2716.8553013897613
5.71,2717.030283683492
5.712,2717.208128195051
5.714,2717.3680560305365
5.716,2717.4896625794645
5.718,2717.5541836746083
5.72,2717.545741440076
5.722,2717.452152117023
5.724,2717.2662233744268
5.726,2716.9867873686085
5.728,2716.619006314839
5.73,2716.1740920763623
5.732,2715.66790928627
5.734,2715.1196592169113
5.736,2714.549587945038
5.738,2713.9773403700297
5.74,2713.419949796996
5.742,2712.890402764922
5.744,2712.3965957161327
5.746,2711.9411851961922
5.748,2711.5217678900117
5.75,2711.1319090032475
5.752,2710.7622696762787
5.7540000000000004,2710.4020523632953
5.756,2710.040548366561
5.758,2709.6683147172544
5.76,2709.278632714366
5.7620000000000005,2708.868832365917
5.764,2708.441035663348
5.766,2708.002363048585
5.768,2707.5640481843516
5.7700000000000005,2707.1395518340314
5.772,2706.742195134115
5.774,2706.382813901834
5.776,2706.0682483683945
5.7780000000000005,2705.800715853854
5.78,2705.5782287319753
5.782,2705.3972951949927
5.784,2705.2494986420265
5.7860000000000005,2705.127694036913
5.788,2705.0258376757706
5.79,2704.940104224361
5.792,2704.8696431011886
5.7940000000000005,2704.8166891076703
5.796,2704.786048881415
5.798,2704.7838794660333
5.8,2704.8159950317768
5.8020000000000005,2704.8861032374402
5.804,2704.9945103374575
5.806,2705.137426193082
5.808,2705.3068659790983
5.8100000000000005,2705.491250913805
5.812,2705.676444259651
5.814,2705.847182039235
5.816,2705.9888346481353
5.8180000000000005,2706.0892609087214
5.82,2706.140901692647
5.822,2706.1420944884526
5.824,2706.0974944687227
5.8260000000000005,2706.0175209787208
5.828,2705.9164712239017
5.83,2705.81036085409
5.832,2705.7143124411555
5.8340000000000005,2705.640209657546
5.836,2705.5949481249827
5.838,2705.579713181762
5.84,2705.589622454639
5.8420000000000005,2705.6155557957263
5.844,2705.645913910875
5.846,2705.668805563155
5.848,2705.673638172668
5.8500000000000005,2705.651725405349
5.852,2705.5959206373605
5.854,2705.499788476869
5.856,2705.3570439798764
5.8580000000000005,2705.1617720311274
5.86,2704.9092772073545
5.862,2704.5973960277106
5.864,2704.2272643347246
5.8660000000000005,2703.8032124346087
5.868,2703.331813858446
5.87,2702.8204552295447
5.872,2702.2761792463793
5.8740000000000006,2701.7050443951725
5.876,2701.112227961956
5.878,2700.502488438806
5.88,2699.8807332616416
5.882000000000001,2699.2524249496296
5.884,2698.621899232549
5.886,2697.997567538589
5.888,2697.3875248254067
5.89,2696.80042401241
5.892,2696.244624568414
5.894,2695.726751160055
5.896,2695.250037395872
5.898,2694.812923698494
5.9,2694.408698439333
5.902,2694.0262556345974
5.904,2693.652253004567
5.906,2693.273813576451
5.908,2692.880839721623
5.91,2692.4677673542296
5.912,2692.034059398289
5.914,2691.5840580731315
5.916,2691.1257489263194
5.918,2690.6697177833234
5.92,2690.2280117047294
5.922,2689.812482570207
5.924,2689.433402940945
5.926,2689.098429595843
5.928,2688.8116904533217
5.93,2688.5735840357133
5.932,2688.38084044839
5.934,2688.2273768825207
5.936,2688.1052292119957
5.938,2688.0053544336524
5.94,2687.9188052388217
5.942,2687.8374253167835
5.944,2687.7540904766906
5.946,2687.6626228811715
5.948,2687.557511041048
5.95,2687.4336032537135
5.952,2687.2861767754052
5.954,2687.1115283714084
5.956,2686.9079721223793
5.958,2686.676690142389
5.96,2686.4220643678996
5.962,2686.1515298137642
5.964,2685.8743157479867
5.966,2685.5999273657117
5.968,2685.336579711706
5.97,2685.0898579931636
5.972,2684.862001966152
5.974,2684.6515351305643
5.976,2684.4537997813227
5.978,2684.2617418117766
5.98,2684.06700899596
5.982,2683.861817723771
5.984,2683.6347479977044
5.986,2683.390559220973
5.988,2683.1311231356663
5.99,2682.86118328825
5.992,2682.5871347758066
5.994,2682.3150061316987
5.996,2682.049078156777
5.998,2681.791351183189
6.0,2681.54148814988
6.002,2681.2976737331073
6.0040000000000004,2681.057600611559
6.006,2680.8191928175056
6.008,2680.581095505309
6.01,2680.342816359531
6.0120000000000005,2680.1051255632565
6.014,2679.8703560500253
6.016,2679.642443382696
6.018,2679.427337509618
6.0200000000000005,2679.2322218771264
6.022,2679.06473046041
6.024,2678.931663138424
6.026,2678.8379562983355
6.0280000000000005,2678.7861055986978
6.03,2678.7756829905306
6.032,2678.803434050882
6.034,2678.8635145912813
6.0360000000000005,2678.947536845752
6.038,2679.0448681910784
6.04,2679.1430529815784
6.042,2679.228744009789
6.0440000000000005,2679.2890463032127
6.046,2679.3128596754614
6.048,2679.2926391232227
6.05,2679.225222912954
6.0520000000000005,2679.1118994105714
6.054,2678.957929444218
6.056,2678.7712095399547
6.058,2678.560761862877
6.0600000000000005,2678.334993327742
6.062,2678.1002503369955
6.064,2677.859831769074
6.066,2677.6135071608333
6.0680000000000005,2677.3579311717863
6.07,2677.0876453399464
6.072,2676.7965839313943
6.074,2676.4795534882637
6.0760000000000005,2676.13343157281
6.078,2675.757939065524
6.08,2675.3556119034533
6.082,2674.933212205786
6.0840000000000005,2674.499507017046
6.086,2674.073097619075
6.088,2673.6612079288743
6.09,2673.275916581724
6.0920000000000005,2672.926886851058
6.094,2672.619743652407
6.096,2672.3542217642166
6.098,2672.125132670953
6.1000000000000005,2671.9236441511084
6.102,2671.739704025713
6.104,2671.564562884337
6.106,2671.3971696179065
6.1080000000000005,2671.229204300243
6.11,2671.063143865081
6.112,2670.904227824877
6.114,2670.759013317753
6.1160000000000005,2670.6335677682846
6.118,2670.5320461966703
6.12,2670.455934600447
6.122,2670.4036889409936
6.1240000000000006,2670.370913778063
6.126,2670.3512765196465
6.128,2670.337480749189
6.13,2670.3222505666054
6.132000000000001,2670.2991158067553
6.134,2670.262927944277
6.136,2670.2103742578524
6.138,2670.1398753397975
6.140000000000001,2670.0518814072593
6.142,2669.9491196474883
6.144,2669.8360647232744
6.146,2669.718536440455
6.148,2669.602643457556
6.15,2669.493294684687
6.152,2669.392728124198
6.154,2669.2991715730786
6.156,2669.206463929932
6.158,2669.1041557046406
6.16,2668.9784381662444
6.162,2668.814473043725
6.164,2668.5986829958747
6.166,2668.320944375563
6.168,2667.97687281178
6.17,2667.568477079358
6.172,2667.104041918425
6.174,2666.597189560954
6.176,2666.0651781235824
6.178,2665.5274833218277
6.18,2665.0038720205002
6.182,2664.5134130015713
6.184,2664.0717863415143
6.186,2663.691452993189
6.188,2663.3793912617675
6.19,2663.1367071383047
6.192,2662.9591127854155
6.194,2662.8384045294865
6.196,2662.7641708462083
6.198,2662.726520781875
6.2,2662.716923774035
6.202,2662.7289056234363
6.204,2662.757615551721
6.206,2662.799511942999
6.208,2662.846474819864
6.21,2662.902956819209
6.212,2662.968682414504
6.214,2663.044355278799
6.216,2663.1314660342955
6.218,2663.232207129459
6.22,2663.3496059790045
6.222,2663.4875388980463
6.224,2663.6509264104798
6.226,2663.845647976296
6.228,2664.077568547614
6.23,2664.3512955607916
6.232,2664.6684789512274
6.234,2665.0261124877134
6.236,2665.4157333534345
6.238,2665.8230813530854
6.24,2666.229571415596
6.242,2666.613931434107
6.244,2666.9540522140232
6.246,2667.2299875386893
6.248,2667.4253122909518
6.25,2667.52824448384
6.252,2667.5325190456006
6.2540000000000004,2667.4371938583954
6.256,2667.2467444469507
6.258,2666.9703698873327
6.26,2666.621499135412
6.2620000000000005,2666.2171770751515
6.264,2665.77609084459
6.266,2665.316965291996
6.268,2664.8572351559724
6.2700000000000005,2664.4110184719757
6.272,2663.988167180052
6.274,2663.5944395620218
6.276,2663.230285392094
6.2780000000000005,2662.892313902854
6.28,2662.5738172411493
6.282,2662.2664044258213
6.284,2661.961760112601
6.2860000000000005,2661.653367941168
6.288,2661.3384877298818
6.29,2661.018511178109
6.292,2660.6984511494916
6.2940000000000005,2660.385743555376
6.296,2660.0882063739623
6.298,2659.8121418968976
6.3,2659.5615142256033
6.3020000000000005,2659.3376935893643
6.304,2659.1398577446516
6.306,2658.966020857864
6.308,2658.813701650628
6.3100000000000005,2658.680447854102
6.312,2658.56391774315
6.314,2658.461960047422
6.316,2658.372738736061
6.3180000000000005,2658.2948088389903
6.32,2658.2271835335664
6.322,2658.169297184174
6.324,2658.120737661497
6.3260000000000005,2658.0808965086567
6.328,2658.048543871191
6.33,2658.021703227873
6.332,2657.9976581676283
6.3340000000000005,2657.9730712765136
6.336,2657.9443734869837
6.338,2657.9083608734504
6.34,2657.8631058516094
6.3420000000000005,2657.808341661903
6.344,2657.7461764088894
6.346,2657.681391931351
6.348,2657.6203549481816
6.3500000000000005,2657.5700658819965
6.352,2657.5369581739305
6.354,2657.5255624097144
6.356,2657.5380001571234
6.3580000000000005,2657.57373340794
6.36,2657.6297995629147
6.362,2657.7009755361696
6.364,2657.779769613924
6.3660000000000005,2657.8567230079407
6.368,2657.920784099113
6.37,2657.95957413168
6.372,2657.9603499590753
6.3740000000000006,2657.9111688852054
6.376,2657.80115665585
6.378,2657.6225283030694
6.38,2657.370409569541
6.382000000000001,2657.043473512649
6.384,2656.6443982780384
6.386,2656.1797844689236
6.388,2655.6599596372826
6.390000000000001,2655.0983599025094
6.392,2654.510337602448
6.394,2653.9117180566104
6.396,2653.317158459022
6.398000000000001,2652.738869482631
6.4,2652.1858805453644
6.402,2651.663970962879
6.404,2651.176208973862
6.406,2650.723733374844
6.408,2650.3063702860045
6.41,2649.923079597931
6.412,2649.572070483896
6.414,2649.2505553848737
6.416,2648.954882068021
6.418,2648.680833496928
6.42,2648.4241226856498
6.422,2648.181115188883
6.424,2647.9491831833056
6.426,2647.7271226017656
6.428,2647.514887014121
6.43,2647.313108154219
6.432,2647.123371142644
6.434,2646.9474508223993
6.436,2646.786722739182
6.438,2646.6423552320152
6.44,2646.514732172593
6.442,2646.403850126363
6.444,2646.3097024134577
6.446,2646.2390516284004
6.448,2646.199584182895
6.45,2646.205740547643
6.452,2646.2779042902953
6.454,2646.442277222385
6.456,2646.723748636016
6.458,2647.1441902012543
6.46,2647.719167825538
6.462,2648.4557230079463
6.464,2649.352882271047
6.466,2650.4025067968955
6.468,2651.590951400491
6.47,2652.9007497211946
6.472,2654.311529553547
6.474,2655.8008860680666
6.476,2657.344843334423
6.478,2658.918905465432
6.48,2660.499526162693
6.482,2662.0655162517464
6.484,2663.5997464758957
6.486,2665.0899523241105
6.488,2666.528971062652
6.49,2667.9140805352035
6.492,2669.2450646227876
6.494,2670.522338092337
6.496,2671.744962488372
6.498,2672.909299788379
6.5,2674.00862506215
6.502,2675.0335573071093
6.5040000000000004,2675.973556898891
6.506,2676.8179538913796
6.508,2677.5569786156266
6.51,2678.182569738235
6.5120000000000005,2678.688099314401
6.514,2679.0681245642254
6.516,2679.3179319059636
6.518,2679.4335954138755
6.5200000000000005,2679.412173333543
6.522,2679.2517197564425
6.524,2678.9522021147627
6.526,2678.5158915310276
6.5280000000000005,2677.9473910866154
6.53,2677.2540120820267
6.532,2676.446016131061
6.534,2675.536776053163
6.5360000000000005,2674.543092993852
6.538,2673.4858811779654
6.54,2672.3901584180594
6.542,2671.284747996485
6.5440000000000005,2670.201198734144
6.546,2669.172757091912
6.548,2668.225959273709
6.55,2667.385199435217
6.5520000000000005,2666.666094089411
6.554,2666.0746262660364
6.556,2665.6054833291437
6.558,2665.2479708202045
6.5600000000000005,2664.9876402111163
6.562,2664.8099568325324
6.564,2664.7030439563005
6.566,2664.657847682913
6.5680000000000005,2664.667032086051
6.57,2664.722352460308
6.572,2664.8124657406925
6.574,2664.9216408571165
6.5760000000000005,2665.030071492816
6.578,2665.1162267466716
6.58,2665.159833414435
6.582,2665.145172900276
6.5840000000000005,2665.063412127605
6.586,2664.9137158912804
6.588,2664.702820445031
6.59,2664.4429438868065
6.5920000000000005,2664.149116635933
6.594,2663.8363872195932
6.596,2663.5177979492237
6.598,2663.20358198813
6.6000000000000005,2662.901351195029
6.602,2662.6173543106456
6.604,2662.357651106477
6.606,2662.1282366652968
6.6080000000000005,2661.9349386941462
6.61,2661.781674245
6.612,2661.6678950000446
6.614,2661.5868408024476
6.6160000000000005,2661.524076395336
6.618,2661.4583401546693
6.62,2661.363856099978
6.622,2661.212423960321
6.6240000000000006,2660.9808221158346
6.626,2660.652289397689
6.628,2660.221115478157
6.63,2659.692216178013
6.632000000000001,2659.081482824224
6.634,2658.4125244479296
6.636,2657.7118156191173
6.638,2657.004658350147
6.640000000000001,2656.31065271611
6.642,2655.6408691792376
6.644,2654.9976277459195
6.646,2654.375607935022
6.648000000000001,2653.765094705527
6.65,2653.1553867715347
6.652,2652.5386354532775
6.654,2651.9128047169725
6.656000000000001,2651.2833227681963
6.658,2650.663816236411
6.66,2650.0746615930143
6.662,2649.5404811055046
6.664,2649.0855576358217
6.666,2648.7289207265053
6.668,2648.4805543754965
6.67,2648.3384926770004
6.672,2648.289455066802
6.674,2648.311442193581
6.676,2648.378046173785
6.678,2648.4635488143595
6.68,2648.546667087867
6.682,2648.6137113561167
6.684,2648.6595588817895
6.686,2648.6871022721098
6.688,2648.70599937717
6.69,2648.7299158878172
6.692,2648.7737514164282
6.694,2648.8507794867037
6.696,2648.970128687398
6.698,2649.135418433819
6.7,2649.3438990390337
6.702,2649.586775235312
6.704,2649.8499546657667
6.706,2650.1149023098637
6.708,2650.3599955826485
6.71,2650.561331238744
6.712,2650.6947117847158
6.714,2650.7385750106405
6.716,2650.6768227957646
6.718,2650.502346576533
6.72,2650.218807648247
6.722,2649.840457780089
6.724,2649.391594414911
6.726,2648.8997768366517
6.728,2648.393473760553
6.73,2647.895820188984
6.732,2647.423054803897
6.734,2646.9822328756686
6.736,2646.572241156191
6.738,2646.186431117986
6.74,2645.8154119015553
6.742,2645.450377335392
6.744,2645.0857698539726
6.746,2644.720667318041
6.748,2644.3596109461328
6.75,2644.0121338114936
6.752,2643.691906469369
6.7540000000000004,2643.4149058719036
6.756,2643.19706521599
6.758,2643.052322642066
6.76,2642.989715340487
6.7620000000000005,2643.011177169434
6.764,2643.1105369213087
6.766,2643.272637322675
6.768,2643.473941972702
6.7700000000000005,2643.684348767501
6.772,2643.868660572345
6.774,2643.9883346541815
6.776,2644.0032114916867
6.7780000000000005,2643.8722644711734
6.78,2643.5548828654414
6.782,2643.012492763559
6.784,2642.210564130655
6.7860000000000005,2641.1207749714426
6.788,2639.721860412083
6.79,2638.000241113157
6.792,2635.949015356171
6.7940000000000005,2633.56570374079
6.796,2630.8510657078905
6.798,2627.808293936351
6.8,2624.443265272309
6.8020000000000005,2620.766914685052
6.804,2616.7942354036854
6.806,2612.541492570781
6.808,2608.0392228576547
6.8100000000000005,2603.315061550183
6.812,2598.3985333712267
6.814,2593.319258521427
6.816,2588.10440803745
6.8180000000000005,2582.775981367307
6.82,2577.3458792406846
6.822,2571.812821867083
6.824,2566.159716662268
6.8260000000000005,2560.3552511806283
6.828,2554.359775049694
6.83,2548.132518230499
6.832,2541.644311138284
6.8340000000000005,2534.8852329399588
6.836,2527.867808694842
6.838,2520.626603520246
6.84,2513.211003728979
6.8420000000000005,2505.6772483763243
6.844,2498.0794170558815
6.846,2490.464080456102
6.848,2482.8680488772643
6.8500000000000005,2475.3174566112716
6.852,2467.82932290632
6.854,2460.4128925690475
6.856,2453.07214965732
6.8580000000000005,2445.808447877617
6.86,2438.6224143624304
6.862,2431.5171255323407
6.864,2424.498784788949
6.8660000000000005,2417.5750562276658
6.868,2410.752822451415
6.87,2404.035049226835
6.872,2397.4176480085544
6.8740000000000006,2390.8887795818778
6.876,2384.43075380698
6.878,2378.022698902587
6.88,2371.645041532637
6.882000000000001,2365.283037265505
6.884,2358.9291416550486
6.886,2352.584629454378
6.888,2346.259136989334
6.890000000000001,2339.9705771354356
6.892,2333.7440386046255
6.894,2327.609503280848
6.896,2321.6000783775803
6.898000000000001,2315.7480574565225
6.9,2310.0814003153682
6.902,2304.62093161255
6.904,2299.3764558447174
6.906000000000001,2294.348671980937
6.908,2289.534001491405
6.91,2284.9110179873096
6.912,2280.4560561825247
6.914,2276.1376200221953
6.916,2271.91628927739
6.918,2267.7458191448814
6.92,2263.575880571927
6.922,2259.3598569448445
6.924,2255.062088541297
6.926,2250.665756657265
6.928,2246.1772873565146
6.93,2241.625223053516
6.932,2237.056229041684
6.934,2232.5229536860516
6.936,2228.074517237012
6.938,2223.7494175330858
6.94,2219.570333999127
6.942,2215.545301974255
6.944,2211.669952744403
6.946,2207.9313380520757
6.948,2204.310275752673
6.95,2200.7826652777094
6.952,2197.3224169078285
6.954,2193.9048155855385
6.956,2190.511189698531
6.958,2187.1328413384726
6.96,2183.771739952263
6.962,2180.4382816466136
6.964,2177.144704597589
6.966,2173.8995978382304
6.968,2170.7044727206276
6.97,2167.5544969275497
6.972,2164.4418694684027
6.974,2161.3584892477606
6.976,2158.297917257443
6.978,2155.254007927245
6.98,2152.2190790628574
6.982,2149.184681293519
6.984,2146.14385968053
6.986,2143.096753785378
6.988,2140.048588532565
6.99,2137.016796456768
6.992,2134.01767371349
6.994,2131.0648205077164
6.996,2128.162252244584
6.998,2125.3016016675615
7.0,2122.463857432841
7.002,2119.62419045099
7.0040000000000004,2116.7569382422867
7.006,2113.841489723741
7.008,2110.8636867418822
7.01,2107.815140365948
7.0120000000000005,2104.692710258265
7.014,2101.49812028162
7.016,2098.2399739656666
7.018,2094.9362796274995
7.0200000000000005,2091.614540669834
7.022,2088.309661300901
7.024,2085.0574108912315
7.026,2081.8893856313066
7.0280000000000005,2078.8301345865407
7.03,2075.896504490001
7.032,2073.099307912316
7.034,2070.4437400224474
7.0360000000000005,2067.928253852675
7.038,2065.543107156978
7.04,2063.269473257172
7.042,2061.0821257113525
7.0440000000000005,2058.9527663072504
7.046,2056.8529683283427
7.048,2054.7575296652158
7.05,2052.6455374291154
7.0520000000000005,2050.5022341404697
7.054,2048.3215523734198
7.056,2046.1076115754045
7.058,2043.8749664591157
7.0600000000000005,2041.645405123621
7.062,2039.4443049577094
7.064,2037.2977786631002
7.066,2035.230211905335
7.0680000000000005,2033.2635811178347
7.07,2031.4155142729637
7.072,2029.6944029487352
7.074,2028.0954561390677
7.0760000000000005,2026.598614535922
7.078,2025.172870785891
7.08,2023.784156771715
7.082,2022.4044461120782
7.0840000000000005,2021.0185485083998
7.086,2019.6244551504678
7.088,2018.2288060942024
7.09,2016.8451512596773
7.0920000000000005,2015.4803145687524
7.094,2014.1402213729339
7.096,2012.8217476916093
7.098,2011.515168060409
7.1000000000000005,2010.2066435169636
7.102,2008.8817564109268
7.104,2007.5289280406464
7.106,2006.1411552800855
7.1080000000000005,2004.715736609422
7.11,2003.2534984931804
7.112,2001.7589086099924
7.114,2000.240488492674
7.1160000000000005,1998.7106780299107
7.118,1997.1838332317318
7.12,1995.6718337223174
7.122,1994.1811594434976
7.1240000000000006,1992.7119389658872
7.126,1991.261133792894
7.128,1989.8255693183055
7.13,1988.4033210970483
7.132000000000001,1986.9939055611214
7.134,1985.5963554529856
7.136,1984.208598436527
7.138,1982.8282668310585
7.140000000000001,1981.4539720289113
7.142,1980.0866163421153
7.144,1978.7282033489057
7.146,1977.3817355260783
7.148000000000001,1976.0515832188403
7.15,1974.7440836476756
7.152,1973.46887681335
7.154,1972.23871845736
7.156000000000001,1971.0668613840476
7.158,1969.963486005322
7.16,1968.9321865850713
7.162,1967.9690902350317
7.164000000000001,1967.0632644247532
7.166,1966.2003946748096
7.168,1965.3625656035474
7.17,1964.531400936074
7.172,1963.6847865078842
7.174,1962.8017403283907
7.176,1961.8659985332617
7.178,1960.8719316143383
7.18,1959.8277839219459
7.182,1958.7552625855083
7.184,1957.685695013026
7.186,1956.6512760409057
7.188,1955.6774433713788
7.19,1954.7752497064603
7.192,1953.9372733564512
7.194,1953.1383778818956
7.196,1952.34024712838
7.198,1951.5018561098536
7.2,1950.5875123633384
7.202,1949.5730337271111
7.204,1948.447797789383
7.206,1947.2121866623586
7.208,1945.874551720292
7.21,1944.448050369277
7.212,1942.949903969702
7.214,1941.401055111311
7.216,1939.8239934507305
7.218,1938.2397509817042
7.22,1936.6644161576269
7.222,1935.1073315628337
7.224,1933.5719385947282
7.226,1932.0583999320288
7.228,1930.5674277805244
7.23,1929.103510230551
7.232,1927.6775326423099
7.234,1926.3063432648744
7.236,1925.0093527301608
7.238,1923.8033653792045
7.24,1922.6982231325699
7.242,1921.6965785746513
7.244,1920.7956892508785
7.246,1919.9900803505514
7.248,1919.2727752430974
7.25,1918.6347467348983
7.252,1918.0634827918582
7.2540000000000004,1917.5414636328483
7.256,1917.046242562405
7.258,1916.554516623568
7.26,1916.0476557793174
7.2620000000000005,1915.517624902905
7.264,1914.969432759148
7.266,1914.4199475100693
7.268,1913.8913253230367
7.2700000000000005,1913.406737307531
7.272,1912.9823163840006
7.274,1912.6271916725302
7.276,1912.3412669739112
7.2780000000000005,1912.1191369923695
7.28,1911.9533256196596
7.282,1911.8357628255822
7.284,1911.7563552322254
7.2860000000000005,1911.700430439401
7.288,1911.6473849231552
7.29,1911.569955084697
7.292,1911.435817302194
7.2940000000000005,1911.2131147223445
7.296,1910.87665524034
7.298,1910.414187936607
7.3,1909.829546177124
7.3020000000000005,1909.1409976463453
7.304,1908.3771183554313
7.306,1907.5702835310558
7.308,1906.7513989271695
7.3100000000000005,1905.9462396982028
7.312,1905.1750815696341
7.314,1904.4551333411657
7.316,1903.8034242919514
7.3180000000000005,1903.238233785146
7.32,1902.778447657385
7.322,1902.4418507575738
7.324,1902.2414578770095
7.3260000000000005,1902.1843346881724
7.328,1902.271416164135
7.33,1902.4985965452233
7.332,1902.8589792178554
7.3340000000000005,1903.3434331659143
7.336,1903.9406965862922
7.338,1904.6363207436652
7.34,1905.412481395037
7.3420000000000005,1906.2499367811404
7.344,1907.1309729513307
7.346,1908.0444920620578
7.348,1908.990569410054
7.3500000000000005,1909.9835674411363
7.352,1911.048278605486
7.354,1912.2157088120184
7.356,1913.5172592748904
7.3580000000000005,1914.9770966475382
7.36,1916.6034011517784
7.362,1918.3849471584576
7.364,1920.287836692002
7.3660000000000005,1922.2559214147984
7.368,1924.2137376194503
7.37,1926.069617991985
7.372,1927.7223421754286
7.3740000000000006,1929.0664837071672
7.376,1930.0008967226593
7.378,1930.4393108108868
7.38,1930.3158657684605
7.382000000000001,1929.5911463460711
7.384,1928.2540994369338
7.386,1926.318812038996
7.388,1923.8182714243667
7.390000000000001,1920.7940007273785
7.392,1917.2878130925174
7.394,1913.336239585579
7.396,1908.96879348448
7.398000000000001,1904.2105547895223
7.4,1899.087695710514
7.402,1893.6342619414886
7.404,1887.8973860473873
7.406000000000001,1881.9387414565049
7.408,1875.8291107548444
7.41,1869.6381669997518
7.412,1863.4199971742848
7.414000000000001,1857.1992383586296
7.416,1850.96196767108
7.418,1844.6555841666943
7.42,1838.20554718208
7.422000000000001,1831.5351988836665
7.424,1824.59482934558
7.426,1817.3911554139404
7.428,1809.9974598585363
7.43,1802.5563743784528
7.432,1795.2652751730222
7.434,1788.3539893173684
7.436,1782.0611331518874
7.438,1776.6105818937253
7.44,1772.2023746776522
7.442,1769.0044065596483
7.444,1767.1455294924897
7.446,1766.714544252154
7.448,1767.7530477176397
7.45,1770.250244416059
7.452,1774.1426518870703
7.454,1779.3204636144076
7.456,1785.6375412533237
7.458,1792.9245678319887
7.46,1801.0048018973578
7.462,1809.7088942147
7.464,1818.8811085109285
7.466,1828.3833326739214
7.468,1838.0951829251455
7.47,1847.9126957737321
7.472,1857.748116593114
7.474,1867.5295266031028
7.476,1877.2024811951883
7.478,1886.7309724703819
7.48,1896.0950841439828
7.482,1905.2878907922832
7.484,1914.307241698299
7.486,1923.1447412707946
7.488,1931.7781513178347
7.49,1940.165298904048
7.492,1948.2438603114608
7.494,1955.9374517263138
7.496,1963.1651430430477
7.498,1969.8510187038864
7.5,1975.9303602404552
7.502,1981.349061785563
7.5040000000000004,1986.0565477207272
7.506,1989.9968986226409
7.508,1993.1012689731842
7.51,1995.2890332236443
7.5120000000000005,1996.4767864413202
7.514,1996.5981611431462
7.516,1995.627455217587
7.518,1993.599827594601
7.5200000000000005,1990.6230355993982
7.522,1986.869835259034
7.524,1982.5653178072778
7.526,1977.95971391359
7.5280000000000005,1973.2975982155215
7.53,1968.7862242564702
7.532,1964.5843723630987
7.534,1960.7914237060047
7.5360000000000005,1957.448451158521
7.538,1954.5429210251143
7.54,1952.021005606895
7.542,1949.7945296194926
7.5440000000000005,1947.7531345560467
7.546,1945.7808964443973
7.548,1943.7664334136666
7.55,1941.6168348687618
7.5520000000000005,1939.267030450451
7.554,1936.680125968096
7.556,1933.8423451124202
7.558,1930.7509153323904
7.5600000000000005,1927.4012971009324
7.562,1923.774817477517
7.564,1919.832840721915
7.566,1915.517340599062
7.5680000000000005,1910.7580348472222
7.57,1905.4831962048368
7.572,1899.6277264419944
7.574,1893.144518594237
7.5760000000000005,1886.010551075978
7.578,1878.2264150345566
7.58,1869.818040775182
7.582,1860.833848500794
7.5840000000000005,1851.3391081254872
7.586,1841.414121663151
7.588,1831.1520862144966
7.59,1820.6572883778454
7.5920000000000005,1810.0463452670497
7.594,1799.4480393998924
7.596,1789.0013670547298
7.598,1778.8501444862982
7.6000000000000005,1769.1361111491337
7.602,1759.9944802725458
7.604,1751.5479902690918
7.606,1743.9045851902858
7.6080000000000005,1737.1593981171882
7.61,1731.3938926689157
7.612,1726.6749442947591
7.614,1723.054751823848
7.6160000000000005,1720.5678378359448
7.618,1719.2302833249792
7.62,1719.0418540475703
7.622,1719.9880205742013
7.6240000000000006,1722.0429993958378
7.626,1725.1714243791098
7.628,1729.327508479968
7.63,1734.450739713866
7.632000000000001,1740.4766705750449
7.634,1747.3280774000204
7.636,1754.9192179935721
7.638,1763.1578702429995
7.640000000000001,1771.9438304358334
7.642,1781.1655612285067
7.644,1790.696493063497
7.646,1800.389725156162
7.648000000000001,1810.0772280969747
7.65,1819.571398669912
7.652,1828.6717951191383
7.654,1837.174506397192
7.656000000000001,1844.8786162541473
7.658,1851.5975207481529
7.66,1857.166632861083
7.662,1861.4475242016083
7.664000000000001,1864.3333569891543
7.666,1865.7498516574437
7.668,1865.6565349692908
7.67,1864.0448511122545
7.672000000000001,1860.9348462305002
7.674,1856.3749308965698
7.676,1850.4373642111184
7.678,1843.2154595700185
7.68,1834.8237464613155
7.682,1825.3940597727824
7.684,1815.0719086138556
7.686,1804.0121469053374
7.688,1792.3704473135983
7.69,1780.2946815855355
7.692,1767.9150074461568
7.694,1755.3390763996904
7.696,1742.6540071337502
7.698,1729.929672153068
7.7,1717.236162918406
7.702,1704.6611716883283
7.704,1692.3199300747292
7.706,1680.3658139049041
7.708,1668.9722432667506
7.71,1658.3678787527995
7.712,1648.7668124315173
7.714,1640.3712440756715
7.716,1633.3626841873142
7.718,1627.8918306461237
7.72,1624.0787508757974
7.722,1622.0139065149865
7.724,1621.7521270484256
7.726,1623.311358630345
7.728,1626.6709313449317
7.73,1631.7699535151758
7.732,1638.5129077034273
7.734,1646.7748824036335
7.736,1656.4069131812973
7.738,1667.2407108327805
7.74,1679.090577311971
7.742,1691.7562510519062
7.744,1705.0295609447448
7.746,1718.7032207513348
7.748,1732.5792277539717
7.75,1746.475604959691
7.752,1760.2294182563544
7.7540000000000004,1773.6909992562264
7.756,1786.7156277632605
7.758,1799.15627256264
7.76,1810.8588440747135
7.7620000000000005,1821.6631495947552
7.764,1831.408280442774
7.766,1839.9459897581235
7.768,1847.1505462646733
7.7700000000000005,1852.9255829076687
7.772,1857.2099581894581
7.774,1859.9742400631553
7.776,1861.2145595844247
7.7780000000000005,1860.942771411256
7.78,1859.1761672196167
7.782,1855.9304570213335
7.784,1851.2154677619626
7.7860000000000005,1845.0368234996363
7.788,1837.4028526807424
7.79,1828.3378142508157
7.792,1817.8951462895793
7.7940000000000005,1806.1720245373358
7.796,1793.3204078280276
7.798,1779.5478209072346
7.8,1765.1151512203694
7.8020000000000005,1750.3199922749204
7.804,1735.4747448606208
7.806,1720.8864344574001
7.808,1706.8312261018457
7.8100000000000005,1693.5579969398093
7.812,1681.2308281789428
7.814,1669.9789045126756
7.816,1659.8886641523263
7.8180000000000005,1651.0083897036307
7.82,1643.3566130745035
7.822,1636.9241431143846
7.824,1631.6728232017774
7.8260000000000005,1627.5407993725526
7.828,1624.446602336001
7.83,1622.2932400944824
7.832,1620.9787319538507
7.8340000000000005,1620.400282087038
7.836,1620.4540742347576
7.838,1621.0397646790857
7.84,1622.059868768596
7.8420000000000005,1623.4185483048248
7.844,1625.0281010077292
7.846,1626.8104036200573
7.848,1628.6977922623362
7.8500000000000005,1630.6356463977602
7.852,1632.5805098842243
7.854,1634.500580328079
7.856,1636.372934734043
7.8580000000000005,1638.1826290823376
7.86,1639.925099842244
7.862,1641.5978894597347
7.864,1643.197015731776
7.8660000000000005,1644.8101291121743
7.868,1646.2917998791343
7.87,1647.5909207608852
7.872,1648.6349055966593
7.8740000000000006,1649.3308787718065
7.876,1649.5722744838624
7.878,1649.2452670046216
7.88,1648.2461456162887
7.882000000000001,1646.494163299784
7.884,1643.9404954803167
7.886,1640.588389316568
7.888,1636.498682416415
7.890000000000001,1631.796372875107
7.892,1626.65847653598
7.894,1621.3050488808904
7.896,1615.987119367934
7.898000000000001,1610.9580874768549
7.9,1606.4551049276286
7.902,1602.6843354618672
7.904,1599.798168006344
7.906000000000001,1597.8933938758005
7.908,1597.0105155973245
7.91,1597.1313749243395
7.912,1598.1871898051816
7.914000000000001,1600.0612861621958
7.916,1602.5951886724815
7.918,1605.5961149568302
7.92,1608.84119126288
7.922000000000001,1612.097255741967
7.924,1615.1342339515425
7.926,1617.7379520416137
7.928,1619.740422264203
7.930000000000001,1621.0311823630695
7.932,1621.5695352864143
7.934,1621.3991150225643
7.936,1620.6427670842095
7.938,1619.4988466017685
7.94,1618.2166714179627
7.942,1617.0703302869538
7.944,1616.3339442212437
7.946,1616.233842108025
7.948,1616.9282583159284
7.95,1618.4920706549794
7.952,1620.902484283794
7.954,1624.0516604195507
7.956,1627.7578579576796
7.958,1631.7905096536733
7.96,1635.8937151774815
7.962,1639.8036310023206
7.964,1643.2778748510243
7.966,1646.1061200422319
7.968,1647.9993840007442
7.97,1648.9347722916527
7.972,1648.842944466048
7.974,1647.698935115791
7.976,1645.5209280315107
7.978,1642.3665105416671
7.98,1638.3345140507097
7.982,1633.5645486131152
7.984,1628.2355217768713
7.986,1622.5687911490536
7.988,1616.8143160017826
7.99,1611.2382368002627
7.992,1606.1051073306207
7.994,1601.6575708293085
7.996,1598.0949349182868
7.998,1595.5541152434812
8.0,1594.0925010501862
8.002,1593.68616863476
8.004,1594.2297627067117
8.006,1595.5507009956511
8.008000000000001,1597.4241361765958
8.01,1599.5858342159233
8.012,1601.759404974709
8.014,1603.6710836231996
8.016,1605.0638866326071
8.018,1605.7234889006145
8.02,1605.4892677414684
8.022,1604.2682659508673
8.024000000000001,1602.05082283713
8.026,1598.914485446666
8.028,1595.0300522553512
8.03,1590.6515791575282
8.032,1586.10199712455
8.034,1581.755287918508
8.036,1577.9913219310483
8.038,1575.1615359280866
8.040000000000001,1573.5513052270053
8.042,1573.3341087137223
8.044,1574.555483847503
8.046,1577.1237746849908
8.048,1580.8257043946312
8.05,1585.3562619768977
8.052,1590.355253558196
8.054,1595.428660090519
8.056000000000001,1600.227099001058
8.058,1604.4209749082524
8.06,1607.766708692397
8.062,1610.0963528989716
8.064,1611.3269156368087
8.066,1611.4558685703923
8.068,1610.5861422306566
8.07,1608.8884574841686
8.072000000000001,1606.5933551044923
8.074,1603.9762333917456
8.076,1601.341500003562
8.078,1598.9850348966997
8.08,1597.176483322019
8.082,1596.1390303917358
8.084,1596.0181242522995
8.086,1596.8780079640596
8.088000000000001,1598.6944669375275
8.09,1601.3544539687132
8.092,1604.6668580135693
8.094,1608.3705538202573
8.096,1612.1679266757826
8.098,1615.7451084881216
8.1,1618.7941653782282
8.102,1621.0566510483782
8.104000000000001,1622.3341491370247
8.106,1622.4988291872264
8.108,1621.5023870578148
8.11,1619.3638273771214
8.112,1616.1608625435265
8.114,1612.0110452657532
8.116,1607.060338769315
8.118,1601.4784587890133
8.120000000000001,1595.4427289449338
8.122,1589.140409161108
8.124,1582.7719826936734
8.126,1576.5380797416935
8.128,1570.6388954784654
8.13,1565.26582383865
8.132,1560.5805620199055
8.134,1556.7017098050346
8.136000000000001,1553.6839104377805
8.138,1551.5086881800887
8.14,1550.0790262508176
8.142,1549.2160685724557
8.144,1548.6892368872598
8.146,1548.2346035277553
8.148,1547.5784010469881
8.15,1546.4796487322676
8.152000000000001,1544.7485811122663
8.154,1542.262091122976
8.156,1539.0123144730226
8.158,1535.0624299445637
8.16,1530.603709980054
8.162,1525.905224104625
8.164,1521.3153742641653
8.166,1517.2393014215443
8.168000000000001,1514.0978044609792
8.17,1512.2552677413614
8.172,1512.0040711749714
8.174,1513.5068617186016
8.176,1516.7752298710625
8.178,1521.6566719672544
8.18,1527.8553775537016
8.182,1534.9638984005073
8.184000000000001,1542.5053392013629
8.186,1550.0008834420198
8.188,1557.0117780350083
8.19,1563.1830171197457
8.192,1568.2831323606547
8.194,1572.2151086855056
8.196,1575.0228224851737
8.198,1576.8704081033015
8.2,1578.0157500867824
8.202,1578.7764819331217
8.204,1579.4730592344529
8.206,1580.396883155443
8.208,1581.7790514683147
8.21,1583.7612290002644
8.212,1586.3955497455004
8.214,1589.6463968537807
8.216,1593.4028534630083
8.218,1597.49701484427
8.22,1601.7206539733281
8.222,1605.8503257277055
8.224,1609.661606930868
8.226,1612.9424384517158
8.228,1615.5128837550108
8.23,1617.2293116998114
8.232,1617.9895492324058
8.234,1617.735431297917
8.236,1616.4634111969215
8.238,1614.1892146162572
8.24,1610.9711353591156
8.242,1606.8774810368843
8.244,1601.9954679978825
8.246,1596.4147669518109
8.248,1590.2459530832969
8.25,1583.6066606273394
8.252,1576.6303743457065
8.254,1569.4733308621558
8.256,1562.3193996040704
8.258000000000001,1555.3022929540216
8.26,1548.740849339895
8.262,1542.8654555405324
8.264,1537.8836680070945
8.266,1533.958820303878
8.268,1531.1841312261233
8.27,1529.5692815801751
8.272,1529.037146515008
8.274000000000001,1529.4292969238593
8.276,1530.5349669074797
8.278,1532.1173763844376
8.28,1533.944378269549
8.282,1535.8191499976992
8.284,1537.5968258365087
8.286,1539.1967424026907
8.288,1540.5981937930344
8.290000000000001,1541.8331155664532
8.292,1542.9741818511202
8.294,1544.1116581754504
8.296,1545.33762165466
8.298,1546.7294206736415
8.3,1548.3364168347719
8.302,1550.170921262622
8.304,1552.2018283095617
8.306000000000001,1554.36076590028
8.308,1556.5425698608178
8.31,1558.6101150316115
8.312,1560.4105244586974
8.314,1561.781440459179
8.316,1562.563976217793
8.318,1562.6218455016374
8.32,1561.854221246359
8.322000000000001,1560.2143986304884
8.324,1557.7220330850266
8.326,1554.4710951271852
8.328,1550.6333832738724
8.33,1546.440687750859
8.332,1542.1699188901807
8.334,1538.1168634034038
8.336,1534.5611036477187
8.338000000000001,1531.7277704787643
8.34,1529.7957307436254
8.342,1528.8523103522928
8.344,1528.921373774497
8.346,1529.953861172764
8.348,1531.8505641094014
8.35,1534.4578160649103
8.352,1537.5960729859103
8.354000000000001,1541.0699588175255
8.356,1544.677550699641
8.358,1548.2227052173869
8.36,1551.6202931471437
8.362,1554.643091305181
8.364,1557.173212527154
8.366,1559.1367510050914
8.368,1560.4957070549306
8.370000000000001,1561.2446858588557
8.372,1561.4060467447862
8.374,1561.0175474557145
8.376,1560.1267765067923
8.378,1558.7863053302228
8.38,1557.0501433581885
8.382,1554.973400797036
8.384,1552.6114352648995
8.386000000000001,1550.0236887230922
8.388,1547.2756904168475
8.39,1544.4368207050406
8.392,1541.5835504776323
8.394,1538.7958040274825
8.396,1536.1479083664171
8.398,1533.7074343877666
8.4,1531.5278234882733
8.402000000000001,1529.6411645387282
8.404,1528.0598126265509
8.406,1526.7761821880172
8.408,1525.7660678723628
8.41,1524.9955635840558
8.412,1524.4273591215087
8.414,1524.027655511132
8.416,1523.7773181144482
8.418000000000001,1523.6551028608492
8.42,1523.6795868886175
8.422,1523.8708808525175
8.424,1524.2780459260607
8.426,1524.9592706748974
8.428,1525.9743456156584
8.43,1527.3752796034692
8.432,1529.1933049969257
8.434000000000001,1531.4243209108374
8.436,1534.0202828852448
8.438,1536.889314483312
8.44,1539.8929104562549
8.442,1542.8521196954678
8.444,1545.5622766035983
8.446,1547.802247311689
8.448,1549.3526413095533
8.45,1550.0166922823776
8.452,1549.6376495533073
8.454,1548.1188217502197
8.456,1545.4340028129127
8.458,1541.6359339408034
8.46,1536.8541403331642
8.462,1531.2766750149847
8.464,1525.136694166491
8.466,1518.6866588136506
8.468,1512.170372121716
8.47,1505.8099632083865
8.472,1499.7917277975057
8.474,1494.2613142257294
8.476,1489.326690446247
8.478,1485.0626985878143
8.48,1481.5198196403167
8.482,1478.7293515231136
8.484,1476.7089970836234
8.486,1475.4676000421873
8.488,1475.0033376590004
8.49,1475.3031492851005
8.492,1476.3436820455388
8.494,1478.0891365148207
8.496,1480.4937317550812
8.498,1483.507484900446
8.5,1487.0791776805881
8.502,1491.1589842257379
8.504,1495.698676944664
8.506,1500.6480819544936
8.508000000000001,1505.9458009508708
8.51,1511.5097223645812
8.512,1517.230275503132
8.514,1522.9638519410798
8.516,1528.534618406144
8.518,1533.7363138616486
8.52,1538.3719389178368
8.522,1542.2346743330602
8.524000000000001,1545.164858257916
8.526,1547.0447812602736
8.528,1547.8237346833457
8.53,1547.517674819652
8.532,1546.2041015970167
8.534,1544.0086681873154
8.536,1541.0874328035104
8.538,1537.6089967646428
8.540000000000001,1533.7389407777328
8.542,1529.6313312098443
8.544,1525.4228959839775
8.546,1521.232087395003
8.548,1517.1632464619006
8.55,1513.306200079983
8.552,1509.7359609713244
8.554,1506.5136597373066
8.556000000000001,1503.6813676795664
8.558,1501.2593097270646
8.56,1499.2452511430292
8.562,1497.6133362063415
8.564,1496.3170382149938
8.566,1495.2927287735342
8.568,1494.466581989683
8.57,1493.7629436186237
8.572000000000001,1493.1106587577317
8.574,1492.452234462908
8.576,1491.749369567708
8.578,1490.9844836421212
8.58,1490.1609310835258
8.582,1489.2991054349939
8.584,1488.4313804884487
8.586,1487.596774601983
8.588000000000001,1486.8367712945455
8.59,1486.192699235933
8.592,1485.7044067312795
8.594,1485.4105334332453
8.596,1485.3440550701125
8.598,1485.530856871955
8.6,1485.9811818674696
8.602,1486.6825012852944
8.604000000000001,1487.5909387742404
8.606,1488.628755102396
8.608,1489.6796308154715
8.61,1490.5966981629904
8.612,1491.2139745458876
8.614,1491.3591660004163
8.616,1490.874817611046
8.618,1489.6363433040865
8.620000000000001,1487.568045010946
8.622,1484.655728808903
8.624,1480.9486609610556
8.626,1476.559413106406
8.628,1471.6518038302236
8.63,1466.4227876490925
8.632,1461.0878347748621
8.634,1455.8602948357304
8.636000000000001,1450.9359930080607
8.638,1446.4841279447091
8.64,1442.6405638178264
8.642,1439.5084170367
8.644,1437.1598432004212
8.646,1435.6394703951842
8.648,1434.9694139297367
8.65,1435.1503764819163
8.652000000000001,1436.1607499716235
8.654,1437.9567483822898
8.656,1440.4706009397842
8.658,1443.608439362078
8.66,1447.252811298925
8.662,1451.2656817147881
8.664,1455.4951819508308
8.666,1459.7856062460646
8.668000000000001,1463.9875122371102
8.67,1467.9726971617727
8.672,1471.6440893197457
8.674,1474.9424507663105
8.676,1477.8492202855934
8.678,1480.3790975536328
8.68,1482.5705452384989
8.682,1484.4709916778627
8.684000000000001,1486.124169350786
8.686,1487.5623938909096
8.688,1488.8010663596203
8.69,1489.8405611341598
8.692,1490.6706137714937
8.694,1491.2756402185464
8.696,1491.636671079802
8.698,1491.7329436760865
8.700000000000001,1491.5364686946803
8.702,1491.0096073730258
8.704,1490.0987831167774
8.706,1488.7375435729832
8.708,1486.8506255563498
8.71,1484.3637498737025
8.712,1481.2198146767876
8.714,1477.391383799931
8.716,1472.889948290353
8.718,1467.7743203299315
8.72,1462.1488761534472
8.722,1456.161038401324
8.724,1449.9904372465082
8.726,1443.8376067184918
8.728,1437.9157689934968
8.73,1432.4305202326864
8.732,1427.5680395664526
8.734,1423.4863958077992
8.736,1420.3007499997439
8.738,1418.0810952597255
8.74,1416.8518641246562
8.742,1416.5948881083355
8.744,1417.257550686778
8.746,1418.7586241644217
8.748,1421.0003577055056
8.75,1423.8750863088023
8.752,1427.2672424350724
8.754,1431.0589835722994
8.756,1435.1287598054396
8.758000000000001,1439.3494133989282
8.76,1443.591492926124
8.762,1447.7270702223286
8.764,1451.6373408362924
8.766,1455.22360418808
8.768,1458.415882636368
8.77,1461.178883511615
8.772,1463.5087518785876
8.774000000000001,1465.4234868265828
8.776,1466.9490007321956
8.778,1468.1035101902496
8.78,1468.8877060649663
8.782,1469.2846335344834
8.784,1469.258916214517
8.786,1468.7806316863778
8.788,1467.8270057778655
8.790000000000001,1466.39553007015
8.792,1464.5036690427494
8.794,1462.1849211186045
8.796,1459.477040287861
8.798,1456.4131953541755
8.8,1453.01810022414
8.802,1449.3054587024935
8.804,1445.2861885298355
8.806000000000001,1440.9801968457868
8.808,1436.4234951085896
8.81,1431.6756029098194
8.812,1426.822972925055
8.814,1421.9708727737723
8.816,1417.235714083632
8.818,1412.7359739364435
8.82,1408.580302965121
8.822000000000001,1404.8599668458949
8.824,1401.6413351330314
8.826,1398.9632627410797
8.828,1396.8353257967938
8.83,1395.2352834373362
8.832,1394.115769718894
8.834,1393.4093729839772
8.836,1393.0337255714394
8.838000000000001,1392.9037859253162
8.84,1392.939128224081
8.842,1393.0699091860517
8.844,1393.241881299455
8.846,1393.4157790112947
8.848,1393.5647409621183
8.85,1393.6676331660874
8.852,1393.7022555879755
8.854000000000001,1393.6396724810538
8.856,1393.4408313585147
8.858,1393.057631786224
8.86,1392.4366239623278
8.862,1391.5262516082598
8.864,1390.2833173225401
8.866,1388.6782565394822
8.868,1386.6974327671442
8.870000000000001,1384.3422209825262
8.872,1381.6274697795832
8.874,1378.5779610117027
8.876,1375.2268351711675
8.878,1371.6171243143253
8.88,1367.8011539319389
8.882,1363.841803906839
8.884,1359.807994503035
8.886000000000001,1355.7776763846227
8.888,1351.8187181135497
8.89,1347.990567292017
8.892,1344.3352101376008
8.894,1340.8759284587936
8.896,1337.6169182066217
8.898,1334.5476585421125
8.9,1331.6460393594423
8.902000000000001,1328.87964640072
8.904,1326.2104785361234
8.906,1323.5955923773427
8.908,1320.9883218324617
8.91,1318.3453717628233
8.912,1315.6307991546796
8.914,1312.8213784118095
8.916,1309.912067546543
8.918000000000001,1306.9162230277911
8.92,1303.864268219506
8.922,1300.7972683297185
8.924,1297.7602355485637
8.926,1294.7957157313485
8.928,1291.936962479621
8.93,1289.2057306159443
8.932,1255.7777338593987
8.934000000000001,1228.8473322380778
8.936,1208.1548863662229
8.938,1193.4396745054344
8.94,1184.4404666489663
8.942,1180.8950737216255
8.944,1182.540667644266
8.946,1189.1144346697167
8.948,1200.3541866848464
8.950000000000001,1215.9986927364876
8.952,1235.7865299608195
8.954,1259.4546612492568
8.956,1286.7368642784743
8.958,1317.3627777754796
8.96,1351.0588315949649
8.962,1387.550544717397
8.964,1426.5660130821616
8.966,1467.8389928617185
8.968,1511.1109046653519
8.97,1556.13055487667
8.972,1602.6520825414827
8.974,1650.4320010762135
8.976,1699.225211166292
8.978,1748.7825813560487
8.98,1798.8495647842765
8.982,1849.1657890531144
8.984,1899.4659681781714
8.986,1949.480859253372
8.988,1998.9389250834192
8.99,2047.5673228026944
8.992,2095.092345503934
8.994,2141.24015450717
8.996,2185.7362903268013
8.998,2228.304918079911
9.0,2268.6685215753146
9.002,2306.5474486498856
9.004,2341.6605578292792
9.006,2373.7267119007715
9.008000000000001,2402.4670090336363
9.01,2427.6080088707868
9.012,2448.8830526412444
9.014,2466.0337437372486
9.016,2478.8103638047246
9.018,2486.96886046174
9.02,2490.268813366313
9.022,2488.4704624367814
9.024000000000001,2481.331741748438
9.026,2468.606718329895
9.028,2450.043717021988
9.03,2425.385278313791
9.032,2394.367028297756
9.034,2394.236360815683
9.036,2394.2172698712875
9.038,2394.3002597764557
9.040000000000001,2394.4654803268036
9.042,2394.686509146559
9.044,2394.9349765546685
9.046,2395.184573372255
9.048,2395.4133730162334
9.05,2395.6042447564714
9.052,2395.74399597939
9.054,2395.822320562661
9.056000000000001,2395.8314726362073
9.058,2395.7669787079053
9.06,2395.6290016332964
9.062,2395.423540578015
9.064,2395.1626728645706
9.066,2394.863445213334
9.068,2394.5455636567567
9.07,2394.228454627307
9.072000000000001,2393.928423994508
9.074,2393.656531222285
9.076,2393.4175324035255
9.078,2393.2099549030313
9.08,2393.027132711726
9.082,2392.8588847147366
9.084,2392.6934464075307
9.086,2392.5192525907933
9.088000000000001,2392.326222279905
9.09,2392.1063346401943
9.092,2391.8534923309094
9.094,2391.5628937400984
9.096,2391.2303071873603
9.098,2390.8516841918827
9.1,2390.4234216058285
9.102,2389.943318679949
9.104000000000001,2389.41197841619
9.106,2388.8341807478955
9.108,2388.219686057624
9.11,2387.5830537798756
9.112,2386.9423634738064
9.114,2386.3170976894044
9.116,2385.7257234908475
9.118,2385.183558996462
9.120000000000001,2384.7013143572594
9.122,2384.28436876561
9.124,2383.9325701727334
9.126,2383.640270101985
9.128,2383.3964691745036
9.13,2383.185248089285
9.132,2382.9868823633656
9.134,2382.7799867709546
9.136000000000001,2382.544672158001
9.138,2382.2661875714525
9.14,2381.938120187792
9.142,2381.5641498850946
9.144,2381.157690409629
9.146,2380.7393982762287
9.148,2380.3332296615285
9.15,2379.962160363173
9.152000000000001,2379.6446727382445
9.154,2379.392718884502
9.156,2379.2113232237425
9.158,2379.099513456487
9.16,2379.051988052801
9.162,2379.060871729792
9.164,2379.117038566735
9.166,2379.210713540159
9.168000000000001,2379.331320843379
9.17,2379.466786505447
9.172,2379.602699645152
9.174,2379.7218654208846
9.176,2379.8047917545873
9.178,2379.8314643369145
9.18,2379.784349930669
9.182,2379.652041156515
9.184000000000001,2379.4325616005995
9.186,2379.13530552041
9.188,2378.7809336227056
9.19,2378.39913748107
9.192,2378.024777235299
9.194,2377.693275355234
9.196,2377.4362183374906
9.198,2377.2779068746972
9.200000000000001,2377.233206706671
9.202,2377.306652343049
9.204,2377.4925242127765
9.206,2377.7756281750917
9.208,2378.1326663197415
9.21,2378.5342318687062
9.212,2378.947452505041
9.214,2379.339127213349
9.216000000000001,2379.6789654607883
9.218,2379.942403790028
9.22,2380.1125409123747
9.222,2380.180976332322
9.224,2380.1476368784297
9.226,2380.019884804388
9.228,2379.811230805477
9.23,2379.5398374085476
9.232,2379.226814114678
9.234,2378.8942393190596
9.236,2378.562966268791
9.238,2378.250484869005
9.24,2377.9692399148907
9.242,2377.7257436750897
9.244,2377.5205989122314
9.246,2377.3492855502345
9.248,2377.2033899674943
9.25,2377.071951508415
9.252,2376.942748970217
9.254,2376.8035434396365
9.256,2376.643401446665
9.258000000000001,2376.4541491257482
9.26,2376.2317656157215
9.262,2375.9772764452923
9.264,2375.696673705554
9.266,2375.3996558841195
9.268,2375.0974320028504
9.27,2374.8002483240953
9.272,2374.5154609572373
9.274000000000001,2374.2467885880465
9.276,2373.994893316849
9.278,2373.758868416028
9.28,2373.5378396078395
9.282,2373.3319043294896
9.284,2373.1420136607726
9.286,2372.968913350053
9.288,2372.811647393555
9.290000000000001,2372.666264967046
9.292,2372.5252792413244
9.294,2372.378193637753
9.296,2372.2131269912506
9.298,2372.0192875960406
9.3,2371.7897957688174
9.302,2371.524189353436
9.304,2371.229939663637
9.306000000000001,2370.922482119417
9.308,2370.623581342773
9.31,2370.358228918871
9.312,2370.15064330594
9.314,2370.0202450793076
9.316,2369.9786099129788
9.318,2370.0281991947604
9.32,2370.163080626253
9.322000000000001,2370.37108300691
9.324,2370.636270461574
9.326,2370.940586309672
9.328,2371.264030663798
9.33,2371.583543563715
9.332,2371.871496945721
9.334,2372.095033423382
9.336,2372.217274606008
9.338000000000001,2372.2007475630885
9.34,2372.012554290235
9.342,2371.6301936710906
9.344,2371.046742716154
9.346,2370.2742947614006
9.348,2369.3449764632755
9.35,2368.309335007308
9.352,2367.2322840162815
9.354000000000001,2366.1871228942923
9.356,2365.2484315479296
9.358,2364.484836493521
9.36,2363.9526687154653
9.362,2363.6913932919942
9.364,2363.721411028798
9.366,2364.044403377718
9.368,2364.645869434014
9.370000000000001,2365.4990614793533
9.372,2366.569342553432
9.374,2367.818130613675
9.376,2369.205985388231
9.378,2370.694857277827
9.38,2372.249840988993
9.382,2373.84081801941
9.384,2375.4441335780207
9.386000000000001,2377.0441002522243
9.388,2378.6339072058877
9.39,2380.2156037220207
9.392,2381.799152451162
9.394,2383.4008627967514
9.396,2385.0415912920175
9.398,2386.744898333562
9.4,2388.5350431713405
9.402000000000001,2390.434516437219
9.404,2392.4609074824175
9.406,2394.6232678923
9.408,2396.918580395997
9.41,2399.329225964241
9.412,2401.8222871712846
9.414,2404.3511116839754
9.416,2406.858905518741
9.418000000000001,2409.2834720500264
9.42,2411.561882789755
9.422,2413.634095685386
9.424,2415.4452476536912
9.426,2416.9471309701585
9.428,2418.0997498629768
9.43,2418.873644665896
9.432,2419.253033066376
9.434000000000001,2419.239124807052
9.436,2418.852563458353
9.438,2418.1339973402614
9.44,2417.142215587148
9.442,2415.9498753098574
9.444,2414.637344922105
9.446,2413.2854726498636
9.448,2411.9681802542536
9.450000000000001,2410.745760041962
9.452,2409.659670807225
9.454,2408.729493515228
9.456,2407.9525017084507
9.458,2407.305992938883
9.46,2406.7520905717324
9.462,2406.2441905525625
9.464,2405.7337506612384
9.466000000000001,2405.175959251608
9.468,2404.533161744482
9.47,2403.77569763985
9.472,2402.880701794765
9.474,2401.830072324048
9.476,2400.6089257025997
9.478,2399.205404345962
9.48,2397.61191200378
9.482,2395.8271257841247
9.484,2393.85779257775
9.486,2391.719454314812
9.488,2389.4357286756494
9.49,2387.036333534061
9.492,2384.554417770887
9.494,2382.0238216027037
9.496,2379.4767023044697
9.498,2376.9417029654696
9.5,2374.442666660873
9.502,2371.9978584915125
9.504,2369.6197078750165
9.506,2367.3151310117587
9.508000000000001,2365.086461022662
9.51,2362.932884862451
9.512,2360.8521213231743
9.514,2358.8419768357426
9.516,2356.901467018105
9.518,2355.0313912962947
9.52,2353.234498259578
9.522,2351.5155262446283
9.524000000000001,2349.8813267830656
9.526,2348.341004454224
9.528,2346.9057275296173
9.53,2345.5878026644727
9.532,2344.398851031663
9.534,2343.347366787127
9.536,2342.43635026913
9.538,2341.6618597221773
9.540000000000001,2341.0131096083323
9.542,2340.4742272468584
9.544,2340.027173956158
9.546,2339.6549002427487
9.548,2339.343723545259
9.55,2339.0842267236058
9.552,2338.8705548403473
9.554,2338.698619096717
9.556000000000001,2338.5641471311446
9.558,2338.461513791734
9.56,2338.383778640256
9.562,2338.3236101386105
9.564,2338.2742756642897
9.566,2338.2299350724684
9.568,2338.1850005477163
9.57,2338.132959055231
9.572000000000001,2338.065444471851
9.574,2337.9723009321597
9.576,2337.8429169544565
9.578,2337.6684659385473
9.58,2337.444204347339
9.582,2337.170911941766
9.584,2336.854936714473
9.586,2336.506922716351
9.588000000000001,2336.139832549598
9.59,2335.767066399712
9.592,2335.401257206559
9.594,2335.053850035829
9.596,2334.7351488858
9.598,2334.454372940959
9.6,2334.219439465011
9.602,2334.0365049872958
9.604000000000001,2333.9094950109343
9.606,2333.839801979165
9.608,2333.8261224426415
9.61,2333.8642461690265
9.612,2333.946647564342
9.614,2334.0619574590905
9.616,2334.1946627259226
9.618,2334.325483052314
9.620000000000001,2334.432684493537
9.622,2334.4941773756027
9.624,2334.489848496475
9.626,2334.4034497290913
9.628,2334.2235993103227
9.63,2333.9439079013514
9.632,2333.5626502209307
9.634,2333.0825366446734
9.636000000000001,2332.5109289752045
9.638,2331.8604099185495
9.64,2331.149195829014
9.642,2330.400716387598
9.644,2329.6418927177106
9.646,2328.900147979308
9.648,2328.1997386371786
9.65,2327.5583382562804
9.652000000000001,2326.984796217292
9.654,2326.478651827483
9.656,2326.0314496734704
9.658,2325.6293643129893
9.66,2325.2563047024905
9.662,2324.8966845925124
9.664,2324.537394352811
9.666,2324.168967359856
9.668000000000001,2323.7862298379214
9.67,2323.388730408402
9.672,2322.981038225822
9.674,2322.5727708566747
9.676,2322.178130068924
9.678,2321.8148119532343
9.68,2321.502335245642
9.682,2321.260005059043
9.684000000000001,2321.1048312740245
9.686,2321.0497103153252
9.688,2321.102068099978
9.69,2321.263025018786
9.692,2321.527068866186
9.694,2321.8822466935985
9.696,2322.3109730446613
9.698,2322.7915977465414
9.700000000000001,2323.3007717482737
9.702,2323.8163661237204
9.704,2324.320353433854
9.706,2324.8008668368702
9.708,2325.2527766036746
9.71,2325.676564025821
9.712,2326.075860885605
9.714,2326.45450645278
9.716000000000001,2326.8141279187303
9.718,2327.152995994935
9.72,2327.4663681886514
9.722,2327.7479598945247
9.724,2327.9918193422177
9.726,2328.193847663231
9.728,2328.352466509922
9.73,2328.468342883608
9.732,2328.5434488122287
9.734,2328.5799246663146
9.736,2328.5791851399117
9.738,2328.5415050732254
9.74,2328.466067952184
9.742,2328.3512849247554
9.744,2328.1951558690384
9.746,2327.9955187928895
9.748,2327.7501674965674
9.75,2327.456955916077
9.752,2327.1140782086636
9.754,2326.7206609782143
9.756,2326.2776492195217
9.758000000000001,2325.7888003345793
9.76,2325.2615102892278
9.762,2324.70720836155
9.764,2324.1411298202243
9.766,2323.581356391114
9.768,2323.0471048065824
9.77,2322.556393442777
9.772,2322.1234393724194
9.774000000000001,2321.756351353361
9.776,2321.4557421177087
9.778,2321.21468049233
9.78,2321.019988587338
9.782,2320.8544576117783
9.784,2320.699309767613
9.786,2320.536268111575
9.788,2320.3488813892363
9.790000000000001,2320.1231379052842
9.792,2319.8476832739234
9.794,2319.5139974946164
9.796,2319.11670927019
9.798,2318.6539609233982
9.8,2318.127533471343
9.802,2317.5423993939435
9.804,2316.9055167349575
9.806000000000001,2316.223958467966
9.808,2315.5027711008693
9.81,2314.743142609958
9.812,2313.9414331807593
9.814,2313.0893736959865
9.816,2312.1753679191797
9.818,2311.186506081738
9.82,2310.110741695017
9.822000000000001,2308.938735304831
9.824,2307.665056705631
9.826,2306.2886393793324
9.828,2304.812521764544
9.83,2303.243000197968
9.832,2301.5884058676997
9.834,2299.857808489947
9.836,2298.059977235137
9.838000000000001,2296.202821290782
9.84,2294.293305291483
9.842,2292.3376080609764
9.844,2290.3412068734992
9.846,2288.3086875752024
9.848,2286.2433398439493
9.85,2284.1468402628307
9.852,2282.0194062761852
9.854000000000001,2279.8606631579305
9.856,2277.671155134774
9.858,2275.45408703253
9.86,2273.216666966193
9.862,2270.97045197982
9.864,2268.730390520073
9.866,2266.5126989220576
9.868,2264.3321261238834
9.870000000000001,2262.1993839487855
9.872,2260.1194566291933
9.874,2258.091185419225
9.876,2256.1080963398804
9.878,2254.160069240047
9.88,2252.2352554695426
9.882,2250.321683541411
9.884,2248.4082012760878
9.886000000000001,2246.4846858561805
9.888,2244.5417072366063
9.89,2242.569979055146
9.892,2240.5599391497503
9.894,2238.50169155056
9.896,2236.385378616854
9.898,2234.201897720183
9.9,2231.9437613676237
9.902000000000001,2229.6058295569464
9.904,2227.1856306921286
9.906,2224.6830611435953
9.908,2222.0994300817924
9.91,2219.436056772825
9.912,2216.6928393416733
9.914,2213.8672986370075
9.916,2210.9545000962216
9.918000000000001,2207.9479849122863
9.92,2204.8415004198773
9.922,2201.6310481628207
9.924,2198.316666467374
9.926,2194.9034560233968
9.928,2191.4015957717916
9.93,2187.8253898369608
9.932,2184.1916354246455
9.934000000000001,2180.517741187188
9.936,2176.820036551832
9.938,2173.112614479152
9.94,2169.4068870317333
9.942,2165.711848849255
9.944,2162.034869027038
9.946,2158.38270209308
9.948,2154.7623737196304
9.950000000000001,2151.181677578721
9.952,2147.649166786925
9.954,2144.1736587346995
9.956,2140.7633618471573
9.958,2137.4247855172694
9.96,2134.1616192887846
9.962,2130.9737696259617
9.964,2127.856735299787
9.966000000000001,2124.801489665462
9.968,2121.794994068689
9.97,2118.8213490705543
9.972,2115.8633984984695
9.974,2112.9044168822284
9.976,2109.929449864534
9.978,2106.9259930328003
9.98,2103.8839399294684
9.982000000000001,2100.7950006816773
9.984,2097.6519860704884
9.986,2094.448403011414
9.988,2091.178699903356
9.99,2087.8392533897404
9.992,2084.429858230433
9.994,2080.955179988263
9.996,2077.425496872427
9.998,2073.8561800976618
10.0,2070.2657110272567
10.002,2066.672476409244
10.004,2063.0909615982946
10.006,2059.528156409736
10.008000000000001,2055.980948442565
10.01,2052.435030533551
10.012,2048.865495139248
10.014,2045.2389742779628
10.016,2041.517019367143
10.018,2037.660399695257
10.02,2033.6340189488842
10.022,2029.412078414884
10.024000000000001,2024.9829243681545
10.026,2020.3527915399036
10.028,2015.5475287997795
10.03,2010.61150514858
10.032,2005.6033451567093
10.034,2000.588902472468
10.036,1995.6327133317996
10.038,1990.7897105397562
10.040000000000001,1986.098929191324
10.042,1981.580287637238
10.044,1977.2345796129246
10.046,1973.0459858825618
10.048,1968.9859996068433
10.05,1965.0176964205452
10.052,1961.099600252588
10.054,1957.1887799439392
10.056000000000001,1953.243109353579
10.058,1949.2227876467546
10.06,1945.0912822113485
10.062,1940.815891884132
10.064,1936.3681771492531
10.066,1931.724554140875
10.068,1926.8673432530195
10.07,1921.7864416869652
10.072000000000001,1916.481530443039
10.074,1910.9643639872081
10.076,1905.2603228331438
10.078,1899.4081973973923
10.08,1893.4573188387265
10.082,1887.4618080045411
10.084,1881.4727893999684
10.086,1875.5304853620444
10.088000000000001,1869.6585751904022
10.09,1863.862697956404
10.092,1858.1336064320894
10.094,1852.4538087074573
10.096,1846.8052961355631
10.098,1841.17568044408
10.1,1835.5608256217688
10.102,1829.9634867010552
10.104000000000001,1824.38894232214
10.106,1818.8395617196543
10.108,1813.310401328809
10.11,1807.7873771007003
10.112,1802.2486523545565
10.114,1796.6689957141073
10.116,1791.0262317801541
10.118,1785.3085502676945
10.120000000000001,1779.5212584479714
10.122,1773.691503988721
10.124,1767.8696182137426
10.126,1762.1261234852536
10.128,1756.544163271925
10.13,1751.2081358660203
10.132,1746.1904873477506
10.134,1741.539557453948
10.136000000000001,1737.2715565519393
10.138,1733.3688730410947
10.14,1729.785148335039
10.142,1726.4555320785428
10.144,1723.30899142723
10.146,1720.27906350575
10.148,1717.310213762964
10.15,1714.3587455563033
10.152000000000001,1711.3893425433644
10.154,1708.3699890667253
10.156,1705.2685391868333
10.158,1702.0533534209035
10.16,1698.6985022099907
10.162,1695.1918272869198
10.164,1691.5425938707647
10.166,1687.7852113919405
10.168000000000001,1683.9766304870031
10.17,1680.1870770832213
10.172,1676.4860177078554
10.174,1672.9269361217405
10.176,1669.5351023214325
10.178,1666.3017870626923
10.18,1663.186500644181
10.182,1660.1264404048231
10.184000000000001,1657.0502426359274
10.186,1653.8920438305415
10.188,1650.602118434004
10.19,1647.151857264566
10.192,1643.532936138153
10.194,1639.7522577722293
10.196,1635.8249199059237
10.198,1631.7670216390097
10.200000000000001,1627.5891823316238
10.202,1623.2910367066047
10.204,1618.8571323612189
10.206,1614.2553381205823
10.208,1609.4392822366767
10.21,1604.3557119771044
10.212,1598.955894439472
10.214,1593.2080576189276
10.216000000000001,1587.1066650352595
10.218,1580.6749329545748
10.22,1573.9593951792797
10.222,1567.0184909939733
10.224,1559.9095985111899
10.226,1552.6794096826943
10.228,1545.3607608509085
10.23,1537.9759043015404
10.232000000000001,1530.5433272658806
10.234,1523.0839571084164
10.236,1515.623385724224
10.238,1508.1890383969142
10.24,1500.8037781328617
10.242,1493.4790012027815
10.244,1486.2101962486172
10.246,1478.976547970471
10.248,1471.744492918161
10.25,1464.4741409328576
10.252,1457.127477761395
10.254,1449.6778689041648
10.256,1442.120813403835
10.258000000000001,1434.4854653577083
10.26,1426.845050754885
10.262,1419.3226581448837
10.264,1412.0881371957812
10.266,1405.3428942793028
10.268,1399.2922644936264
10.27,1394.1089695458757
10.272,1389.8945115375436
10.274000000000001,1386.6468403172526
10.276,1384.241578162527
10.278,1382.4309018495642
10.28,1380.8602520233494
10.282,1379.099895867176
10.284,1376.6867451001228
10.286,1373.1713870824178
10.288,1368.1651476066709
10.290000000000001,1361.3815545862235
10.292,1352.6659577515506
10.294,1342.0071736811929
10.296,1329.526984833784
10.298,1315.4476368916187
10.3,1300.0433664680943
10.302,1283.5873404378885
10.304,1266.3076493312274
10.306000000000001,1248.36362090488
10.308,1229.8472304677916
10.31,1210.8063032061132
10.312,1191.2797810487946
10.314,1171.33283615081
10.316,1151.0813170750275
10.318,1130.6994245645747
10.32,1110.4095574524342
10.322000000000001,1090.4573715567362
10.324,1071.0775713140363
10.326,1052.456838539064
10.328,1034.7000560822887
10.33,1017.8052360452159
10.332,1001.6517817177258
10.334,986.0058722876132
10.336,970.5453099385787
10.338000000000001,954.9035138177211
10.34,938.7285152816837
10.342,921.7487456268551
10.344,903.8345902206893
10.346,885.0443300208599
10.348,865.6454638826226
10.35,846.106694639771
10.352,827.0607343966449
10.354000000000001,809.2424064006168
10.356,793.4096712193284
10.358,780.256885575491
10.36,770.329736582215
10.362,763.9503034314475
10.364,761.1595171892126
10.366,761.6836391513923
10.368,764.9309826707649
10.370000000000001,770.0237775209339
10.372,775.8666272479998
10.374,781.2471862656616
10.376,784.9576760785766
10.378,785.9201346156372
10.38,783.2964944791199
10.382,776.5678642765561
10.384,765.5744569352214
10.386000000000001,750.5155945011321
10.388,731.9155509841186
10.39,710.5645703591899
10.392,687.4453449579656
10.394,663.6541840519524
10.396,640.3237273762453
10.398,618.5509812832103
10.4,599.3312902078765
10.402000000000001,583.4964633008224
10.404,571.6549013527344
10.406,564.1342395636043
10.408,560.9322217530918
10.41,561.6866466473159
10.412,565.6771612452275
10.414,571.8691462771836
10.416,579.0038741308687
10.418000000000001,585.7309516379345
10.42,590.7697061340257
10.422,593.0770640531799
10.424,591.9935667415687
10.426,587.3397962161417
10.428,579.4438205076906
10.43,569.0938482573517
10.432,557.4244381963821
10.434000000000001,545.7558989094766
10.436,535.4137252791529
10.438,527.556980271443
10.44,523.0402843619446
10.442,522.3247867276657
10.444,525.4430781759108
10.446,532.0149809093554
10.448,541.306461780622
10.450000000000001,552.3216048702388
10.452,563.9161175727672
10.454,574.91909234714
10.456,584.2481152641956
10.458,591.0032680022521
10.46,594.5295354378385
10.462,594.4437558498169
10.464,590.6291423409467
10.466000000000001,583.2053673915651
10.468,572.4840490923922
10.47,558.9181499470232
10.472,543.0506071127274
10.474,525.4646464313473
10.476,506.73750228891646
10.478,487.4012295368694
10.48,467.91765469682196
10.482000000000001,448.6757690549256
10.484,430.0156251719989
10.486,412.2738030639497
10.488,395.8366039998592
10.49,381.1826882357474
10.492,368.8978996529646
10.494,359.65035699201616
10.496,354.1223057762804
10.498,352.905743736802
10.5,356.37924099767184
10.502,364.5904157784621
10.504,377.1708172915556
10.506,393.3075330225722
10.508000000000001,411.7874686352192
10.51,431.1158334203689
10.512,449.69424090351197
10.514,466.03174322338737
10.516,478.95659671263195
10.518,487.79676453967465
10.52,492.50133249007115
10.522,493.68205996586926
10.524000000000001,492.5633962987045
10.526,490.8394004722709
10.528,490.44665016617824
10.53,493.27396305863266
10.532,500.8428229280235
10.534,514.0052268573453
10.536,532.7139580979581
10.538,555.9180143277163
10.540000000000001,581.619576475837
10.542,607.1012701091691
10.544,629.3005152305116
10.546,631.3525282429091
10.548,631.7239252876128
10.55,630.4103591472397
10.552,627.4074826043941
10.554,622.7109484416812
10.556000000000001,616.3164094417056
10.558,608.2195183870722
10.56,598.4159280603856
10.562,586.9012912442508
10.564,573.6712607212727
10.566,558.7214892740557
10.568,542.0476296852049
10.57,523.645334737325
10.572000000000001,503.51025721302057
10.574,481.63804989489705
10.576,458.0243655655584
10.578,432.66485700761007
10.58,405.55517700365647
10.582,376.6909783363027
10.584,346.06791378815336
10.586,313.6816361418131
10.588000000000001,279.5277981798868
10.59,243.60205268497953
10.592,205.90005243969614
10.594,166.4174502266407
