time_s,run_1_4-tenso raketa-filtered-regression.txt_thrust_N,run_2_4-tenso raketa-filtered-regression_05_hf1.txt_thrust_N,run_3_4-tenso raketa-filtered-regression_05_hf4.txt_thrust_N,run_4_4-tenso raketa-filtered-regression_05_hf5.txt_thrust_N,run_5_THRUST-testdata.txt_thrust_N
0.0,772.6075532582588,994.9863783276876,702.5082105254168,859.8160082584127,754.0549564991059
0.002,1146.0129423802655,1486.664773807671,968.9624557929984,1258.2562391407675,955.5820330663606
0.004,1564.0748013970936,2021.6948353321773,1264.6699633774253,1696.4565072517098,1206.0509761959552
0.006,2005.6036899871924,2560.351006587969,1576.642981244334,2148.461303696602,1499.350380589839
0.008,2446.3816225666583,3054.703975341461,1889.2454557391752,2582.9118308970906,1824.8162796865702
0.01,2863.6639344565488,3460.1876345034975,2186.473856496986,2969.26887864545,2168.15796701229
0.012,3240.4493494119833,3740.427752425861,2454.7566774994143,3281.7335687527825,2513.0894548044157
0.014,3565.7497484933974,3869.6308164369075,2683.2457806506895,3500.301521598659,2843.3893100079877
0.016,3840.0273814664583,3852.175980707039,2869.0265667571143,3623.6634778789175,3144.92907385904
0.018000000000000002,4068.5319938565167,3709.890972879023,3013.4468047815317,3659.1044728311263,3407.1849547803613
0.02,4258.697574911894,3481.671871892387,3120.725064445542,3625.725956322455,3623.923566133525
0.022,4420.409150135968,3222.8073790237086,3198.892255596021,3554.965833019453,3793.053223920968
0.024,4560.585206555422,2985.7034359603667,3254.228123090406,3475.3271023165703,3915.909523015501
0.026000000000000002,4683.384625189964,2816.831631753532,3291.1077888093805,3412.195222973562,3996.367727339766
0.028,4791.323879871908,2741.08138801192,3313.8109210210887,3381.606704342676,4040.099700992463
0.03,4883.925625120995,2763.401646294628,3326.1385530019666,3390.2878998667265,4054.0799083077395
0.032,4958.30109991693,2869.8912218482196,3333.489609170487,3436.8862859119436,4046.224837412829
0.034,5011.698050103942,3025.017298795952,3343.7974450661995,3512.8784826950887,4024.9482099536385
0.036000000000000004,5040.946045091084,3188.480349876354,3366.0948149998844,3608.8314323075488,3998.4783796040438
0.038,5042.943937194053,3319.645556934653,3409.8478321499556,3715.892216397308,3973.966915958299
0.04,5017.679678366108,3390.7840486708296,3480.472822496369,3826.9204626216374,3956.609413306989
0.042,4967.383760144053,3390.726182557745,3579.412127471288,3937.0219858824944,3949.0872469837914
0.044,4893.036320133288,3324.8863467450255,3703.8059376803517,4041.8778741315946,3951.563291070148
0.046,4805.065599070112,3218.136748146371,3845.1098852694445,4137.0917747819,3962.256637191252
0.048,4710.633613133666,3101.0842387061607,3993.549629065139,4217.454539111452,3978.3870377188564
0.05,4619.738924779399,3005.53055192015,4138.963675950257,4277.423871732425,3997.140549951988
0.052000000000000005,4541.645840572864,2953.775971314585,4273.072549627482,4313.964178510816,4016.333527112081
0.054,4483.326117925973,2954.9842775081984,4390.240045500333,4326.610384588826,4034.6229051074583
0.056,4448.4228879203565,3004.907136774322,4486.677011333405,4318.721445635504,4051.3303838821935
0.058,4435.4943102823845,3083.6695221600617,4561.9553349800835,4298.056480657841,4066.101098752691
0.06,4440.586692534348,3166.3892516377023,4616.5700185127835,4273.637091720533,4078.635059387408
0.062,4458.094307335731,3227.174864237922,4651.575480120959,4250.696571909657,4088.6246031709447
0.064,4481.98845065838,3248.784038063587,4670.113941366385,4246.211840541378,4095.879583950803
0.066,4507.844870315993,3225.484735825274,4675.489362202112,4254.64166887399,4100.510733544953
0.068,4532.720634744837,3163.2278272265517,4671.446278773207,4272.937162862802,4103.020591959163
0.07,4555.020693958193,3080.441553749768,4662.499273132961,4295.681868588399,4104.218106435004
0.07200000000000001,4573.735432071576,2998.4125851108274,4652.428783080812,4317.749524553478,4104.982701853395
0.074,4587.875133716313,2937.6466553008013,4644.271410457787,4335.590269940109,4105.993228266033
0.076,4596.694763100552,2909.9292356519377,4639.72701929772,4348.469811858971,4107.557051472618
0.078,4599.677187095585,2917.21957186683,4639.331903281061,4357.823946410316,4109.6158009777355
0.08,4596.984577880356,2952.206103905168,4642.852647937575,4366.272278540034,4111.9045811096385
0.082,4589.897144059249,2999.0038509985925,4649.343738480203,4376.105334768837,4114.161563456903
0.084,4580.162771128826,3041.1626301594597,4657.877225491681,4388.1255637048225,4116.269511007403
0.08600000000000001,4569.714671980922,3064.8165603924767,4667.5964685132485,4401.36516616452,4118.262967579948
0.088,4560.101351900092,3064.6692503374284,4677.650620201228,4413.593211276469,4120.220603964232
0.09,4552.15098741995,3043.520110016817,4687.263627595603,4422.520099930296,4122.132390375432
0.092,4546.075027388593,3010.953149473949,4695.611482379656,4426.776876802256,4123.845359106543
0.094,4541.668836038678,2980.443264111423,4702.060259035889,4426.872296997042,4125.139631701221
0.096,4538.828978606638,2963.4373893877546,4706.2447839908855,4424.725540156051,4125.898180475602
0.098,4537.724444177357,2967.1163369464402,4708.172644629449,4423.1205416901175,4126.26455198337
0.1,4538.61652601112,2990.4770433315953,4708.445071781324,4424.4888915995625,4126.677462514066
0.10200000000000001,4541.690034210611,3027.0196352089206,4707.862249560851,4430.041671544691,4127.734562845381
0.10400000000000001,4546.7370290274675,3066.6502754894927,4707.23132069609,4439.409951882359,4129.932480134225
0.106,4552.975078868876,3099.3447231876894,4707.065171664658,4450.70560059125,4133.402820458516
0.108,4559.368708030543,3118.9756745018626,4707.448361713271,4461.59017597741,4137.775239576088
0.11,4564.864939644037,3124.294705441605,4708.143673230818,4469.9966282754485,4142.242849645704
0.112,4568.824664840159,3120.0382645075124,4708.813597569415,4475.048764533943,4145.810179242393
0.114,4571.128999830635,3113.2562087730066,4709.319252895096,4477.063404931188,4147.6172947483
0.116,4572.131093794367,3111.1119905353444,4709.833947236589,4477.320952698656,4147.198566151994
0.11800000000000001,4572.435059357751,3117.537820004028,4710.76016441017,4477.4789858335125,4144.568880124918
0.12,4572.45336734399,3132.311634271439,4712.467421071586,4478.7834210546325,4140.118383248031
0.122,4572.229784150086,3151.522234494849,4715.058327997709,4481.747843370622,4134.3940354361075
0.124,4571.480975167964,3169.1728513656135,4718.14121484938,4486.005080990961,4127.898307845653
0.126,4569.832189852879,3180.3376847856944,4721.01817542236,4490.757327171691,4121.012210483538
0.128,4567.091095211185,3182.6864574481997,4722.8877923453865,4495.167772259785,4114.066699799775
0.13,4563.463225796932,3178.209711905439,4723.314194364948,4498.795947420619,4107.493223657982
0.132,4559.406845540175,3171.463020308296,4722.387413306769,4501.691393546674,4101.933080075305
0.134,4555.468661670457,3168.0356851462334,4720.753689629593,4504.2593019680635,4098.202985337323
0.136,4552.013483976578,3171.681309545754,4719.4394980273455,4506.956930533063,4097.091035332963
0.138,4549.098497646686,3182.8692183166218,4719.377440267654,4509.984605998353,4099.053590187989
0.14,4546.512811121735,3198.5629690015016,4721.166605850804,4513.181353741614,4103.949008751404
0.14200000000000002,4543.975563706513,3213.098019022667,4724.7041330377115,4516.125745138842,4110.942654191718
0.14400000000000002,4541.420924395321,3221.061542420229,4729.434479224881,4518.412976050558,4118.648449264429
0.146,4539.150210785124,3219.0136516243424,4734.541402713951,4519.902996021171,4125.470436847943
0.148,4537.745392030502,3208.0297076099187,4739.246124230678,4520.893979410041,4130.022770588766
0.15,4537.831394285086,3192.6462858832447,4743.079472058672,4521.953673187134,4131.476243931047
0.152,4539.794078286137,3179.8519546939724,4745.898269957688,4523.677374327914,4129.714428593675
0.154,4543.457302682343,3176.196092339603,4747.750335746525,4526.296117781742,4125.264183311285
0.156,4548.222835308054,3185.5558233984834,4748.904551837877,4529.537667839981,4119.056341942738
0.158,4553.183573254855,3207.2379493936814,4749.397899190496,4532.642511634096,4112.132457971531
0.16,4557.44499095784,3236.016946175813,4749.318632634205,4534.69590353494,4105.415669661675
0.162,4560.402627996503,3264.6075728501655,4748.650981702281,4535.031130909697,4099.6093832757115
0.164,4561.828188012882,3285.5914639359726,4747.495191103174,4533.547901609207,4095.2096537989464
0.166,4561.9004887982455,3294.661121457186,4745.976679099714,4530.932044707804,4092.561882317617
0.168,4560.897272558104,3291.483884227556,4744.375176041192,4528.325600954608,4091.887728228922
0.17,4559.041231835997,3279.827816994754,4742.873089960707,4527.008497265396,4093.2480763919666
0.17200000000000001,4556.443524867109,3266.3555107810057,4741.540912640054,4527.786825058267,4096.463022356077
0.17400000000000002,4553.086040291856,3257.591162035225,4740.304946202031,4530.752545202687,4101.048124255421
0.176,4548.952825670032,3258.092849557841,4739.001031963504,4535.199153949696,4106.228414275627
0.178,4544.176388086649,3268.3036519527886,4737.497117950046,4539.832892798093,4111.057958754744
0.18,4539.0142140887065,3285.27102317414,4735.784027648594,4543.363816920609,4114.621158557434
0.182,4533.827748160789,3303.5794415190794,4733.999777174354,4544.900750230227,4116.249451316787
0.184,4528.9554599533885,3317.594870335482,4732.358327009412,4544.403673585579,4115.676013737182
0.186,4524.604207101625,3323.6038113919885,4731.024140323845,4542.510209263964,4113.077012461369
0.188,4520.8239800087595,3320.8727914742253,4730.02596657017,4540.29684106103,4108.995434158678
0.19,4517.53251641075,3312.219651401059,4729.228254214138,4538.772521137391,4104.185913602322
0.192,4514.667001460471,3302.2104689462503,4728.444878911993,4538.435295427833,4099.4369272303165
0.194,4512.249357263416,3295.815766472566,4727.5565175807005,4539.110894711659,4095.4182459170997
0.196,4510.352393743721,3296.2642199430666,4726.618585351606,4540.033533639855,4092.577679630136
0.198,4509.047968534404,3304.2986105087352,4725.84498177974,4540.277509845875,4091.0868069046787
0.2,4508.30847620105,3318.080744601813,4725.507658055236,4539.198605350863,4090.823277830279
0.202,4507.938728869157,3333.842362418203,4725.734866650679,4536.84025563761,4091.382271043436
0.20400000000000001,4507.659310111202,3347.7461117631465,4726.422977740909,4533.845746960092,4092.1240485909134
0.20600000000000002,4507.18572833581,3356.941873848015,4727.216513350442,4531.260336719057,4092.271463231703
0.20800000000000002,4506.377214613338,3360.774196066755,4727.649972803174,4530.0044343260515,4091.0587720583926
0.21,4505.295646895884,3360.4076616392113,4727.362177148805,4530.488576664417,4087.906084365535
0.212,4504.18566242075,3358.2841101996505,4726.250900698494,4532.359873886454,4082.5703547547505
0.214,4503.328433548627,3357.047402935051,4724.570586813241,4534.618325050839,4075.2205009164577
0.216,4502.860588516392,3358.4519917587854,4722.756260009855,4536.076739564774,4066.405520200232
0.218,4502.659406524757,3362.966055829121,4721.244341074409,4535.836937002137,4056.922931908436
0.22,4502.345749392839,3369.636866613812,4720.219233495964,4533.770103779546,4047.634188270148
0.222,4501.463821617033,3376.8668515505374,4719.538917457772,4530.510946124784,4039.2940487027977
0.224,4499.579313460057,3382.9745701346214,4718.787615355226,4527.294084666137,4032.4498129807066
0.226,4496.698893639494,3386.920894344246,4717.506453649634,4525.385808596334,4027.4283960500165
0.228,4493.004325638576,3388.4775217031683,4715.431594626816,4525.591039419142,4024.384297235439
0.23,4488.947285407646,3388.1366376469578,4712.637516627725,4527.8777892131075,4023.353570281948
0.232,4485.032456962594,3386.834690875366,4709.555338206012,4531.338488893278,4024.263892585913
0.234,4481.646105908297,3385.3912834958332,4706.734107217375,4534.625861680107,4026.887048547815
0.23600000000000002,4478.982802571384,3384.3000641393232,4704.631972752474,4536.4146926953335,4030.767324026201
0.23800000000000002,4477.060291751049,3383.6293739209104,4703.358548509508,4536.0119108283425,4035.189726679451
0.24,4475.874801534204,3383.210884475645,4702.685388513512,4533.509540348625,4039.2458176762784
0.242,4475.474670751912,3382.870845828815,4702.134730342277,4529.7885639385095,4042.0111834041286
0.244,4475.963349713076,3382.62289040223,4701.212965627489,4526.10642733623,4042.787381673857
0.246,4477.475440551455,3382.712314392861,4699.630187725203,4523.5458675247055,4041.315869320081
0.248,4480.026539252649,3383.5261220282923,4697.390190810665,4522.603545825907,4037.869873734518
0.25,4483.3875016349675,3385.359933615645,4694.786518250603,4522.963182588743,4033.176659615902
0.252,4487.0985144241395,3388.318660573679,4692.196530673195,4523.743962025539,4028.19409842808
0.254,4490.489962261912,3392.2449180921426,4689.931634380977,4523.840092313194,4023.825679844624
0.256,4493.326099708348,3396.7149388983407,4688.084263833023,4522.473693653676,4020.6785504863337
0.258,4493.6652296922475,3401.2162226020723,4686.546371536524,4519.473232509656,4018.9431245205187
0.26,4491.5177216014545,3405.2066338912473,4685.08742977197,4515.397196558735,4018.4166267461833
0.262,4488.228339492367,3408.240900386639,4683.491757913028,4511.2971197498655,4018.6349264768714
0.264,4484.051187195053,3409.96464012993,4681.664203303491,4508.266852119052,4019.0424140573014
0.266,4479.524974272428,3410.112969296876,4679.648095579221,4507.0362071864865,4019.130597348001
0.268,4475.079784744091,3408.631281485612,4677.580204979017,4507.6310930215295,4018.5086574474894
0.27,4470.970336629855,3405.6215621069446,4675.5859292313835,4509.485355293888,4016.914624576936
0.272,4467.2905464802825,3401.4767562923766,4673.719136995867,4511.61291548334,4014.207744415893
0.274,4464.021857467011,3396.99025617625,4671.939654047711,4513.041905862436,4010.3820441130756
0.276,4461.134573686719,3393.220279082968,4670.166569797183,4513.14471675836,4005.6105737918715
0.278,4458.621547442778,3391.3623167128153,4668.336372909013,4511.824883376409,4000.292125518597
0.28,4456.493488899901,3392.235898897434,4666.454143786509,4509.501297600987,3995.0535702460925
0.28200000000000003,4454.768139140085,3396.0565110719026,4664.589974269853,4506.807975993077,3990.673312069374
0.28400000000000003,4453.42353856141,3402.1796005734377,4662.8472839149845,4504.3509168007595,3987.927892929544
0.28600000000000003,4452.378548937871,3409.075060052354,4661.301621539839,4502.439733197004,3987.404389592873
0.28800000000000003,4451.516979036802,3414.898625162803,4659.976082493966,4501.039555147472,3989.34331467902
0.29,4450.6931018617,3417.9392958565336,4658.837573753513,4499.840530699228,3993.567778266953
0.292,4449.7688703943495,3417.440036990871,4657.810977798433,4498.4640686466455,3999.519812234955
0.294,4448.643369572449,3413.733964741277,4656.820491695232,4496.660626542692,4006.382958907755
0.296,4447.277917564896,3408.2944250384753,4655.794321761809,4494.425435220682,4013.2424717276863
0.298,4445.707258479414,3403.310912250862,4654.664841505602,4491.996418512913,4019.232139465037
0.3,4444.011954444884,3400.815481274702,4653.356223539773,4489.718502853133,4023.636763864898
0.302,4442.306904428609,3402.0625113980086,4651.784824084431,4487.900508315016,4025.947405933618
0.304,4440.717730271011,3406.78084796223,4649.906439444809,4486.665319290066,4025.8862163383164
0.306,4439.36766788109,3413.472357749109,4647.741969336639,4485.942433644622,4023.4199330034803
0.308,4438.34732687241,3419.752303638854,4645.420968721483,4485.497122743354,4018.768391718745
0.31,4437.662741015856,3423.3220980155506,4643.179515284883,4485.048771421462,4012.397421561122
0.312,4437.223332206353,3422.8053639554687,4641.287561667416,4484.392364163596,4004.97687434416
0.314,4436.83075785405,3418.259572842422,4639.968690845286,4483.465625010584,3997.29168277894
0.316,4436.238648748059,3411.4267479519053,4639.264202541698,4482.362575753044,3990.113896792587
0.318,4435.22541104371,3404.8807491057996,4639.03412707625,4481.263666749169,3984.064774460739
0.32,4433.673346146528,3401.344340810686,4638.968800635611,4480.359717212028,3979.5055737617886
0.322,4431.632061020915,3402.5191587671375,4638.514610118707,4479.757604738757,3976.488093873828
0.324,4429.28426827153,3408.6104642062414,4637.538812911512,4479.449920651722,3974.7753202549216
0.326,4426.910362076848,3418.3005558016075,4635.908912301396,4479.3002680540885,3973.919807117153
0.328,4424.7811562026,3428.7059836517647,4633.76890088014,4479.079754968443,3973.3732795888814
0.33,4423.079812180842,3437.322803544211,4631.370380354452,4478.519900028869,3972.5990233223856
0.332,4421.854311869603,3441.8542830601295,4628.985583080024,4477.364909432992,3971.1661788686265
0.334,4421.019088764082,3441.685971712375,4626.7764490765285,4475.454179023738,3968.8163045172478
0.336,4420.437762598402,3437.6173505219745,4624.798610582046,4472.735217850415,3965.5012233536486
0.338,4419.978986106505,3431.677085749319,4622.896151326758,4469.329999593293,3961.393572191975
0.34,4419.577769622512,3426.183815778181,4620.960958769868,4465.550616195385,3956.868998820992
0.342,4419.254928616041,3422.949025624544,4618.926408888533,4461.835752525161,3952.456615589169
0.34400000000000003,4419.08501809472,3422.7588293096064,4616.691835494307,4458.6891736477855,3948.7564252063303
0.34600000000000003,4419.127931136487,3425.1635087515288,4614.520108431067,4456.510678803658,3946.3294082325797
0.34800000000000003,4419.378473440843,3428.97084676932,4612.56597232586,4455.507671399664,3945.5755840044553
0.35000000000000003,4419.732525066729,3432.7066708507605,4610.997851996448,4455.5758660085485,3946.6248732473787
0.352,4420.015469884714,3435.2836051575528,4609.85522569076,4456.289028338573,3949.2707593699993
0.354,4420.040103479228,3436.3007800997752,4609.035613926679,4457.055404522706,3952.972266415886
0.356,4419.662083482437,3436.0637503265284,4608.302735728822,4457.267035757744,3956.9340669610892
0.358,4418.830110560842,3435.2698253497015,4607.380645945326,4456.552443027085,3960.252394559696
0.36,4417.565974298194,3434.505085677686,4606.053732987408,4454.879448632723,3962.0942269295497
0.362,4415.962638741643,3433.9283032155386,4604.24986347947,4452.615178473587,3961.8664207791167
0.364,4414.152456559069,3433.1890992826047,4602.075894091395,4450.395906346541,3959.333889741205
0.366,4412.259227998008,3431.679290068035,4599.74586074954,4448.879918435358,3954.6604206421594
0.368,4410.387176995998,3428.9664404018977,4597.503328858778,4448.516434580234,3948.3672827376317
0.37,4408.608448211885,3425.245520819443,4595.503484971924,4449.292124825469,3941.2265266235013
0.372,4406.97131562386,3421.42805746763,4593.76247918423,4450.787264569019,3934.1205419478006
0.374,4405.501383209442,3418.9921842563,4592.155917452707,4452.241344644826,3927.901760463673
0.376,4404.194963224956,3419.338526278421,4590.494567706009,4452.852321919003,3923.2766964038183
0.378,4403.0257939976855,3423.2588817927517,4588.62711007078,4451.9931254484845,3920.723502129148
0.38,4401.941215904676,3430.3525640020284,4586.521467880895,4449.549512507564,3920.4410079404206
0.382,4400.87309507975,3438.898381683079,4584.296918189686,4445.8858725028385,3922.325520117967
0.384,4399.752758012659,3446.3850007314013,4582.171534783789,4441.6985867757085,3925.9777217307274
0.386,4398.520989980501,3450.185541584029,4580.381914271148,4437.829483719343,3930.7479018017693
0.388,4397.143432916416,3448.6949254536285,4579.065389183717,4434.935401068755,3935.825674230744
0.39,4395.608066599362,3441.7586923965137,4578.221176353041,4433.338442952604,3940.3689110831942
0.392,4393.927934096681,3431.050858148896,4577.692688199805,4432.894670161387,3943.651286210311
0.394,4392.1333064445125,3419.5979014782365,4577.232868742375,4433.113408180055,3945.1962526253237
0.396,4390.253550548251,3410.7120658628583,4576.6095064232495,4433.37019896128,3944.8633640182334
0.398,4388.3168346599405,3406.9873426669533,4575.682362760972,4433.116463691832,3942.862798149371
0.4,4386.349356272254,3409.175235713745,4574.456396899772,4432.088135336958,3939.692669599451
0.402,4384.364787372107,3416.197652319084,4573.043842802785,4430.330090592774,3936.0143466214113
0.404,4382.343718135027,3425.2726914715677,4571.612471500156,4428.174941706594,3932.4968401135384
0.406,4380.323349414843,3432.987613210405,4570.295743579682,4426.055480834322,3929.667690229268
0.40800000000000003,4378.2169422587685,3436.500638617444,4569.132666208567,4424.3399657732225,3927.803026977404
0.41000000000000003,4375.961106185528,3434.535807235301,4568.03979400806,4423.193225184686,3926.876734147298
0.41200000000000003,4373.512985934334,3428.014759512627,4566.837165591144,4422.541745229367,3926.5738530540257
0.41400000000000003,4370.873815241765,3419.4893669828803,4565.307185126748,4422.15546881456,3926.3612770127
0.41600000000000004,4368.121480484665,3412.472163237653,4563.269275294398,4421.749692329002,3925.6011155302513
0.418,4365.399609727606,3409.994823705427,4560.666752873786,4421.13244372772,3923.6877520737003
0.42,4362.889812179459,3413.713056082204,4557.57238597753,4420.26424656325,3920.1863249232406
0.422,4360.75099680003,3423.202507952701,4554.20440315089,4419.261334817294,3914.9474102485756
0.424,4359.058378338148,3436.009161311601,4550.8670539228115,4418.300625980221,3908.172319798675
0.426,4357.792172223202,3448.6861282464047,4547.863697843632,4417.512075188827,3900.4094388267727
0.428,4356.825142584795,3457.721288112488,4545.419283985843,4416.887622357565,3892.4762078219646
0.43,4355.987825030549,3460.9061225404694,4543.599128554903,4416.271776097799,3885.3203158870297
0.432,4355.13485936862,3457.7316904391996,4542.333623337608,4415.424198217631,3879.8502884432655
0.434,4354.196678291093,3449.651354703422,4541.434769686419,4414.141556228174,3876.7736804927927
0.436,4353.206559218081,3439.526773819293,4540.675943954047,4412.380115533457,3876.477831545057
0.438,4352.282663957129,3430.480983441748,4539.883613887364,4410.298099065795,3878.9747538406177
0.44,4351.57513048948,3425.0478578518805,4538.977597462245,4408.253345379738,3883.9134150451996
0.442,4351.1864288013185,3424.2483357164547,4537.979875228664,4406.663156194513,3890.64670823538
0.444,4351.124968970452,3427.6465990814872,4536.964100178763,4405.87226321925,3898.331933861132
0.446,4351.263760853075,3433.503635823842,4535.995833410575,4405.9745195995165,3906.043655849753
0.448,4351.378839179266,3439.5253399016806,4535.077617633844,4406.755450055172,3912.883897458575
0.45,4351.203118651535,3443.7051396263832,4534.142094607627,4407.754491879843,3918.081795161201
0.452,4350.507395952946,3444.864879339788,4533.082248358199,4408.381286217163,3921.0780173408066
0.454,4349.170522796118,3443.032495210841,4531.816010011848,4408.153453573611,3921.587543569409
0.456,4347.181399927108,3439.13653530958,4530.322393677748,4406.8331179497745,3919.6310377701616
0.458,4344.66450299236,3434.727028594626,4528.658097569376,4404.57380627468,3915.5243599364912
0.46,4341.818694685218,3431.3622656270704,4526.925527468601,4401.851765249578,3909.8211872289667
0.462,4338.856020551846,3430.164718995737,4525.211200100542,4399.3001188323005,3903.215587222964
0.464,4335.967419293533,3431.5496122026693,4523.542686489407,4397.495224135316,3896.4249389486936
0.466,4333.279319062865,3435.1462698217433,4521.872881303905,4396.719518116725,3890.081302416083
0.468,4330.854397060753,3440.1394571158603,4520.109993434017,4396.893745750887,3884.6561115025024
0.47000000000000003,4328.684615894207,3445.4647850535357,4518.16993471547,4397.541016859891,3880.429858671517
0.47200000000000003,4326.714919189057,3450.1410747590808,4516.036411087228,4397.987255260668,3877.501922728433
0.47400000000000003,4324.874192668637,3453.432118609825,4513.774576610117,4397.570466873102,3875.8238990769937
0.47600000000000003,4323.087084183062,3454.914404292742,4511.526210916847,4395.897621909322,3875.237381996353
0.47800000000000004,4321.28943536567,3454.5196608693896,4509.456101479798,4392.993741779496,3875.5036390674077
0.48,4319.421281334167,3452.3769023978143,4507.701935737969,4389.263653458317,3876.3234682047537
0.482,4317.41997262997,3448.833082200411,4506.327401927258,4385.426570445831,3877.3550027567953
0.484,4315.2196179626935,3444.4169023599607,4505.295735815949,4382.2416897764015,3878.241005772142
0.486,4312.746601194886,3439.740783932644,4504.505373978732,4380.319540941479,3878.6533858312796
0.488,4309.941020830022,3435.497545716044,4503.8104836762,4379.8963810612595,3878.3523780175137
0.49,4306.765209328822,3432.325255151367,4503.068421814037,4381.245799772219,3877.2453275652656
0.492,4303.199895317778,3430.737040613596,4502.171037231494,4383.04159517716,3875.4217618320295
0.494,4299.276817497932,3430.968228743993,4501.058420346295,4384.710134078136,3873.143610307019
0.496,4295.077070581769,3432.8326225211285,4499.728022358062,4385.638180266637,3870.7839583996474
0.498,4290.719230341991,3435.800471919415,4498.21508391961,4385.448975665707,3868.7290521381838
0.5,4286.352868005917,3439.01343266655,4496.588804014313,4384.127827182485,3867.275318565803
0.502,4282.116439951606,3441.5633250523256,4494.931712546337,4381.968312047407,3866.556627869165
0.504,4278.115509307746,3442.552228580434,4493.313262950174,4379.425614019386,3866.525435620375
0.506,4274.394829394261,3441.6772630956116,4491.7713562250565,4376.991178575442,3866.9908014407088
0.508,4270.9419792032695,3439.073437630776,4490.297337340781,4375.012196988465,3867.6955360147836
0.51,4267.716231352444,3435.3714283525774,4488.8460769823305,4373.634686503961,3868.4019623476424
0.512,4264.658701993617,3431.6593113725344,4487.355758924192,4372.769795235698,3868.9558325825997
0.514,4261.716206500229,3429.0179757271526,4485.77879331594,4372.177527121925,3869.310491025207
0.516,4258.846155520275,3428.5570645258244,4484.13612678759,4371.578123303421,3869.512127554695
0.518,4256.003662921285,3430.640124871612,4482.467486773393,4370.748777632415,3869.6623365866153
0.52,4253.138899569243,3434.9850585563854,4480.871899616859,4369.605722353557,3869.8788970953146
0.522,4250.197482122835,3440.6797453563545,4479.416065156766,4368.205411797259,3870.268684103234
0.524,4247.136364632307,3446.279615935684,4478.210289389512,4366.723806093115,3870.9133276104008
0.526,4243.9423977672395,3450.283221507515,4477.206270055784,4365.368084211598,3871.8577416959506
0.528,4240.641499318936,3451.454076513143,4476.328888620676,4364.30683225777,3873.0911498523296
0.53,4237.311063256652,3449.2934079634297,4475.461148876197,4363.601571015962,3874.5199231687216
0.532,4234.0636520330045,3444.1873361051016,4474.491713733071,4363.192121162688,3875.9446543218914
0.534,4231.027100060315,3437.235200644647,4473.343684768482,4362.9318098733165,3877.061289122903
0.536,4228.2994107943105,3430.0896555105196,4472.00187174974,4362.628651861271,3877.5016408841384
0.538,4225.9111829369685,3424.3705936392903,4470.507755862508,4362.122735951104,3876.912731230941
0.54,4223.821583865851,3421.2876540882244,4468.933085451656,4361.325588547464,3875.0547600677314
0.542,4221.910093398656,3421.18418182371,4467.356967431189,4360.243411844866,3871.885008644671
0.544,4220.023977381345,3423.4722815124424,4465.8343657501655,4359.021769455037,3867.5973010706966
0.546,4218.020846191385,3426.905704859518,4464.38692335135,4357.765428377291,3862.6028920574713
0.548,4215.81001202201,3429.9045632731454,4463.001757823793,4356.616531038795,3857.4596142678647
0.55,4213.376777556157,3431.1954033206907,4461.648735220961,4355.634165764793,3852.7712582415706
0.552,4210.773147706284,3430.159365525699,4460.302407118118,4354.799652684831,3849.0837080014453
0.554,4208.111165390519,3427.15739458117,4458.9591910373065,4354.021537255655,3846.7996766675956
0.556,4205.5234226604625,3423.35998361396,4457.6436133340285,4353.22036978952,3846.1238859246073
0.558,4203.135029777026,3420.3604704671034,4455.712180130789,4352.358060051987,3847.040111008849
0.56,4201.024652189049,3419.6453804065113,4454.629408466188,4351.468762026124,3849.3155745782806
0.562,4199.201779767731,3422.0107567277123,4453.662381212881,4350.65904134122,3852.5283585307434
0.5640000000000001,4197.613010901329,3427.384029945341,4452.725099913444,4350.060556341409,3856.1168084506835
0.5660000000000001,4196.143015016466,3434.6419351227314,4451.717914761789,4349.745352298417,3859.451421588116
0.5680000000000001,4194.659083460297,3442.0474107789664,4450.546018033252,4349.678131557734,3861.9261918685065
0.5700000000000001,4193.046551477644,3447.7387299260936,4449.145473682662,4349.700099031541,3863.0581178981333
0.5720000000000001,4191.242495396826,3450.323169138187,4447.51706998063,4349.556089341566,3862.5746570389197
0.5740000000000001,4189.246248652082,3449.323242472521,4445.723067030159,4348.991811103313,3860.4652291519
0.5760000000000001,4187.0996369310515,3445.1391101368326,4443.860948284075,4347.82583652573,3856.978681248399
0.578,4184.870292698158,3439.0505146459573,4442.034810128733,4346.072008721631,3852.5638204640227
0.58,4182.613388210662,3432.666130006556,4440.312941168031,4343.9244445421255,3847.7689259722206
0.582,4180.298942120426,3427.4624631951424,4438.712999493326,4341.714294924891,3843.1294720123356
0.584,4177.976961295734,3424.361813462161,4437.197024598158,4339.808991797545,3839.0748920162414
0.586,4175.517945942025,3423.515873820967,4435.697688632435,4338.469458131232,3835.8753697094544
0.588,4172.809381210877,3424.4742488364404,4434.148649831251,4337.786112925507,3833.633346102227
0.59,4169.765494317649,3426.3524874771765,4432.511464371901,4337.600556001153,3832.3084208181226
0.592,4166.348619654941,3428.286159605721,4430.7865037856,4337.599917504868,3831.755336834401
0.594,4162.571726650997,3429.720564781992,4429.000317006939,4337.407934505443,3831.756829174849
0.596,4158.515053197712,3430.5612277935916,4427.189982089439,4336.732257107294,3832.044601487298
0.598,4154.278142438377,3431.098193977775,4425.381925050694,4335.474303352105,3832.3152872462833
0.6,4149.956392309647,3431.769555983714,4423.586267984992,4333.756061234607,3832.255396801233
0.602,4145.627532233581,3432.8946434868913,4421.802759293175,4331.918097986248,3831.5851459990427
0.604,4141.338800899726,3434.4682364297278,4420.033878037439,4330.366762434736,3830.1175940344106
0.606,4137.120491634306,3436.148841769117,4418.2968923022145,4329.464474702011,3827.814702552986
0.608,4132.997080779239,3437.3804892627695,4416.626329868683,4329.35584961883,3824.815523190561
0.61,4129.005040924552,3437.67184498554,4415.066211361527,4329.940458141263,3821.418836449729
0.612,4125.206000421246,3436.789075527246,4413.661962349576,4330.9077018945945,3818.019907265975
0.614,4121.669327348931,3434.940922458621,4412.438107549285,4331.812031180162,3815.0191527702764
0.616,4118.464116476482,3432.6890467683506,4411.388928689173,4332.255967850443,3812.730614522459
0.618,4115.649422171191,3430.7231396560765,4410.483077313598,4331.979176505275,3811.3169754258365
0.62,4113.226463665236,3429.564489047702,4409.662869690471,4330.980337682073,3810.767639210074
0.622,4111.150810251702,3429.2959697092283,4408.86518799663,4329.4608047301035,3810.9218807232983
0.624,4109.341112205643,3429.5251298715184,4408.0349878036395,4327.74169407903,3811.525556174313
0.626,4107.677502419811,3429.4890334188963,4407.133554305527,4326.15548736178,3812.301672136752
0.628,4106.043977855701,3428.4281456051813,4406.141512539573,4324.908996374681,3813.014249740966
0.63,4104.339024611907,3425.8947600791466,4405.052975699508,4324.044805488522,3813.510519734667
0.632,4102.490674318863,3422.0812954944913,4403.879697882048,4323.422083777735,3813.7355617896246
0.634,4100.454084346516,3417.81311797166,4402.6478176121245,4322.818897874695,3813.7222252846464
0.636,4098.194927016593,3414.334309160436,4401.392190429641,4322.021236075039,3813.564607758935
0.638,4095.696217403,3412.9023870196147,4400.148310583571,4320.92824752811,3813.3849214324496
0.64,4092.944065451401,3414.278565042601,4398.935411426993,4319.584960561441,3813.3023747463158
0.642,4089.927581912964,3418.5189300855154,4397.746807298226,4318.158172113359,3813.409796393238
0.644,4086.671531188435,3424.7299875669078,4396.546990508323,4316.871868989391,3813.760013211604
0.646,4083.2355515356116,3431.3956293107262,4395.28471652685,4315.903105069937,3814.360804778818
0.648,4079.7229227628804,3436.8103426585135,4393.905067008692,4315.329896719116,3815.175677000069
0.65,4076.279268488168,3439.6246052831725,4392.365693979032,4315.077207300667,3816.127697040273
0.652,4073.0602956579837,3439.316178097242,4390.639337995447,4314.975125218836,3817.104722178225
0.654,4070.2202102637207,3436.2145213552394,4388.70002013988,4314.8226673008785,3817.9662528050985
0.656,4067.8576781266306,3431.520627016161,4386.527514102773,4314.4730375459685,3818.5541796998
0.658,4066.014645041939,3426.7838533139115,4384.1058435148525,4313.890837901731,3818.710280275587
0.66,4064.6864426044726,3423.431829669483,4381.424310760803,4313.150308973341,3818.3010432220676
0.662,4063.795676034529,3422.2935530952273,4378.508001214354,4312.4034900896,3817.245865891281
0.664,4063.2443661312814,3423.3427592815306,4375.4255001897445,4311.789939712568,3815.5407798873007
0.666,4062.933971245623,3425.822712894022,4372.288136842882,4311.375858569413,3813.2695576896444
0.668,4062.761250111077,3428.432799534903,4369.243200735655,4311.098523276602,3810.5974862501866
0.67,4062.6372177993567,3429.879093381407,4366.432643766064,4310.7930696478625,3807.7477881127807
0.672,4062.4739054362353,3429.247929168243,4363.964502066935,4310.239683300191,3804.9645679306254
0.674,4062.1802075011146,3426.3954306705336,4361.861213246443,4309.266105754576,3802.469070977385
0.676,4061.663305513244,3421.9638940291597,4360.050769674488,4307.817110948162,3800.4182579771737
0.678,4060.824338378667,3417.1279940709483,4358.392540428165,4305.978732897135,3798.875605698808
0.68,4059.5947789645134,3413.277196336225,4356.706828878702,4303.9889598201025,3797.8024320458157
0.682,4057.93593629838,3411.510602026418,4354.8410705770375,4302.13371420204,3797.073349750528
0.684,4055.836942553302,3412.4267561925676,4352.70149419402,4300.672292348003,3796.512697384863
0.686,4053.3483521193866,3415.858981935577,4350.282899205649,4299.719453732978,3795.94230095599
0.6880000000000001,4050.54952045329,3421.0143663732374,4347.652167197127,4299.220000337652,3795.2270164506062
0.6900000000000001,4047.5359888788626,3426.7907931475133,4344.909173058048,4298.973021687956,3794.3047219566856
0.6920000000000001,4044.4181104191744,3431.96566855263,4342.157421646057,4298.68883909531,3793.1923791382856
0.6940000000000001,4041.287610573428,3435.617327582584,4339.465236449988,4298.1209202201935,3791.9683785052093
0.6960000000000001,4038.2116578852556,3437.22558219658,4336.8561672174055,4297.137068834036,3790.7403318562147
0.6980000000000001,4035.2244967224055,3436.90778114049,4334.287007623149,4295.799395561492,3789.612627282173
0.7000000000000001,4032.3359973532274,3435.0769013256245,4331.7800119937465,4294.31807677448,3788.6667214083923
0.7020000000000001,4029.5477555782404,3432.287656506105,4329.170686975603,4292.982683508098,3787.9594608865636
0.704,4026.8568587189257,3429.1241266543916,4326.5578279490865,4292.036547054382,3787.5342508819167
0.706,4024.2651891236906,3426.0130880208394,4323.892471954921,4291.568144678952,3787.432345234799
0.708,4021.779254642468,3423.235786212605,4321.19924149399,4291.46784495967,3787.691497850794
0.71,4019.3989448302837,3420.93506713466,4318.513714216884,4291.41422626104,3788.327012133633
0.712,4017.1207543099167,3419.1748406925353,4315.862634670972,4290.998702315295,3789.301764832224
0.714,4014.9379398986207,3417.9823860744987,4313.253802429572,4289.819475116996,3790.500664387918
0.716,4012.831223115648,3417.300808614142,4310.669373121409,4287.665814318089,3791.7258893011535
0.718,4010.771841721996,3417.000997658289,4308.0774846607455,4284.496950912,3792.721486166056
0.72,4008.7198947345814,3416.8675491819477,4305.448059950155,4279.578668541545,3793.223978707405
0.722,4006.6303277861284,3416.613886962846,4302.7768009378915,4275.605236685127,3793.0251624953144
0.724,4004.468329085234,3415.981920510635,4300.097092824224,4272.065519673122,3792.0277671406957
0.726,4002.2190565645565,3414.831183326392,4297.482066550228,4269.361471802598,3790.2757831854483
0.728,3999.900726300211,3413.2896128727207,4295.022792686124,4267.640054364167,3787.9489388444103
0.73,3997.554077516207,3411.7618250237756,4292.79848209308,4266.802320548767,3785.322730360478
0.732,3995.2315075918846,3410.8951535340793,4290.857838317852,4266.554693689965,3782.7070980781104
0.734,3992.98041338531,3411.3480592188553,4289.181190345179,4266.462329063839,3780.3831865429324
0.736,3990.8327610117826,3413.541186155819,4287.698896414153,4266.123460120535,3778.5557388192656
0.738,3988.8076632288416,3417.4858760042775,4286.3076300687935,4265.253483094109,3777.330125196707
0.74,3986.905584502845,3422.5415990442993,4284.888670404404,4263.792258123952,3776.71280594469
0.742,3985.1198072390266,3427.6240303301415,4283.339902873171,4261.852618087238,3776.627318263242
0.744,3983.443331184422,3431.3802473204682,4281.576191222589,4259.669960316013,3776.9368538176277
0.746,3981.866528249983,3432.6513608604146,4279.544418546166,4257.5242481216255,3777.467543983068
0.748,3980.3589755644925,3430.815881167361,4277.20607622427,4255.617718142095,3778.03041918258
0.75,3979.0116326022408,3425.933858838255,4274.519050544687,4254.038198993696,3778.4424830260928
0.752,3977.7253886980047,3419.0153024665124,4271.460385608137,4252.709141718888,3778.5477942591906
0.754,3976.5687521888153,3411.5945392087247,4268.017069069244,4251.456797945558,3778.238116864368
0.756,3975.481767648927,3405.430595228923,4264.195364693315,4250.054138049818,3777.470498289086
0.758,3974.45605880135,3401.9293190122216,4260.066882297023,4248.313757202455,3776.2772665180237
0.76,3973.4718674112046,3401.7457672423575,4255.752962059363,4246.134324012863,3774.7634882979496
0.762,3972.5008253566184,3404.701615225542,4251.421325813579,4243.507902218208,3773.088927075561
0.764,3971.5774307607107,3409.6332736344993,4247.258690741024,4240.545308186858,3771.43633874529
0.766,3970.6856156141357,3414.965562896644,4243.421573667382,4237.389328761731,3769.9738864376486
0.768,3969.8289214560155,3419.093319130823,4240.018363972152,4234.184982379757,3768.822896816556
0.77,3969.006084723888,3420.950208979534,4237.057790152429,4231.044954665664,3768.0401079734
0.772,3968.213448028746,3420.2942818555744,4234.4767552226185,4228.0321812918655,3767.616853625311
0.774,3967.44300526823,3417.692130357572,4232.168405274788,4225.179082199738,3767.4908322409597
0.776,3966.678305294147,3414.448730911463,4229.999189679746,4222.490664957311,3767.563537258359
0.778,3965.895796190364,3412.015604554478,4227.864470696231,4219.973873188742,3767.718658214031
0.78,3965.062517840666,3411.6240045381546,4225.70227993488,4217.641725160815,3767.8406602040186
0.782,3964.1448342451213,3413.7370107329393,4223.496676419939,4215.486615518185,3767.834415112004
0.784,3963.109469614769,3417.9807802969262,4221.2580395012,4213.481212057659,3767.644884811994
0.786,3961.921831970955,3423.2632098306635,4218.994476040976,4211.56206499852,3767.2723908933485
0.788,3960.560696207258,3428.027624010564,4216.690121006983,4209.62399087339,3766.776984272103
0.79,3959.004239304709,3430.836205548855,4214.29792709048,4207.548655790518,3766.2667373301465
0.792,3957.227293461107,3430.6570756123274,4211.746466132845,4205.21908912309,3765.8693816804584
0.794,3955.224962725366,3427.3694890440015,4208.975872163347,4202.5794502926965,3765.692717127988
0.796,3952.9979316616304,3421.64877552917,4205.956725762566,4199.636355041269,3765.7839918117675
0.798,3950.55595709343,3414.781927072847,4202.697032121188,4196.462955930889,3766.1003170769277
0.8,3947.936971888335,3408.388046346193,4199.257999991711,4193.197294065444,3766.5008238881014
0.802,3945.1842677996406,3403.8457656863015,4195.723014257577,4189.977083742123,3766.7665950713995
0.804,3942.348824621453,3402.0555786945265,4192.181900053057,4186.911450261155,3766.646442816667
0.806,3939.490686358367,3403.0272432096326,4188.713580970253,4184.02783960316,3765.917315127268
0.808,3936.6641534225187,3406.0634751552884,4185.37214116676,4181.276018007044,3764.441903091399
0.81,3933.918735297624,3409.988391956858,4182.192026708332,4178.540588307827,3762.206600652303
0.812,3931.2851965698724,3413.4484516887096,4179.180630991013,4175.686803287911,3759.330248336911
0.8140000000000001,3928.781543627118,3415.401143198325,4176.333323919781,4172.624233032799,3756.044325274
0.8160000000000001,3926.4204226528113,3415.2908318879313,4173.640992791384,4169.34912286275,3752.6532949370644
0.8180000000000001,3924.202783982288,3413.3166375503433,4171.079468195685,4165.991372307398,3749.486335393213
0.8200000000000001,3922.1348520020497,3410.2173612660035,4168.617290290226,4162.773129122629,3746.8494388629106
0.8220000000000001,3920.228026226466,3407.0559784980037,4166.215614280998,4159.9805447429735,3744.983171026129
0.8240000000000001,3918.477695489087,3404.901369795207,4163.830605005373,4157.8343786226,3744.029010400745
0.8260000000000001,3916.868370829406,3404.4798385010977,4161.429623956331,4156.43899955561,3744.006945672768
0.8280000000000001,3915.3637552059026,3406.0759196433405,4158.996787929457,4155.739703864795,3744.8076852639338
0.8300000000000001,3913.898012580488,3409.346966472498,4156.534252543964,4155.455881044221,3746.2026012835713
0.8320000000000001,3912.3967370164087,3413.5661467177724,4154.048754258865,4155.2105410651175,3747.8728667903747
0.834,3910.783329176245,3417.7916918398423,4151.536408084763,4154.58114847535,3749.456245329697
0.836,3909.009657606049,3421.093298485211,4148.976513959742,4153.258958328072,3750.605479895099
0.838,3907.062137489794,3422.7850564254345,4146.336322697474,4151.108299185045,3751.0473331486896
0.84,3904.968528297856,3422.4628885135653,4143.582583838534,4148.18199025909,3750.6290475629944
0.842,3902.808702187308,3420.1978928450826,4140.706743972107,4144.760707618711,3749.341555440147
0.844,3900.6838339903948,3416.390834683553,4137.728517407001,4141.186308581057,3747.3154136338576
0.846,3898.706550770861,3411.6869506232924,4134.69383927598,4137.795146403318,3744.7927455452514
0.848,3896.960023694555,3406.921298901853,4131.667675017973,4134.795568630373,3742.0829292978833
0.85,3895.4913294221224,3402.8967954506466,4128.711819052393,4132.234161099344,3739.5105371565933
0.852,3894.3122695243046,3400.3329531263885,4125.876666504757,4130.016287966611,3737.362929844053
0.854,3893.3800292656883,3399.6471074071405,4123.184672628127,4127.939709420925,3735.843994358599
0.856,3892.6408700611664,3400.933918619929,4120.637076870663,4125.8200319023945,3735.0404000696585
0.858,3892.040805193788,3403.966662483132,4118.224886587001,4123.54666027534,3734.906685034051
0.86,3891.527147269376,3408.0829096530388,4115.928227911872,4121.1425561608685,3735.2740717446545
0.862,3891.065807230877,3412.406848978226,4113.728591936103,4118.736335885152,3735.8839749261274
0.864,3890.6326181034287,3415.9572720980264,4111.605322267563,4116.5223754291765,3736.4408056792777
0.866,3890.2042023609133,3418.139906967902,4109.521885631362,4114.660126585667,3736.6720146574885
0.868,3889.75457839243,3417.417123193209,4107.427071594977,4113.215673764301,3736.379905173286
0.87,3889.2494813810663,3414.8210387078675,4105.2558389795395,4112.1299387730705,3735.472072763906
0.872,3888.655298470119,3410.979773468257,4102.950799597584,4111.193755062349,3733.964572462436
0.874,3887.941132554455,3406.9124387413017,4100.480911683937,4110.141187954333,3731.9607653208955
0.876,3887.08136280135,3403.6959690837703,4097.851033758324,4108.694153087238,3729.615879879403
0.878,3886.075796500597,3402.0270389954,4095.1155227806876,4106.683579425479,3727.100495354518
0.88,3884.9400752408146,3402.159733946145,4092.2982143603585,4104.066682842714,3724.574463687955
0.882,3883.706219515822,3403.8275014125325,4089.599598463542,4100.928572597293,3722.1765034646055
0.884,3882.4233499460884,3406.1964926320875,4087.029495342017,4097.493419810428,3720.026129594655
0.886,3881.136875244192,3408.2849807878356,4084.6171946539466,4094.005868622997,3718.2281770791133
0.888,3879.884134614092,3409.1697195816196,4082.352281044644,4090.6928883933956,3716.8698458757453
0.89,3878.682254631518,3408.4231383029933,4080.176567897597,4087.688714039472,3716.0061160546206
0.892,3877.5269022768443,3406.166144908221,4078.0170297868767,4085.029925224213,3715.6380729402654
0.894,3876.3911351393185,3403.049601847191,4075.800282323316,4082.6768075736145,3715.6952956086584
0.896,3875.228521131339,3400.1067987073056,4073.48206399831,4080.5239476413676,3716.034240925419
0.898,3873.9878148921102,3398.318897266681,4071.0551171206903,4078.4745784249303,3716.4590957187334
0.9,3872.623136348103,3398.413247775435,4068.5466233104166,4076.436467046332,3716.762794182919
0.902,3871.1228029358676,3400.4434585096305,4066.0108233117826,4074.457107940058,3716.777480419836
0.904,3869.5054957347,3403.922392701032,4063.498702456265,4072.46895556418,3716.4185512536033
0.906,3867.816946932718,3407.9031549258148,4061.045337050953,4070.499118744039,3715.7067804705734
0.908,3866.1181425697646,3411.2430580740006,4058.653581405264,4068.5869783502885,3714.7594866590384
0.91,3864.4555724715597,3413.021882413354,4056.3026644099978,4066.6647642540634,3713.752034909411
0.912,3862.850261082744,3412.7042816901794,4053.9594426281997,4064.682576332692,3712.861314796359
0.914,3861.287269959987,3410.4799432378845,4051.5980439619516,4062.5958314296136,3712.2094583634293
0.916,3859.731988614251,3406.9935345701506,4049.218878145129,4060.424903675463,3711.8261710868437
0.918,3858.144087543624,3403.2005383587552,4046.858168641626,4058.174041352688,3711.641112466354
0.92,3856.4981594988662,3400.069874389214,4044.5812200292853,4055.9243418264514,3711.5067197188114
0.922,3854.790108110173,3398.258031889139,4042.4634759787928,4053.7787020318633,3711.2418769832784
0.924,3853.0372792682474,3398.02865966676,4040.5754312925847,4051.8291203385884,3710.6820214890276
0.926,3851.277011671935,3399.0754834855315,4038.9376223513086,4050.100424293932,3709.7223664955836
0.928,3849.5521506446044,3400.8035403395484,4037.529055813789,4048.541213758553,3708.3455459427782
0.93,3847.895210820429,3402.4679613431194,4036.28498645891,4047.0213120319727,3706.630067540734
0.932,3846.3676984598196,3403.432237826837,4035.0957811400476,4045.3721825288653,3704.740096758306
0.934,3844.952447957633,3403.3522080940133,4033.8457427627945,4043.448094765633,3702.9004825046954
0.936,3843.671740544352,3402.1996043248596,4032.421689705295,4041.1767063958087,3701.363177317094
0.9380000000000001,3842.525351065531,3400.3167317784973,4030.7545180134543,4038.6187158582934,3700.3710998915913
0.9400000000000001,3841.5154070925346,3398.1686588093826,4028.820183642857,4035.9399624919947,3700.123346440883
0.9420000000000001,3840.624534113976,3396.2360355835017,4026.640971508594,4033.3876412285895,3700.743751548478
0.9440000000000001,3839.856899230599,3394.8490271083456,4024.300817614659,4031.201332978545,3702.2551060641913
0.9460000000000001,3839.1440341259595,3394.1418221033286,4021.904466621378,4029.5439569453843,3704.5634761300958
0.9480000000000001,3838.410071948148,3394.0886455261616,4019.5709372438764,4028.448888449025,3707.4583860432576
0.9500000000000001,3837.5746886994993,3394.5078108544,4017.4039043301586,4027.7716433890732,3710.6327882282876
0.9520000000000001,3836.5758123712653,3395.203633541402,4015.478371838904,4027.2680448162737,3713.7222101054876
0.9540000000000001,3835.389110799671,3395.999145370107,4013.841983603849,4026.6441166802224,3716.3574280739135
0.9560000000000001,3834.049392955194,3396.756122673795,4012.4859381808924,4025.6674694174517,3718.2206986584783
0.9580000000000001,3832.6284500966567,3397.375911910583,4011.376055382614,4024.2327537026763,3719.0926009017285
0.96,3831.2203237814974,3397.753956951433,4010.4549122331664,4022.3917989426454,3718.877544148942
0.962,3829.9076315300217,3397.778886184436,4009.63309835581,4020.349182448326,3717.603478075143
0.964,3828.7390496113057,3397.3165994584906,4008.8162934164934,4018.355926430512,3715.4013984548733
0.966,3827.720939481835,3396.2312117177985,4007.90229406836,4016.6328624747716,3712.4753381410437
0.968,3826.814804082886,3394.5094694715535,4006.8067907694226,4015.2601068203585,3709.0718294580065
0.97,3825.9689054329874,3392.263225556057,4005.473195282919,4014.1596612378275,3705.4534890940536
0.972,3825.138532366572,3389.766729468861,4003.878922515442,4013.1059316105466,3701.877429712757
0.974,3824.30747529948,3387.4331892876503,4002.064330868556,4011.8106740165467,3698.576418266995
0.976,3823.493690970784,3385.6823436832105,4000.097688510075,4010.0341436739313,3695.740321536598
0.978,3822.7388809672398,3384.874334036768,3998.061503649593,4007.6690472953323,3693.497968109022
0.98,3822.0822705728815,3385.1105839361367,3996.0296216495994,4004.8277713331636,3691.9033272554025
0.982,3821.5446074992947,3386.2725267833994,3994.0397250067194,4001.7796675156533,3690.931905768493
0.984,3821.1174195561994,3388.031882375759,3992.0938903359047,3998.903124575077,3690.4912757654483
0.986,3820.7588381543483,3389.89805964745,3990.1662567864796,3996.550117010572,3690.4438336823546
0.988,3820.410832892505,3391.4236928804653,3988.2317550891357,3994.9540257446743,3690.6337709120266
0.99,3820.002742693784,3392.2849020151293,3986.2877295965354,3994.1717959531875,3690.9083128852944
0.992,3819.4649346433953,3392.4463219323675,3984.367771294277,3994.0307994328127,3691.127180661026
0.994,3818.731271134678,3392.109405713467,3982.5326068259947,3994.245485750191,3691.1617957874214
0.996,3817.7446054132433,3391.662659685166,3980.854810173544,3994.4777335272574,3690.89241805961
0.998,3816.4829339838607,3391.5428254623557,3979.3739253674435,3994.448615938967,3690.2126481720925
1.0,3814.9489266825285,3392.0527377638773,3978.08929091505,3994.005767088826,3689.045312556442
1.002,3813.1770698943865,3393.2691609508497,3976.9573415469395,3993.1333259587814,3687.3653214758297
1.004,3811.238448900892,3394.9183240740413,3975.895189270399,3991.944311525567,3685.2190364996413
1.006,3809.211149938219,3396.498732222913,3974.8238655670334,3990.5832443517374,3682.728702283856
1.008,3807.177114202907,3397.3500400712155,3973.681654885175,3989.174161636837,3680.074585609135
1.01,3805.210139054589,3396.922532434959,3972.442295721261,3987.7736976621627,3677.4558186000086
1.012,3803.372238874714,3394.910069461785,3971.102787751695,3986.3649260271036,3675.041063650274
1.014,3801.717739057822,3391.3371897951424,3969.6679142819085,3984.888332173975,3672.9269590860104
1.016,3800.2813405044076,3386.7247447418163,3968.1468596395703,3983.2956689351518,3671.1212671197704
1.018,3799.090005023353,3381.827931066829,3966.54250073891,3981.584854818887,3669.558382934391
1.02,3798.157209972911,3377.541836112826,3964.8595041975836,3979.8151927412573,3668.1415356450725
1.022,3797.463154515256,3374.593765986314,3963.121088161005,3978.0882678068033,3666.794647713739
1.024,3796.9687103160168,3373.389842426508,3961.365032218781,3976.5002113849923,3665.5029028045533
1.026,3796.6057316634506,3373.969222077044,3959.643143158944,3975.102829262986,3664.326775711147
1.028,3796.2773636295096,3375.8554886887227,3958.0037919172532,3973.8664231969105,3663.386334147016
1.03,3795.8798715298126,3378.366163013786,3956.4791235968437,3972.7042871876615,3662.8241399042963
1.032,3795.3109483352096,3380.7226976266784,3955.0785608548426,3971.5040488436744,3662.7604964051425
1.034,3794.5000766617186,3382.294278306324,3953.774008844643,3970.187880878343,3663.253428578225
1.036,3793.405559272223,3382.752464881099,3952.5182581609533,3968.7509330163066,3664.271244962848
1.038,3792.016425870245,3382.089062733981,3951.2516199502747,3967.275299584071,3665.6817193228926
1.04,3790.3633485314144,3380.6797440205873,3949.919380791793,3965.9044106060555,3667.26000275969
1.042,3788.4893389412878,3379.038228774688,3948.4551952229217,3964.786037169247,3668.716246148898
1.044,3786.451146683815,3377.7130159798744,3946.925309881953,3964.018722700645,3669.741869352119
1.046,3784.3202220120297,3377.0888144945975,3945.2527156779884,3963.5809787043722,3670.0691423093594
1.048,3782.167149827156,3377.327588758556,3943.489417888378,3963.3455080962967,3669.532433030372
1.05,3780.066108801049,3378.3055219789794,3941.67167578971,3963.0907931543165,3668.1140386301113
1.052,3778.084905832357,3379.7185442434875,3939.848873112793,3962.571570758587,3665.957563081394
1.054,3776.2835546212614,3381.128361200435,3938.071808421231,3961.5905491375406,3663.3398770388662
1.056,3774.709961850665,3382.115090876113,3936.39115861405,3960.0498070580975,3660.606467013695
1.058,3773.3779462634297,3382.42245126724,3934.81529590218,3958.0151077400433,3658.0885846277683
1.06,3772.2786440177565,3381.958021982141,3933.391391981876,3955.660462263498,3656.0280199625568
1.062,3771.375445544844,3380.815403040163,3932.100370519751,3953.2414552428118,3654.533015133288
1.064,3770.6029685817966,3379.2726800039904,3930.9012118404207,3951.019321406183,3653.577169454873
1.066,3769.8962746367342,3377.2826785510088,3929.7636358715445,3949.190662655128,3653.0365287442714
1.068,3769.200941792966,3376.1580128468727,3928.6656410019864,3947.854803080632,3652.7455279947358
1.07,3768.488168645833,3375.776922255358,3927.5931657440015,3946.971137796249,3652.547003887524
1.072,3767.757613393693,3376.2782644321514,3926.5336220339614,3946.4202879581903,3652.3180349100417
1.074,3767.0289304442294,3377.6649865472905,3925.4615954052824,3946.0347792038465,3651.9683918612604
1.076,3766.3273735616826,3379.7045686998677,3924.333802059456,3945.6503089875055,3651.4235652931125
1.078,3765.6732589253284,3382.004304025051,3923.092705199892,3945.1712367063406,3650.611537757163
1.08,3765.0801168566686,3384.0209579319794,3921.677439950159,3944.5649628410392,3649.4682187375474
1.082,3764.5538865989183,3385.2000848857733,3920.0540745548087,3943.8797911166757,3647.9632794701656
1.084,3764.1018833786584,3385.087365739807,3918.216776907133,3943.209129704707,3646.1332545011282
1.086,3763.7339933799844,3383.441520116535,3916.1948697511352,3942.61493645266,3644.100623745036
1.088,3763.4553531383226,3380.4215495402436,3914.0530414175337,3942.130677472331,3642.061161275272
1.09,3763.2672431147626,3376.487752723256,3911.860740308095,3941.703445679452,3640.2360989784124
1.092,3763.1603743909673,3372.3869824646945,3909.682285575833,3941.174844783147,3638.8037159659493
1.094,3763.108150752012,3368.963803732634,3907.5632961692777,3940.405727748238,3637.837094289184
1.096,3763.07236301102,3366.927942249618,3905.533809444027,3939.242333951976,3637.2742990307815
1.098,3763.00012919519,3366.681772956236,3903.6201371137067,3937.6201540180878,3636.9347754771306
1.1,3762.8305949730834,3368.067755851874,3901.8470299668757,3935.6008541246374,3636.5777328989802
1.102,3762.4965556746783,3370.5029413120733,3900.2467585379995,3933.3440731841956,3635.9827599145774
1.104,3761.9268008413483,3373.0451692302854,3898.8487283349064,3931.084751172627,3635.0260891939006
1.106,3761.0701604713354,3374.678152749748,3897.65151943354,3929.05340307547,3633.729473730559
1.108,3759.88786687707,3374.607943615099,3896.625509229852,3927.416569196788,3632.269496613564
1.11,3758.3641004809015,3372.4619955194403,3895.7052392775618,3926.227351853753,3630.9481052605565
1.112,3756.4993138384766,3368.5413767741366,3894.7981047460066,3925.405544563963,3630.135189467443
1.114,3754.4367306306763,3363.617740574979,3893.8127841434693,3924.7908936403314,3630.1980219079787
1.116,3752.144395698375,3358.826214426773,3892.673545369603,3924.1824641911426,3631.4311189075474
1.118,3749.813204799441,3354.650394302081,3891.347178961488,3923.4147577346334,3633.996984773985
1.12,3747.43638185118,3353.9593254491024,3889.835837159754,3922.4019993746892,3637.885476521061
1.122,3745.2162930414615,3355.6571430737276,3888.1754332250875,3921.1609710384973,3642.8971567399585
1.124,3743.1720884823376,3359.1374890199245,3886.4310757585395,3919.7974004905727,3648.6539011342265
1.1260000000000001,3741.3571354560418,3363.3933529293054,3884.6727529433033,3918.4504856089497,3654.6382461731387
1.1280000000000001,3739.8152024762817,3367.2037214233455,3882.9704893013795,3917.24482169043,3660.2599145368267
1.1300000000000001,3738.5781454359208,3369.5577546889376,3881.379418640842,3916.2344938580063,3664.9412041022765
1.1320000000000001,3737.6789419164857,3369.906169834876,3879.9387958379925,3915.3929426829577,3668.2038698868637
1.1340000000000001,3737.1295279664882,3368.291254445039,3878.6696632913213,3914.6157635143013,3669.7357880568284
1.1360000000000001,3736.899656658651,3365.4157192093116,3877.5610166961715,3913.761741303072,3669.421704140699
1.1380000000000001,3736.927145856698,3362.279879458815,3876.578601980947,3912.699194138461,3667.336108698143
1.1400000000000001,3737.1086377250576,3359.9618208295633,3875.6565751168655,3911.3458862095786,3663.709338433872
1.1420000000000001,3737.320425389066,3359.1997909233537,3874.7004579360337,3909.699320992988,3658.8832934804323
1.1440000000000001,3737.4461853393623,3360.227872832888,3873.6041980663995,3907.814614228204,3653.26957651608
1.1460000000000001,3737.392073231544,3362.7014141105205,3872.2626970012593,3905.790720017568,3647.314638399365
1.1480000000000001,3737.104471159022,3365.751938533717,3870.6125676493325,3903.732949787564,3641.4680841205936
1.1500000000000001,3736.555157617574,3368.3645475798467,3868.6317545183133,3901.7209684066916,3636.1450810581377
1.1520000000000001,3735.7399222209942,3369.610646730994,3866.3501362880725,3899.800943702719,3631.676231287806
1.154,3734.675013928537,3369.0317227147902,3863.857510184976,3897.988153820256,3628.2495181360546
1.156,3733.3779108232393,3366.667294171207,3861.2632675095088,3896.2924639107077,3625.862424909831
1.158,3731.8749178382436,3363.0629244953907,3858.686923055643,3894.734860005549,3624.308336180834
1.16,3730.202437212095,3359.1451371257444,3856.2334319451916,3893.351267813085,3623.2144818694787
1.162,3728.397142570344,3355.8703534577967,3853.9851984507204,3892.1895632376113,3622.1305704584006
1.164,3726.5044384859657,3354.037686352773,3852.005339412357,3891.2764422897894,3620.6459771430887
1.166,3724.578243936087,3353.9758648688376,3850.3221296666084,3890.579710487698,3618.4997976524473
1.168,3722.678559688507,3355.579846475843,3848.9489788605915,3890.0005871608973,3615.6491434437626
1.17,3720.874676810045,3358.3322685644207,3847.8776846974356,3889.365569369801,3612.2758829752443
1.172,3719.23831312224,3361.431482103084,3847.0607685598234,3888.4687737514596,3608.7340507479853
1.174,3717.848313120689,3364.097299956693,3846.4367242970993,3887.114027075969,3605.4601893746903
1.176,3716.7803252115896,3365.7074028324787,3845.9313323110937,3885.174953157192,3602.878396169752
1.178,3716.085229955815,3366.0141848020767,3845.4711594304117,3882.6521764486442,3601.327406672983
1.18,3715.79391382144,3365.0929242072325,3845.0069290746037,3879.6474549867035,3601.0224571070034
1.182,3715.89040271978,3363.307536415081,3844.5150429590667,3876.3586988013144,3602.048088462422
1.184,3716.299241794891,3361.216515066753,3843.994087783697,3873.015808180779,3604.3674175200968
1.186,3716.9094398006505,3359.3584921281504,3843.4451715306564,3869.8062281435186,3607.832553748577
1.188,3717.575910149935,3358.164260986612,3842.8509268121584,3866.8292191578144,3612.1884383036604
1.19,3718.1497103077695,3357.810565971784,3842.1642041188215,3864.0641998650904,3617.07359421787
1.192,3718.496331903615,3358.2437942286315,3841.3058270275114,3861.4000871146977,3622.030069126903
1.194,3718.507505415035,3359.191164798095,3840.1770021848324,3858.67040488221,3626.536069441714
1.196,3718.119207244152,3360.2177030544885,3838.706277194996,3855.7227894306934,3630.0669493163064
1.198,3717.293112926079,3360.8626500727755,3836.8592943532926,3852.4603506965955,3632.176843010389
1.2,3716.03211376555,3360.703174062857,3834.6619518307843,3848.8697704504757,3632.5809759941853
1.202,3714.3881249234582,3359.5082615866927,3832.2193709199164,3845.014354997884,3631.2146092302723
1.204,3712.435776361104,3357.247386372813,3829.6724113334153,3840.9720081135456,3628.2513767256714
1.206,3710.2795701820014,3354.1434321091742,3827.1845492728485,3836.7872897245143,3624.0764558924225
1.208,3708.037439741215,3350.6932131068284,3824.9008313736767,3832.4227173977238,3619.2213734476773
1.21,3705.8183042618452,3347.522789463034,3822.92812825099,3827.732671985223,3614.2746503338963
1.212,3703.126201913715,3345.3055961711902,3821.3256933205307,3822.487833448896,3609.785551450617
1.214,3701.266096692705,3344.5160438965786,3820.0790245299195,3816.4563807236955,3606.176561503905
1.216,3699.633573099905,3345.3539131578764,3819.1342752904275,3809.441640392583,3603.676100653994
1.218,3698.2425167012416,3347.647275097053,3818.4021517086617,3801.3734456137795,3602.280121504284
1.22,3697.0901986590675,3350.790936384149,3817.7698437707795,3792.3668856167646,3601.750392797443
1.222,3696.178150421878,3353.9750636295944,3817.1369948597935,3782.6588288302273,3601.6555403393913
1.224,3695.506643568871,3356.3266503908726,3816.4173745567928,3772.598081233325,3601.4544549029256
1.226,3695.0669623362637,3357.13343024754,3815.5932797745095,3762.549614850816,3600.6095244558014
1.228,3694.8453517886737,3356.1171356463087,3814.6435871930044,3752.798973692516,3598.7037931112945
1.23,3694.8054497450166,3353.525773542325,3813.615938169864,3743.4878684517844,3595.530382429421
1.232,3694.8866058841845,3349.824845321863,3812.568616378296,3734.5622594965835,3591.1302127304234
1.234,3695.0215795120566,3346.0559385789393,3811.5682889754266,3725.805522191476,3585.7713464572475
1.236,3695.1456776943683,3343.026379361268,3810.6613665675627,3716.864668259915,3579.8809907771733
1.238,3695.2130278806626,3341.326716789827,3809.8718454828054,3707.3447241579565,3573.9534257548517
1.24,3695.195629944327,3341.172713306001,3809.1863430253975,3696.860342241688,3568.461176958948
1.242,3695.0748476000463,3342.3306451103554,3808.5250793490027,3685.1071459008012,3563.7911178562886
1.244,3694.8311239024547,3344.2044640885015,3807.786740286923,3671.9404722762947,3560.2142468813668
1.246,3694.4297501861734,3346.0814471393696,3806.859388162004,3657.3107964211795,3557.8839517190995
1.248,3693.8273995298046,3347.30613754061,3805.6474226042697,3641.301905218736,3556.848699015905
1.25,3692.9906446069676,3347.512904655164,3804.1068139811723,3624.1219994752814,3557.064374736541
1.252,3691.898562765987,3346.6686734495356,3802.2430439279015,3605.997648622331,3558.3982925608393
1.254,3690.5604497584213,3345.094422616848,3800.126332876513,3587.183857826409,3560.626843198388
1.256,3689.019640469433,3343.345644768569,3797.8808854219433,3567.9227814716796,3563.436140887039
1.258,3687.332042710376,3342.014673855067,3795.6514531161306,3548.384498343058,3566.4364473037967
1.26,3685.560982078362,3341.5751344795194,3793.581856301839,3528.6723108328147,3569.196926181309
1.262,3683.761434234728,3342.207718500575,3791.774051163758,3508.822897464897,3571.2998376881524
1.264,3681.969918323742,3343.807611907034,3790.2810375407726,3488.4981348042256,3572.405581318843
1.266,3680.20788798663,3345.9770768240287,3789.094653288439,3468.6622834801574,3572.3144126008433
1.268,3678.48933527382,3348.1462485123757,3788.152232074525,3448.0208740407984,3571.008537316229
1.27,3676.8368998787228,3349.737388576863,3787.373759250005,3427.642315720234,3568.661380705633
1.272,3675.291914201984,3350.3019879558583,3786.6740947181474,3407.48523666138,3565.6100391565124
1.274,3673.910452510684,3349.679057996843,3785.9846837412842,3387.7221594124912,3562.2982776132417
1.276,3672.759925843247,3347.97231877116,3785.2652979242484,3368.5866370784665,3559.2047938795326
1.278,3671.8981498858375,3345.557517135184,3784.5050627445657,3350.2170157319924,3556.772395610862
1.28,3671.3502571264007,3342.9660693270503,3783.7199027390075,3332.6010688995416,3555.349722203437
1.282,3671.1180802571994,3340.7217160196014,3782.9403750029683,3315.576655420235,3555.151014133763
1.284,3671.16817175366,3339.228212969654,3782.198492122207,3298.8069259108806,3556.234642044508
1.286,3671.4330243508057,3338.6426854591937,3781.509043983673,3281.864509860606,3558.4996742788367
1.288,3671.837684856139,3338.9013678962897,3780.8602667154705,3264.2888088212203,3561.7003460986152
1.29,3672.2574015782698,3339.727968157462,3780.208966635903,3245.682566688284,3565.4777613295196
1.292,3672.6103882256375,3340.7330414483313,3779.4929158548603,3225.7828260660026,3569.405087960123
1.294,3672.763355051032,3341.545687817513,3778.648797541645,3204.431711098145,3573.038186842376
1.296,3672.630265541186,3341.8925383621613,3777.6367665289386,3181.646506505869,3575.960460023136
1.298,3672.1423789741234,3341.673320557362,3776.4649931586537,3157.56517734514,3577.8122792740523
1.3,3671.266771856833,3340.9255785146784,3775.187020334211,3132.364741265476,3578.3037737911277
1.302,3670.0202981126686,3339.7978235133837,3773.8986985997853,3106.293827118224,3577.2202476852462
1.304,3668.4535649950276,3338.481562131604,3772.7059899631045,3079.6124796815307,3574.4335337844764
1.306,3666.637426673737,3337.1404598397166,3771.6932135164307,3052.5633120859206,3569.9271060678575
1.308,3664.6676802674024,3335.8935139781975,3770.892835827053,3025.393137132228,3563.830436537572
1.31,3662.64653235068,3334.8051679751725,3770.269383314173,2998.3282375312406,3556.4442174394258
1.312,3660.6774485316764,3333.907824664259,3769.742776600551,2971.5816116965416,3548.2325571551337
1.314,3658.859882064669,3333.211150941692,3769.2076244685636,2945.3324924891613,3539.7696822395824
1.316,3657.2771955096373,3332.7018486025618,3768.570112802638,2919.700415188835,3531.651107657141
1.318,3655.9996411097077,3332.348265400862,3767.7655148352874,2894.7386670102533,3524.39610940223
1.32,3655.0608538176757,3332.0826184489338,3766.7668918938166,2870.3570477484254,3518.370441247109
1.322,3654.4543902745254,3331.8004697684823,3765.5848450804374,2846.3014991599703,3513.7487090777922
1.324,3654.144788729921,3331.374828915197,3764.2460141965134,2822.1353904969596,3510.5210836737033
1.326,3654.057023790279,3330.685450012868,3762.791140896498,2797.2364824782912,3508.534445702907
1.328,3654.1005613255575,3329.6763322948073,3761.2695357619455,2770.8837890398513,3507.5486753125956
1.33,3654.188001632589,3328.380860895493,3759.732265413264,2742.2726935014584,3507.288074951766
1.332,3654.2429320851093,3326.951374531366,3758.2331653149313,2710.7256903172038,3507.475531251936
1.334,3654.211911188142,3325.627449872577,3756.818107544597,2675.805815889991,3507.8483724325056
1.336,3654.059787586412,3324.6711216631984,3755.519153367586,2637.2588639247824,3508.163439195661
1.338,3653.7723811889723,3324.286031454935,3754.3440021247343,2595.2270121689276,3508.200813449224
1.34,3653.352618000519,3324.5218135964396,3753.2711586622436,2550.1272976427604,3507.772414871416
1.342,3652.8147974474186,3325.271437054464,3752.2622649610676,2502.4391563601052,3506.7369293678844
1.344,3652.1909445779274,3326.257628676967,3751.2693698982307,2452.720496891073,3505.0178472400085
1.346,3651.5229270234163,3327.1074501748753,3750.2505686336367,2401.403979238839,3502.6175759749012
1.348,3650.8533448215667,3327.4519463738293,3749.177801426159,2348.6841921077466,3499.620179420296
1.35,3650.215296540328,3327.0302843905874,3748.0383125075105,2294.610117032841,3496.1797244079803
1.352,3649.6209007361554,3325.806229235642,3746.8328070307953,2239.1364277750527,3492.4976676203087
1.354,3649.060797047666,3323.9583822722198,3745.5666483901964,2182.1762233241902,3488.79665411745
1.356,3648.5073091428,3321.882346244591,3744.249662173479,2123.7518448302244,3485.297583246461
1.358,3647.9269126958775,3320.0740012026326,3742.896569955925,2063.9706281307786,3482.2034137629234
1.36,3647.2881254561253,3318.9991481797965,3741.526510236683,2002.912290846033,3479.6894979480116
1.362,3646.5696003011863,3318.971002392624,3740.166683171936,1940.607068527726,3477.897697633157
1.364,3645.762132884543,3320.0377330878127,3738.850238211793,1876.9543554794047,3476.9306208417365
1.366,3644.8644059183152,3322.0424861184247,3737.61551441578,1811.6991033425463,3476.8431405508186
1.368,3643.886685705756,3324.647540720461,3736.501609460499,1744.6404812959715,3477.6306132980535
1.37,3642.847166349696,3327.4577621743038,3735.538285288376,1675.8114353093163,3479.216142388453
1.372,3641.768851799279,3330.164229247175,3734.746726589557,1605.6153379436148,3481.4415343793344
1.374,3640.6814567255437,3332.622703586108,3734.1276803445335,1535.0404184811446,3484.067079734931
1.3760000000000001,3639.6179458106367,3334.899974428671,3733.6541951658214,1465.551813590265,3486.7841286390344
1.3780000000000001,3638.6143242836415,3337.2188251123807,3733.280149338904,1398.9972912140854,3489.242567839939
1.3800000000000001,3637.7020525664825,3339.868007039972,3732.9363392070964,1337.2084646464714,3491.092634044409
1.3820000000000001,3636.8977527082666,3343.053148765864,3732.5397336267188,1281.5817912346533,3492.0362367207026
1.3840000000000001,3636.196893299891,3346.8180471478213,3732.0014313359607,1233.0125491880667,3491.877729288646
1.3860000000000001,3635.5621074247306,3350.980605157712,3731.2394767603228,1191.3034848760478,3490.560834845217
1.3880000000000001,3634.932790124077,3355.1649490243467,3730.2048347828872,1155.2393822408271,3488.1803219830626
1.3900000000000001,3634.2401811432014,3358.8992866044423,3728.8837324128112,1122.86726515344,3484.9634537665847
1.3920000000000001,3633.429820947571,3361.7134187741485,3727.3176042417294,1091.4711638491476,3481.2243782500727
1.3940000000000001,3632.4796295850233,3363.2857352529913,3725.6034286343624,1058.1458116577749,3477.3023196189883
1.3960000000000001,3631.3975718701313,3363.450415793432,3723.8679388663163,1020.0093409608514,3473.4992783247894
1.3980000000000001,3630.2201549916645,3362.2656532048204,3722.250633528565,974.7192364131315,3470.032848630565
1.4000000000000001,3628.992270252149,3360.018988264066,3720.86291213253,920.8224901399908,3467.01502825425
1.4020000000000001,3627.7527092503756,3357.1112816279942,3719.772794644907,857.622545193747,3464.460052677281
1.4040000000000001,3626.5293473478237,3354.0358862988987,3718.9852157305395,785.836524014096,3462.3154498723893
1.4060000000000001,3625.337728666554,3351.2621257212672,3718.4316886051515,707.4524293901652,3460.5035309505265
1.408,3624.18708807566,3349.189410507746,3718.046127346859,625.4960776219349,3458.9572525692606
1.41,3623.082640804354,3348.104487713619,3717.694201374592,544.1371862289518,3457.636510336785
1.412,3622.0282217489544,3347.9961296090187,3717.307054625552,467.97937438806844,3456.519493741422
1.414,3621.0282438415734,3348.7245418225357,3716.8191837783406,401.829860396842,3455.5754192929417
1.416,3620.083080424883,3349.9235314895996,3716.205695826196,349.6498441384445,3454.733706089491
1.418,3619.187996358196,3351.127163521094,3715.511128007606,313.8476785242454,3453.866897566178
1.42,3618.334508968874,3351.8587815554624,3714.756493740379,,3452.7998380098697
1.422,3617.5108066597704,3351.7681391334263,3713.9772655527886,,3451.347000067593
1.424,3616.7094462657997,3350.751667560858,3713.199225453827,,3449.367043721079
1.426,3615.9351644377803,3348.9681037503715,3712.436670202401,,3446.814482195054
1.428,3615.2077713499384,3346.8612843675787,3711.6935776313476,,3443.768354130879
1.43,3614.559740433976,3345.0111608851967,3710.9663891738865,,3440.4273963490705
1.432,3614.0332738207376,3343.996778965814,3710.2466758998344,,3437.074358734204
1.434,3613.6655069832436,3344.1995714350337,3709.5219552689455,,3434.0222842126745
1.436,3613.4787008570797,3345.6726500027407,3708.7782425377454,,3431.559739046265
1.438,3613.4798480835175,3348.1488119016153,3708.000650603136,,3429.909178222847
1.44,3613.645985523452,3351.0307152608466,3707.175891148456,,3429.2042862574212
1.442,3613.9282716036996,3353.588174199687,3706.292710057914,,3429.482799057182
1.444,3614.2581394235726,3355.116045800852,3705.3393743494885,,3430.6865323156667
1.446,3614.55021598128,3355.1493597768194,3704.3085043547735,,3432.662879870746
1.448,3614.720518005809,3353.588879202315,3703.1996432367346,,3435.1691437855707
1.45,3614.692608646027,3350.6584633545085,3702.0204379840957,,3437.886730813304
1.452,3614.4154605654408,3346.909767428912,3700.792576387431,,3440.45272667192
1.454,3613.866074707174,3343.0074674709545,3699.546159441326,,3442.5116777912804
1.456,3613.0364298790546,3339.552212277552,3698.31298901732,,3443.7822508717145
1.458,3611.9450840474874,3336.905318421138,3697.1202332330513,,3444.124430591494
1.46,3610.629015957944,3335.075707587722,3695.986432869292,,3443.5867733989753
1.462,3609.1363082804783,3333.748013328437,3694.9266035682617,,3442.4143180549013
1.464,3607.5371244553553,3332.3398209848983,3693.952716462577,,3441.008908157168
1.466,3605.9129626132926,3330.221967061807,3693.0759325123768,,3439.851183394295
1.468,3604.352010451258,3326.8826880449087,3692.3081010127135,,3439.406842198172
1.47,3602.930064977896,3322.1561800479813,3691.650608038047,,3440.041492049878
1.472,3601.755492682224,3316.297761593831,3691.0904243059585,,3441.9607159296174
1.474,3600.8505799996046,3309.920909236053,3690.5994988188468,,3445.181078699336
1.476,3600.288678897858,3303.9105492478793,3690.129854160332,,3449.5281028280087
1.478,3600.052121638526,3299.148000111706,3689.6226566784403,,3454.6526638017276
1.48,3600.1124987145954,3296.353694649889,3689.0148341776203,,3460.059992053093
1.482,3600.3909903201443,3295.821426081407,3688.2557262502605,,3465.1522494952305
1.484,3600.784135491143,3297.358840905531,3687.3215259279314,,3469.2889157127147
1.486,3601.180348346024,3300.404059675729,3686.216893315401,,3471.863742769463
1.488,3601.4745239425943,3304.075107049343,3684.985807242437,,3472.3866124459782
1.49,3601.5823488191427,3307.468138663541,3683.698706198471,,3470.5525761348877
1.492,3601.4301477813415,3309.8422538497484,3682.4394948118875,,3466.282710159474
1.494,3600.9698850978502,3310.8136034820454,3681.2908589916237,,3459.7299151199945
1.496,3600.1664936520287,3310.416952723021,3680.3128791043205,,3451.253544199826
1.498,3598.9944300605785,3309.000892865651,3679.5360625447524,,3441.374022016782
1.5,3597.4745618002844,3307.156783765954,3678.9416332987266,,3430.7186448972484
1.502,3595.660511869958,3305.4809592637635,3678.466298525843,,3419.9650864671007
1.504,3593.6359178363195,3304.4205343704566,3678.0150950825587,,3409.7838735702567
1.506,3591.5179237158613,3304.132463086164,3677.474976056762,,3400.778653449203
1.508,3589.4221865803506,3304.457704839753,3676.7443263579116,,3393.4260874373745
1.51,3587.4545268858164,3305.010222557959,3675.7444704156283,,3388.023482638463
1.512,3585.6891340603725,3305.2932713886753,3674.448983318717,,3384.656200254833
1.514,3584.168077371929,3304.9016035620207,3672.8900690906476,,3383.1956100529546
1.516,3582.9126328669454,3303.6261780543373,3671.1506050316425,,3383.332420116418
1.518,3581.911756622034,3301.5663718030173,3669.366853091409,,3384.6411884920403
1.52,3581.1462327210616,3299.0845839404046,3667.6927818857403,,3386.662128618732
1.522,3580.5989253824755,3296.6988161503677,3666.272630234445,,3388.979576156759
1.524,3580.2416339813203,3294.9507143420406,3665.1931887827727,,3391.276677830208
1.526,3580.0460988998398,3294.2289998101123,3664.456849237804,,3393.3539901345985
1.528,3579.9816293504905,3294.7080207469908,3663.9911914043114,,3395.1125086770094
1.53,3580.006094622035,3296.237961499955,3663.653831905973,,3396.514057704766
1.532,3580.080265270118,3298.404671514031,3663.286613645838,,3397.5389857959763
1.534,3580.1735041767097,3300.6383324453877,3662.7547428316407,,3398.1596351157323
1.536,3580.2674330447985,3302.3267021486827,3661.985848922442,,3398.338696236356
1.538,3580.3556764173045,3302.9934323065413,3660.9855733920144,,3398.0484677350782
1.54,3580.43568520636,3302.3571775584032,3659.821446953992,,3397.2960260677937
1.542,3580.502008176326,3300.453971536039,3658.609489127377,,3396.136183386427
1.544,3580.5434808354116,3297.605871563281,3657.4706570286535,,3394.661798641597
1.546,3580.5445570663487,3294.3285359510696,3656.505798669989,,3392.9753618697696
1.548,3580.4926513471646,3291.2582806015853,3655.7697614632066,,3391.156378778435
1.55,3580.378158374966,3288.963086333269,3655.2668887776354,,3389.2389593334206
1.552,3580.1890083764984,3287.8470021586013,3654.9677905085423,,3387.2063774819144
1.554,3579.910333865528,3287.99666413647,3654.8104929168544,,3385.001891008673
1.556,3579.5187451486895,3289.1718638277366,3654.7209458153397,,3382.5516200348643
1.558,3578.9812888665524,3290.8969812201726,3654.6223508771495,,3379.79426440364
1.56,3578.2728411935764,3292.5437216708947,3654.4382973724914,,3376.710711929371
1.562,3577.376899985729,3293.54367894888,3654.1024164476617,,3373.3445890619055
1.564,3576.2857704972594,3293.5032800554873,3653.558530552461,,3369.80652645968
1.566,3575.016332283243,3292.3517594648306,3652.779211462937,,3366.260565508559
1.568,3573.597186036229,3290.345175188002,3651.768876636873,,3362.896227691527
1.57,3572.0646116780863,3287.9721995173377,3650.5537227801296,,3359.891947880999
1.572,3570.46740206585,3285.852784771231,3649.186694208809,,3357.3765743214117
1.574,3568.8572156047107,3284.523179450322,3647.7312701363458,,3355.396613549316
1.576,3567.2946100365857,3284.3258362383604,3646.2523939686325,,3353.8972587651633
1.578,3565.8495022036595,3285.266948892855,3644.8158029143783,,3352.724387161653
1.58,3564.6016852833595,3287.0407990650974,3643.482079363693,,3351.6516170481696
1.582,3563.645984685037,3289.144604258573,3642.294762629775,,3350.4299263005782
1.584,3563.0573571487394,3290.9890546850165,3641.349479984158,,3348.8487420195315
1.586,3562.8829368441557,3292.0971619370903,3640.61248878954,,3346.7913370069277
1.588,3563.134314928073,3292.1779760512445,3640.1353476298054,,3344.2674962236592
1.59,3563.747180067634,3291.2451630180826,3639.8619536088663,,3341.4132067879136
1.592,3564.6130502895135,3289.5832628667667,3639.714322885698,,3338.457952733417
1.594,3565.5932022522616,3287.677327151221,3639.612029422779,,3335.670445930807
1.596,3566.532833085981,3286.012092080148,3639.4537528427213,,3333.299113617421
1.598,3567.2940366819316,3284.954021873229,3639.1604058610446,,3331.523037264048
1.6,3567.7540573177166,3284.6651004907944,3638.675600195187,,3330.423792379028
1.602,3567.8339106170647,3285.002218092389,3637.9834254896664,,3329.981450486063
1.604,3567.4881329700174,3285.6083937498024,3637.094836923113,,3330.0912650869504
1.606,3566.6921133314295,3285.9989013947766,3636.037785497935,,3330.5928706335
1.608,3565.471232571098,3285.7179849187987,3634.8632573571763,,3331.30192726556
1.61,3563.8702551031047,3284.4822393839654,3633.6286334215256,,3332.035228511511
1.612,3561.944843576838,3282.2339941563737,3632.3958365351946,,3332.624559822303
1.614,3559.7827095826715,3279.2418608451767,3631.224638415587,,3332.9212893915637
1.616,3557.4825990646536,3275.976400817847,3630.163286344183,,3332.799047156625
1.618,3555.1603402642627,3273.0205241325325,3629.2487961307825,,3332.1615135211823
1.62,3552.946452461314,3270.8950007936546,3628.4924594163263,,3330.9566548762214
1.622,3550.9682347369458,3269.914310711221,3627.886286836459,,3329.1926521377536
1.624,3549.349872793976,3270.150085057504,3627.4073409317994,,3326.94819881768
1.6260000000000001,3548.1724882895005,3271.3378052450526,3627.0140630865185,,3324.3713030203917
1.6280000000000001,3547.481432879558,3273.0326252646973,3626.6630463346924,,3321.6647206226116
1.6300000000000001,3547.298615887508,3274.710712388839,3626.31448906298,,3319.060170374084
1.6320000000000001,3547.5910192575993,3275.9050055837297,3625.9384946499176,,3316.7855730839433
1.6340000000000001,3548.3066269856918,3276.329960845703,3625.519915658858,,3315.030014329073
1.6360000000000001,3549.383398089795,3275.897340140126,3625.056582182569,,3313.9116521628284
1.6380000000000001,3551.1723478833774,3274.7717147736976,3624.5600065472177,,3313.4547699963814
1.6400000000000001,3552.6966721576364,3273.250094253761,3624.047022136295,,3313.5821282006937
1.6420000000000001,3554.214076272261,3271.6792652386475,3623.5336060155587,,3314.126366505017
1.6440000000000001,3555.5804345553365,3270.363194332162,3623.027427526912,,3314.859882484015
1.6460000000000001,3556.6536987341933,3269.4835280164366,3622.5221823026422,,3315.5378568528636
1.6480000000000001,3557.2864591572993,3269.1054179257535,3621.995946121386,,3315.9452345583786
1.6500000000000001,3557.3897730342387,3269.1640627704314,3621.417174164512,,3315.9365287915593
1.6520000000000001,3556.9273733492496,3269.5415167287433,3620.75498272346,,3315.458082149275
1.6540000000000001,3555.9103414973897,3270.109131080048,3619.9870456098065,,3314.5462653855984
1.6560000000000001,3554.4443445442075,3270.7419014392112,3619.1160097297825,,3313.3018569231735
1.6580000000000001,3552.635522286261,3271.34225551862,3618.165122210451,,3311.8490487470262
1.6600000000000001,3550.7141826521843,3271.8266827568914,3617.1728345130446,,3310.2938106365145
1.6620000000000001,3548.808342542141,3272.1281097081746,3616.185444181601,,3308.696781654948
1.6640000000000001,3547.04638962291,3272.192269703062,3615.240874484888,,3307.069108271083
1.666,3545.539492018684,3271.975997231421,3614.361768212436,,3305.389117996802
1.668,3544.358549850991,3271.4786520092475,3613.5436075457037,,3303.629444472009
1.67,3543.558494307157,3270.733699198765,3612.75781026538,,3301.7817600509316
1.672,3543.185613791015,3269.8019022986728,3611.956342710029,,3299.8692688407073
1.674,3543.234039669271,3268.7653964556002,3611.086078463921,,3297.9436639925298
1.676,3543.6800482458802,3267.684702223519,3610.1077685201917,,3296.0706919422355
1.678,3544.477839583672,3266.5746028979634,3609.0065349781653,,3294.31318968503
1.68,3545.5333638483903,3265.3946858964364,3607.8081988252034,,3292.7200075189326
1.682,3546.7464847425176,3264.0667739851865,3606.566991009021,,3291.3240921683155
1.684,3548.0063194022255,3262.5091075252753,3605.3560386966165,,3290.146562266187
1.686,3549.1985627741083,3260.707011868635,3604.2488433707854,,3289.2000038229803
1.688,3550.21855544391,3258.7426555796883,3603.3026144478995,,3288.485250262713
1.69,3550.9585570264703,3256.8106713286356,3602.55605900082,,3287.980382061475
1.692,3551.3358438741484,3255.1871260103735,3602.012479477871,,3287.62645230339
1.694,3551.271767169019,3254.1502861130634,3601.657241221936,,3287.3189004503433
1.696,3550.6871374800758,3253.9258283862905,3601.475417875069,,3286.9134436184277
1.698,3549.563516520007,3254.5485193249806,3601.4571120478163,,3286.2493875553146
1.7,3547.912298785933,3255.865220338264,3601.6186399256685,,3285.1852573755955
1.702,3545.7873443729527,3257.550154756584,3602.0060053829106,,3283.6362986107533
1.704,3543.3250548420865,3259.1481342562506,3602.6611822389264,,3281.6028493807307
1.706,3540.682039910169,3260.225518256331,3603.601779882767,,3279.181974267228
1.708,3538.03090051217,3260.441316117216,3604.7932286937357,,3276.5598717540292
1.71,3535.5300880865097,3259.693459808065,3606.105849297021,,3273.98714318074
1.712,3533.3020200800947,3258.0998874557154,3607.332628123083,,3271.742021579427
1.714,3531.444013651275,3255.956223353182,3608.193183936312,,3270.0882541833066
1.716,3529.991915987748,3253.696847675311,3608.404423595571,,3269.234471860451
1.718,3528.954118563363,3251.7435773459038,3607.732673491889,,3269.300515883437
1.72,3528.314398598153,3250.2269477421887,3606.017398046109,,3270.2943816168417
1.722,3527.9998032095577,3250.012322237575,3603.2898903493933,,3272.102605329768
1.724,3527.926017663996,3250.5754367570103,3599.725199443836,,3274.497036134867
1.726,3527.9982287674798,3251.7201830919444,3595.6122481260218,,3277.1603096243325
1.728,3528.116098691604,3253.1346583807294,3591.3314062802665,,3279.729171693353
1.73,3528.203759337486,3254.5046817674024,3587.2256641307945,,3281.8491719786384
1.732,3528.2106038993966,3255.5467622186084,3583.5533225264494,,3283.228859774566
1.734,3528.1265641255454,3256.071710728836,3580.4063818939944,,3283.6802207865767
1.736,3527.9728916284735,3255.992157905871,3577.7257540656133,,3283.1365899034286
1.738,3527.794516637533,3255.3033066252956,3575.339882324805,,3281.647471651999
1.74,3527.6435781233604,3254.1146952868753,3572.997077310099,,3279.356567887796
1.742,3527.555443611616,3252.5881489090075,3570.448394381831,,3276.471637204039
1.744,3527.5373535842,3250.9120972460764,3567.466869284236,,3273.2335109553646
1.746,3527.557078431828,3249.2759479670867,3563.9097254036433,,3269.88890116275
1.748,3527.5599988941453,3247.8194618582825,3559.724585238752,,3266.6684589924794
1.75,3527.4797217698924,3246.622014979276,3554.953394540879,,3263.768653930067
1.752,3527.2645440391007,3245.672745030129,3549.7855958755417,,3261.3351793629067
1.754,3526.881231083196,3244.8937665333797,3544.5026383119643,,3259.4475887177578
1.756,3526.3113785680725,3244.1623369696317,3539.450510232933,,3258.1083445473587
1.758,3525.5644184380258,3243.344705944408,3534.9437491020635,,3257.242094459639
1.76,3524.6553839513554,3242.347856757065,3531.1720777488445,,3256.7106022824037
1.762,3523.60361498853,3241.147328852479,3528.153378594974,,3256.343941661194
1.764,3522.4435440995007,3239.821478747583,3525.631806187842,,3255.9808501081766
1.766,3521.2107715875186,3238.5224075757505,3523.2577970675443,,3255.5055202941576
1.768,3519.947836662156,3237.4542608410957,3520.42558768483,,3254.86873808594
1.77,3518.7073031813784,3236.779899223876,3516.762857317524,,3254.0876233912604
1.772,3517.548561046277,3236.60031193901,3511.862784343719,,3253.2264068040763
1.774,3516.5443866769533,3236.9008754464803,3505.62112153503,,3252.3669590726054
1.776,3515.7579273216315,3237.510670383121,3498.13696997943,,3251.580091739323
1.778,3515.2431107254997,3238.1907216800005,3489.689777639406,,3250.9065744745567
1.78,3515.0415801931076,3238.655520795759,3480.6995897883207,,3250.351718165966
1.782,3515.148947407163,3238.673665513665,3471.706715920244,,3249.89162186241
1.784,3515.5451309150767,3238.123216067828,3463.2425144354725,,3249.485539376256
1.786,3516.1968249554275,3237.0219626110543,3455.8355254979824,,3249.0889657050093
1.788,3517.039474227634,3235.584483941092,3449.8368721061897,,3248.664548341915
1.79,3518.002667671966,3234.122241523401,3445.4589967396514,,3248.189813404364
1.792,3518.9988367301125,3233.0048315215113,3442.791493135965,,3247.6610670231894
1.794,3519.923241476889,3232.5214220621274,3441.670884807398,,3247.092748697265
1.796,3520.665380919115,3232.8171685170164,3441.89745464259,,3246.5117458052664
1.798,3521.1033267570133,3233.8576290060005,3443.27610310978,,3245.9471812378365
1.8,3521.1465935853903,3235.357302978288,3445.5618421262197,,3245.4180985191074
1.802,3520.72365686271,3236.9131315589366,3448.5598705889206,,3244.923465312925
1.804,3519.781463460383,3238.05236484213,3452.04058241456,,3244.439644784699
1.806,3518.339158433874,3238.4049566103495,3455.6349674820303,,3243.9286055036964
1.808,3516.4424298097183,3237.7825484206646,3458.8582967842895,,3243.3551599615184
1.81,3514.16693759031,3236.215471893397,3461.080092873214,,3242.7056933666195
1.812,3511.6423661424137,3234.032845868647,3461.74513963257,,3241.998447927332
1.814,3509.0032406977843,3231.686178791128,3460.4607731641504,,3241.27865099819
1.816,3506.39501846775,3229.682107090879,3457.0947397410946,,3240.5990020435343
1.818,3503.955485657892,3228.4008776582173,3452.038847978277,,3239.9936225299484
1.82,3501.8039478277306,3228.0130230679897,3445.956461637596,,3239.4576328499516
1.822,3500.0491864119963,3228.452821241291,3439.716370051535,,3238.9427935896806
1.824,3498.742175125764,3229.36369364784,3434.1777409101273,,3238.3728836484534
1.826,3497.9035550656276,3230.276678542479,3429.9682217664763,,3237.673585147843
1.828,3497.523763921022,3230.6842677326176,3427.4611438850766,,3236.804450759123
1.83,3497.525781923273,3230.2420330954,3426.5983303545167,,3235.7788933132433
1.832,3497.8191470236056,3228.8339952046667,3427.122481605705,,3234.663385000745
1.834,3498.309446935653,3226.593109755248,3428.65639368338,,3233.55635714463
1.836,3498.863054757895,3223.9312094905385,3430.7218358606365,,3232.5558707543
1.838,3499.4188059910866,3221.336134735165,3432.90144204958,,3231.7293475438696
1.84,3499.864418594828,3219.2906025814814,3434.7997214267716,,3231.0970619264517
1.842,3500.153968209865,3218.077761828937,3436.0872493560387,,3230.634348246528
1.844,3500.2437402172595,3217.750129568824,3436.503074609028,,3230.2882984445564
1.846,3500.100795566127,3218.1335482635186,3435.8589554981395,,3229.9976367677787
1.848,3499.7145714485364,3218.8317067751454,3434.1857165875917,,3229.703942336633
1.85,3499.0788510440707,3219.4196591366576,3431.6538888899977,,3229.3494352816756
1.852,3498.1968741430146,3219.518310475294,3428.569152744797,,3228.8669113222854
1.854,3497.0976520127065,3218.954290341725,3425.342441125152,,3228.1740611343303
1.856,3495.822659364923,3217.7629024997614,3422.3367714457936,,3227.1824951823455
1.858,3494.4363900001817,3216.170965443881,3419.838420616141,,3225.8224194120435
1.86,3493.026676103418,3214.5515365604674,3417.9652977554033,,3224.0733227283695
1.862,3491.6867412044003,3213.2675610799233,3416.7232965683916,,3221.985738396186
1.864,3490.5094063248107,3212.6135645173235,3416.052159493692,,3219.6817682733777
1.866,3489.5619637229133,3212.6751621429216,3415.818541852002,,3217.330877276202
1.868,3488.892029919789,3213.361804445956,3416.000641523715,,3215.1081003736435
1.87,3488.527731409193,3214.419853783265,3416.3898335852487,,3213.149345913826
1.872,3488.464170596818,3215.469563099456,3416.89042531419,,3211.5194600672016
1.874,3488.6896935490063,3216.1409265120933,3417.4226083540584,,3210.2027107707613
1.8760000000000001,3489.1802853685576,3216.1185837602516,3417.917962569131,,3209.11558161951
1.8780000000000001,3489.8837849634206,3215.2884045439696,3418.3377751814855,,3208.133586024617
1.8800000000000001,3490.7346403188317,3213.7102598751794,3418.6782184636136,,3207.121306005153
1.8820000000000001,3491.6421467289706,3211.6147746814268,3418.962997932407,,3205.958068863648
1.8840000000000001,3492.495698930536,3209.391134047495,3419.2251971375813,,3204.557099059945
1.8860000000000001,3493.18088614781,3207.441769111969,3419.473393796508,,3202.8796827514966
1.8880000000000001,3493.5882941782247,3206.137036459923,3419.675974343648,,3200.9459610267936
1.8900000000000001,3493.650513106095,3205.6570182119917,3419.7749482164313,,3198.841119137038
1.8920000000000001,3493.3332212704554,3205.991833347048,3419.7200667169827,,3196.7125370874355
1.8940000000000001,3492.6412365291085,3206.932851262709,3419.511933110402,,3194.7527417968495
1.8960000000000001,3491.63198811609,3208.0691879400715,3419.250600428882,,3193.166218772381
1.8980000000000001,3490.376424452983,3208.9517306082016,3419.1097442378996,,3192.1247264663675
1.9000000000000001,3488.958936332772,3209.1524405682817,3419.3000429278086,,3191.7228975573585
1.9020000000000001,3487.4731834850772,3208.4464478708637,3419.937056641651,,3191.9492524189686
1.9040000000000001,3486.003513410314,3206.8188445051824,3420.974073531269,,3192.6841232733545
1.9060000000000001,3484.625119034582,3204.46898705987,3422.143768101228,,3193.7261618534853
1.9080000000000001,3483.3856753492087,3201.819931231162,3422.9827729681433,,3194.837770858014
1.9100000000000001,3482.3043270114836,3199.340649761558,3422.978386855561,,3195.7928683685955
1.9120000000000001,3481.370012512453,3197.4897861288555,3421.6691197192717,,3196.4114391791068
1.9140000000000001,3480.543482759829,3196.5366698794755,3418.9308752349575,,3196.5734577725593
1.9160000000000001,3479.7853420033134,3196.5425473662494,3413.555688028586,,3196.2154185343297
1.9180000000000001,3479.0682448140997,3197.353018534298,3408.6970176619134,,3195.320256495264
1.92,3478.384210369142,3198.5720871449407,3403.998381927243,,3193.912137794833
1.922,3477.7421409512667,3199.745750196495,3400.1075462411472,,3192.0616705815805
1.924,3477.1534684713233,3200.4270053889127,3397.508890883871,,3189.8983440357247
1.926,3476.615337582976,3200.3512139680324,3396.3017489648837,,3187.6200058159006
1.928,3476.109434995661,3199.4713547322995,3396.3237997530864,,3185.4872126355294
1.93,3475.604538597435,3197.9639508226046,3397.2119225499223,,3183.7947648053273
1.932,3475.0688111217223,3196.226294072623,3398.4518591780925,,3182.822260851896
1.934,3474.481111191745,3194.6908692990496,3399.5897192204966,,3182.7755203640013
1.936,3473.8373546869357,3193.7398071829834,3400.2588236187,,3183.7362659017217
1.938,3473.155941473133,3193.5167047826303,3400.27656530462,,3185.636213791559
1.94,3472.4707077611924,3193.9172600334023,3399.602823876834,,3188.2643712496365
1.942,3471.82785190407,3194.5940452701743,3398.3031075396057,,3191.305748511124
1.944,3471.2723600603063,3195.033932251996,3396.5521527656956,,3194.400078052751
1.946,3470.8402996004634,3194.7451395841276,3394.5915872980854,,3197.2039490802294
1.948,3470.549348851174,3193.318448936669,3392.581861710019,,3199.440138433777
1.95,3470.3816440651713,3190.714264838449,3390.8102368449045,,3200.9232336227033
1.952,3470.2900996131834,3187.164420175343,3389.339202071789,,3201.5595056300144
1.954,3470.1949025036874,3183.106815315413,3388.3688482786774,,3201.3285648250935
1.956,3469.998854125886,3179.135282137012,3387.893988327531,,3200.259902183643
1.958,3469.607321615695,3175.7999206356963,3387.896916847883,,3198.4155118395533
1.96,3468.9467320623708,3173.5123728271196,3388.3245482868465,,3195.8825057994122
1.962,3468.003170427181,3172.383061029783,3389.0993468838305,,3192.7728100153076
1.964,3466.8115393017883,3172.286454733916,3390.1775663917883,,3189.224192651487
1.966,3465.457190116886,3172.886285198148,3391.5507510688058,,3185.3973743357415
1.968,3464.061195125875,3173.716177331543,3393.2212427312793,,3181.466308320695
1.97,3462.743082809861,3174.350900172478,3395.198150153114,,3177.602253065374
1.972,3461.6107239548464,3174.471480318971,3397.464940132947,,3173.956015035752
1.974,3460.7355414488675,3173.9674570316915,3399.949985955854,,3170.6445121532943
1.976,3460.165939366811,3172.9000101088272,3402.553925820995,,3167.7458473690367
1.978,3459.929364550344,3171.471061891921,3405.1602898090964,,3165.3025031318853
1.98,3460.0133119520315,3169.956892518195,3407.66391193803,,3163.328558190007
1.982,3460.386695620954,3168.5964623107416,3409.9785644577273,,3161.8165193132295
1.984,3460.988327164587,3167.543268216569,3412.0177450048795,,3160.74178709362
1.986,3461.7185273666037,3166.8082920670513,3413.6896686142522,,3160.065234653023
1.988,3462.462288187609,3166.2930377227613,3414.863149389706,,3159.7348305604346
1.99,3463.0881199053465,3165.81805690174,3415.3736216553693,,3159.686130147574
1.992,3463.4739633072963,3165.185704834858,3415.10398441059,,3159.840890435135
1.994,3463.513582773462,3164.238668469739,3413.989730635098,,3160.1042673556185
1.996,3463.1263443066655,3162.890669136825,3412.071002572819,,3160.363300044601
1.998,3462.2936891549034,3161.1696254994285,3409.5390713906536,,3160.4910942483425
2.0,3461.0309097388345,3159.180866678919,3406.6358146726125,,3160.360840592491
2.0020000000000002,3459.392207942589,3157.097254365413,3403.612686489357,,3159.870654798115
2.004,3457.4778744968576,3155.1201878334396,3400.6594431927774,,3158.974749773812
2.0060000000000002,3455.3929347694584,3153.432416207985,3397.8687871972575,,3157.7111104945943
2.008,3453.246389650701,3152.175292876083,3395.264594657978,,3156.213810567244
2.0100000000000002,3451.136947510333,3151.394785784077,3392.8447078584345,,3154.7009180081054
2.012,3449.1398996029375,3151.0634108648433,3390.6511800735384,,3153.4356439609314
2.0140000000000002,3447.3079266165214,3151.0718588979594,3388.798489609568,,3152.666942033448
2.016,3445.6526805577378,3151.2307678756624,3387.432010522683,,3152.5640060437327
2.0180000000000002,3444.176512361029,3151.3246626713544,3386.694939936451,,3153.16390743276
2.02,3442.91330272302,3151.1317249856743,3386.663942667841,,3154.349860574885
2.0220000000000002,3441.840031411852,3150.4939978649854,3387.2681301346356,,3155.869022718585
2.024,3440.9740089481775,3149.3341799726604,3388.3475766020847,,3157.386390040878
2.0260000000000002,3440.3390086389472,3147.6776078615967,3389.675004847521,,3158.559619594725
2.028,3439.946296974608,3145.670507462997,3391.013340942994,,3159.1127578723317
2.0300000000000002,3439.791088524311,3143.5072994892016,3392.18115768616,,3158.887862187403
2.032,3439.832382772184,3141.399653082697,3393.056705873587,,3157.8623227917005
2.0340000000000003,3439.992745970465,3139.510397665222,3393.5921670960865,,3156.1323726099163
2.036,3440.1784693071086,3137.9194676920724,3393.771539978784,,3153.873912416406
2.0380000000000003,3440.2889139033778,3136.6118781485297,3393.5986731638986,,3151.296643798486
2.04,3440.238336383483,3135.476770109975,3392.90897175973,,3148.6062837880804
2.0420000000000003,3439.9575612183635,3134.3689790116914,3392.091163669642,,3145.983463967572
2.044,3439.4023055142593,3133.149383428538,3391.1305665220284,,3143.57918495546
2.0460000000000003,3438.5640281022206,3131.7491984599747,3390.151720099634,,3141.5193780303316
2.048,3437.457289162585,3130.19279126001,3389.295216150705,,3139.908566155432
2.05,3436.1310183949727,3128.604394202785,3388.705898651777,,3138.82560303376
2.052,3434.663177945852,3127.173766845862,3388.488881760629,,3138.311232178819
2.054,3433.1370505375235,3126.0978926314983,3388.7059087144567,,3138.353776075553
2.056,3431.6306112031402,3125.530727792529,3389.351825840324,,3138.8817373445663
2.058,3430.1964626842064,3125.4979173900065,3390.317135489972,,3139.769416079104
2.06,3428.8600109995446,3125.910751060222,3391.420051748035,,3140.855752808889
2.062,3427.6247430880944,3126.5579174095765,3392.4045240687005,,3141.970602730038
2.064,3426.4852294593034,3127.1440368268404,3392.996559123651,,3142.9595487441825
2.066,3425.4487964292,3127.374705700593,3392.9503351563694,,3143.69999915595
2.068,3424.542975971964,3127.009465126575,3392.0958908844873,,3144.1065878715985
2.07,3423.8123953994013,3125.9645200082546,3390.438155380097,,3144.1290175188055
2.072,3423.3180472672966,3124.2921067258662,3388.1120441050057,,3143.7472878061094
2.074,3423.1164541949865,3122.179653754548,3385.378985475063,,3142.9675458504353
2.076,3423.233470464847,3119.9134775482044,3382.5680792524854,,3141.818566061063
2.078,3423.6677951783668,3117.776159427789,3379.9600257095976,,3140.346826384105
2.08,3424.3735975121263,3116.0044913832535,3377.741388583813,,3138.6090420307028
2.082,3425.262030849826,3114.7114771035767,3375.9507712968757,,3136.663673027788
2.084,3426.223214341359,3113.8969478191566,3374.537153400958,,3134.564555652098
2.086,3427.128447231559,3113.45172812597,3373.4104003762036,,3132.3592165734312
2.088,3427.8524814813018,3113.1793207109313,3372.490431332622,,3130.09240832029
2.09,3428.2812188502476,3112.8745026303095,3371.75784609211,,3127.813175899524
2.092,3428.3316107857686,3112.3540651612043,3371.2375016602846,,3125.582296143951
2.094,3427.9785368826583,3111.511750668261,3370.9478411430773,,3123.4766742046327
2.096,3427.2410098730784,3110.3132343858733,3370.876186962051,,3121.5882226372114
2.098,3426.1940830116996,3108.7896061864017,3370.955710315429,,3120.01658493711
2.1,3424.9530563183353,3107.0331697115566,3371.0727399040334,,3118.8567978114593
2.102,3423.6345016258047,3105.152080009764,3371.111160061597,,3118.183647332151
2.104,3422.3408776026345,3103.268200291183,3370.9794201164673,,3118.0346859770602
2.106,3421.136155355093,3101.502699194491,3370.6487874434433,,3118.394891784419
2.108,3420.0446886623195,3099.969104854397,3370.145584972457,,3119.1874082742493
2.11,3419.055611645593,3098.4965861191254,3369.544685871176,,3120.2749699029237
2.112,3418.1363763204763,3097.8178042973454,3368.950832255072,,3121.4743308211305
2.114,3417.254658798287,3097.5476773940377,3368.471807387719,,3122.5818400975927
2.116,3416.388269025507,3097.6321999124034,3368.2145953834806,,3123.4045573836215
2.118,3415.5313727705143,3097.9310453323014,3368.2608292190853,,3123.7901354073138
2.12,3414.6909592077927,3098.2812924836617,3368.673738589074,,3123.6500768335522
2.122,3413.876402390105,3098.487241526906,3369.4834411973025,,3122.9734229760347
2.124,3413.088483989221,3098.3951959793853,3370.6495217958386,,3121.830064276155
2.126,3412.3173899878434,3097.9168061047817,3372.083577086498,,3120.3636426677535
2.128,3411.546811447235,3097.05437227627,3373.660579587393,,3118.7735682505577
2.13,3410.765654960431,3095.8982914167864,3375.1832908976808,,3117.2857908742653
2.132,3409.9771222412655,3094.63203464816,3376.47608339855,,3116.1143065546075
2.134,3409.2012236300434,3093.4093451308613,3377.4192570890636,,3115.419705481895
2.136,3408.4663153686975,3092.327065874071,3377.9394362187086,,3115.2753416508876
2.138,3407.7983607029887,3091.4045620135444,3377.994997853796,,3115.6527506468547
2.14,3407.209241041356,3090.57311179336,3377.573267687478,,3116.4334292655544
2.142,3406.6902812975045,3089.709725608513,3376.6875874336747,,3117.4450368008524
2.144,3406.219561243622,3088.692640387532,3375.355283913005,,3118.5106780618753
2.146,3405.766759342307,3087.4573463078104,3373.6331656440298,,3119.4946327994376
2.148,3405.3032481480773,3086.043944655306,3371.636954435365,,3120.3289531407668
2.15,3404.807521313835,3084.590404388813,3369.5210008788436,,3121.012528306836
2.152,3404.265611293626,3083.3080147435535,3367.4630902241956,,3121.585315033567
2.154,3403.669970463345,3082.4004140357843,3365.60362563945,,3122.091002715445
2.156,3403.013284233166,3082.004680329764,3364.0071611248804,,3122.5459133957424
2.158,3402.289282183722,3082.1206736405634,3362.6387898974303,,3122.9277342199944
2.16,3401.496967883739,3082.577300080243,3361.3904740297894,,3123.186968387633
2.162,3400.6422605181224,3083.0766606533293,3360.161321032791,,3123.2724621435245
2.164,3399.7460079147204,3083.235368028338,3358.9331959599035,,3123.1562802724698
2.166,3398.5887928202314,3082.705235179439,3357.81921856862,,3122.8455451007485
2.168,3397.750686100235,3081.242223659817,3357.0467536406563,,3122.377127910067
2.17,3397.0130355413808,3078.8071523469885,3356.8737232737735,,3121.8000026939058
2.172,3396.402288872254,3075.6235040353413,3357.448038698608,,3121.1554338466044
2.174,3395.9279321833274,3072.1088602581394,3358.7540769835755,,3120.464936209496
2.176,3395.58000894851,3068.8373998220927,3360.5589667610493,,3119.7305919810956
2.178,3395.334129047776,3066.384553217477,3362.4750257638652,,3118.9450267539364
2.18,3395.1645705496644,3065.2343608375295,3364.0944410707084,,3118.1033928874244
2.182,3395.0431631259244,3065.662491338798,3365.1049351617144,,3117.209852132868
2.184,3394.9395907837793,3067.641352899118,3365.406321336063,,3116.275844526454
2.186,3394.8206726617123,3070.93852714932,3365.080274398127,,3115.313224493436
2.188,3394.648233850828,3075.115782423584,3364.349608109999,,3114.328136403904
2.19,3394.3861066582513,3079.636311752275,3363.4606592698724,,3113.3201578698845
2.192,3394.0028127650353,3084.000452946278,3362.5613634482934,,3112.287353161176
2.194,3393.480440419214,3087.8063786361995,3361.6496243032702,,3111.233649137507
2.196,3392.818662013614,3090.8360735595415,3360.581252146672,,3110.1726227361637
2.198,3392.022651612517,3093.0219753902775,3359.137230594841,,3109.1234418126705
2.2,3391.143012146003,3094.4393822438574,3357.1264250971617,,3108.1002971354824
2.202,3390.202076324564,3095.2554535955883,3354.4956083892585,,3107.1026328754324
2.204,3389.229740663216,3095.622361380941,3351.3347681286155,,3106.114890699291
2.206,3388.2490842861384,3095.644358984717,3347.8817962321637,,3105.119279519159
2.208,3387.272534529059,3095.3467770754037,3344.4495379730647,,3104.1162599345935
2.21,3386.3054954795753,3094.6667004671126,3341.3436867646456,,3103.141034291111
2.212,3385.3520099582925,3093.507489416287,3338.8124924050344,,3102.2649390221745
2.214,3384.4200528523315,3091.8186473407522,3336.995881145604,,3101.5780321898596
2.216,3383.523810104652,3089.631635033373,3335.9684637993687,,3101.159024009703
2.218,3382.6775549901276,3087.1162312435877,3335.7371717008964,,3101.0457108004744
2.22,3381.8869291814894,3084.5640603754523,3336.2448113018386,,3101.2195925546625
2.222,3381.1430269603566,3082.319906177506,3337.4181644016057,,3101.6118778226883
2.224,3380.4168049842456,3080.7044686117383,3339.1364639783537,,3102.12772831709
2.226,3379.6676579617583,3079.896326439356,3341.2302903824366,,3102.6766099591077
2.228,3378.855095968496,3079.914871537822,3343.5158902846742,,3103.193703771845
2.23,3377.957309723772,3080.579059858119,3345.7926919961,,3103.6422767471904
2.232,3376.9833409903986,3081.5462694926146,3347.873710393856,,3103.9973236871488
2.234,3375.9735189180915,3082.417654637146,3349.5931620364054,,3104.2212868151596
2.236,3374.995273780971,3082.81366703758,3350.819221606946,,3104.2479231551665
2.238,3374.1214459741564,3082.494399090388,3351.4785211874887,,3103.9874230895352
2.24,3373.4143463292967,3081.3811302027134,3351.5322990909362,,3103.3554202110063
2.242,3372.89840129822,3079.5924813062607,3351.0011005197107,,3102.3154916894964
2.244,3372.550870929357,3077.415456791168,3349.9736922664365,,3100.9159112875764
2.246,3372.3110902063304,3075.207951216259,3348.5655128872504,,3099.3016676928723
2.248,3372.0902000396645,3073.3393515027205,3346.9122805588777,,3097.692528487003
2.25,3371.803690143988,3072.0819413902377,3345.127989802351,,3096.33252526747
2.2520000000000002,3371.388824263218,3071.5771807366664,3343.262002655261,,3095.428388358311
2.254,3370.8200902072203,3071.782284282621,3341.291592406539,,3095.098697914162
2.2560000000000002,3370.105086629736,3072.4615516206454,3339.1390969655777,,3095.3505104941037
2.258,3369.267555328785,3073.261141595935,3336.7007521116975,,3096.0886571808833
2.2600000000000002,3368.3428939693354,3073.7595996795435,3333.8944295308797,,3097.150306087991
2.262,3367.3664168857895,3073.5976956701297,3330.706737571928,,3098.3492456573795
2.2640000000000002,3366.3705424979557,3072.5452907759436,3327.191526957962,,3099.513495635143
2.266,3365.3881546162343,3070.5856916790153,3323.4877509059665,,3100.505870946013
2.2680000000000002,3364.4520230125568,3067.947811079151,3319.800265214421,,3101.2268287395273
2.27,3363.5987968798404,3065.0187576029443,3316.368769301163,,3101.607455777792
2.2720000000000002,3362.865714613191,3062.2882357591516,3313.4383182169095,,3101.6035055705884
2.274,3362.2872147037438,3060.196658634846,3311.195921262947,,3101.1975380039385
2.2760000000000002,3361.8952675878686,3059.044217250681,3309.769389810646,,3100.4081802969285
2.278,3361.700362221193,3058.893388053028,3309.1824190823822,,3099.298975962688
2.2800000000000002,3361.684412172982,3059.529368237717,3309.3318098845807,,3097.9784880200705
2.282,3361.8019500998685,3060.5678555790687,3310.0419247104205,,3096.5880484171603
2.2840000000000003,3361.9762040961778,3061.533394803161,3311.058465094047,,3095.28031260389
2.286,3362.1221210573035,3062.0303968098137,3312.0955694793147,,3094.1963266479625
2.2880000000000003,3362.1645257635064,3061.8435186457896,3312.8841323365655,,3093.4483148256018
2.29,3362.0596210002595,3061.004725701964,3313.2015028489473,,3093.110632765299
2.2920000000000003,3361.8026022029576,3059.776903621435,3312.923936590037,,3093.216255196836
2.294,3361.4151463596904,3058.526340061133,3312.0139269807446,,3093.7544068615225
2.2960000000000003,3360.9368259823573,3057.6121607644354,3310.544794586563,,3094.6672445829195
2.298,3360.400661677885,3057.232707182192,3308.6954439821316,,3095.847743089513
2.3000000000000003,3359.8160537270574,3057.3874463101943,3306.703952147554,,3097.143925512602
2.302,3359.165709245119,3057.844237671091,3304.86225879488,,3098.374293032467
2.3040000000000003,3358.4126777739802,3058.2143871642793,3303.4615253703646,,3099.355650518521
2.306,3357.512373807224,3058.1220649689394,3302.763490851223,,3099.93862816081
2.308,3356.438577333008,3057.28163453682,3302.940288945331,,3100.0404629725567
2.31,3355.19646330081,3055.594499346152,3303.993898942845,,3099.662602217261
2.312,3353.821300924098,3053.2490460792446,3305.7483013365554,,3098.8849602762775
2.314,3352.382525409817,3050.5739014867,3307.8869510742697,,3097.838027598457
2.316,3350.5683210745588,3047.973203500699,3310.0232583552124,,3096.6638012510784
2.318,3349.320607041283,3045.839175055192,3311.7949999981493,,3095.481305991643
2.32,3348.299531521417,3044.4461913409264,3312.963582806756,,3094.3694360490235
2.322,3347.5648815403874,3043.8925427202357,3313.4689322327185,,3093.3704677529518
2.324,3347.1552332195542,3044.1267972053543,3313.3907268552125,,3092.507197739288
2.326,3347.0611652033203,3044.930470814088,3312.9232817887987,,3091.801085733342
2.328,3347.2264112329344,3046.000248554372,3312.2744079970944,,3091.2803846029155
2.33,3347.5593218492522,3047.015199550895,3311.599811629233,,3090.974071141733
2.332,3347.9340137567738,3047.690187163266,3310.980245305871,,3090.895547607557
2.334,3348.2221224946934,3047.8362225810974,3310.4226127948396,,3091.025819924612
2.336,3348.3090793277647,3047.3576362192734,3309.8880474220055,,3091.306540329689
2.338,3348.1206940985044,3046.286449569166,3309.3116072379617,,3091.648679352416
2.34,3347.6340699127113,3044.7547990843586,3308.614096921615,,3091.955134532177
2.342,3346.865341324778,3042.953980333691,3307.6885386886215,,3092.148930990222
2.344,3345.876399872174,3041.1180863470604,3306.40301364156,,3092.1959095324614
2.346,3344.750041605133,3039.4603223950658,3304.618787503758,,3092.1129609715626
2.348,3343.5686291947145,3038.1413866372022,3302.210596006228,,3091.9583571203457
2.35,3342.403127245435,3037.222254483984,3299.160422747577,,3091.807154335492
2.352,3341.297350441388,3036.655476816373,3295.607318564611,,3091.7202482707753
2.354,3340.268902066396,3036.312731879594,3291.866952826745,,3091.718479772001
2.356,3339.3092035374234,3036.0070690448433,3288.443554621081,,3091.771520256067
2.358,3338.3936580205727,3035.561192667161,3285.935184378879,,3091.805603486384
2.36,3337.489164761674,3034.8499993313185,3284.985761272898,,3091.727089472245
2.362,3336.581502856713,3033.8487010493454,3286.1035193184694,,3091.4532371904606
2.364,3335.6486978648304,3032.6384802030134,3289.548848702761,,3090.939489317739
2.366,3334.703675683152,3031.378035113952,3295.3510050833315,,3090.1943573105764
2.368,3333.7780241348128,3030.2628086870545,3303.1491031943747,,3089.27751154879
2.37,3332.9183567229034,3029.451230615301,3312.282426952222,,3088.2825948968307
2.372,3332.179024487708,3029.0265256674998,3321.8921847146094,,3087.311849554433
2.374,3331.604094402447,3028.9489520148086,3330.9713584988335,,3086.452193052503
2.376,3331.2105620325883,3029.071513546301,3338.5660290224973,,3085.760266266512
2.378,3331.015123158872,3029.1810273191954,3343.835489867597,,3085.258637311451
2.38,3330.97929267223,3029.0482773047297,3346.288460317771,,3084.940209683689
2.382,3331.054850012778,3028.501735993349,3345.8677246795532,,3084.775829710482
2.384,3331.181648530957,3027.456328412046,3342.8733282387384,,3084.7216793816556
2.386,3331.29117399162,3025.964550475469,3338.066708179028,,3084.726051104295
2.388,3331.320913882171,3024.198435728005,3332.444564747116,,3084.736372935329
2.39,3331.21628408906,3022.4070868287113,3327.0418246248632,,3084.706001445292
2.392,3330.9466846717214,3020.867042787356,3322.739736722482,,3084.598451662369
2.394,3330.500767721267,3019.7985772676584,3320.0417279618473,,3084.3868145636293
2.396,3329.8776854756156,3019.333538024466,3319.0581058572957,,3084.048423322198
2.398,3329.092865352603,3019.4555770553334,3319.4315291247885,,3083.5579177345285
2.4,3328.1623990654184,3020.0165710652327,3320.5114458667363,,3082.883985389838
2.402,3327.0998993423627,3020.7864919684057,3321.5457125390476,,3081.9946556795267
2.404,3325.927157609125,3021.494749797535,3321.8404308508843,,3080.8723180680913
2.406,3324.6680342083832,3021.918549069459,3320.9268046866373,,3079.533778345765
2.408,3323.349328031935,3021.923825331577,3318.542635447973,,3078.045709098588
2.41,3322.0035344812295,3021.514405707739,3314.671338302709,,3076.5251962094103
2.412,3320.6619936928146,3020.814480055165,3309.449427129773,,3075.1202744869706
2.414,3319.3567993480688,3020.014435050898,3303.068340638182,,3073.9744698966797
2.416,3318.119606770774,3019.3156466811974,3295.83968147546,,3073.1879378907934
2.418,3316.9838900813224,3018.8524185708848,3288.1855130933914,,3072.7911767209207
2.42,3315.989254210939,3018.6642905774884,3280.6638676059106,,3072.743030423485
2.422,3315.1665966610376,3018.6775973368353,3273.960642900376,,3072.954286926929
2.424,3314.5355493680986,3018.746354817147,3268.7569702296146,,3073.3268331926533
2.426,3314.1007094561805,3018.7031852106825,3265.6565294356164,,3073.791726582688
2.428,3313.83366296443,3018.4135604697644,3264.937667004901,,3074.330614158959
2.43,3313.6894083318566,3017.8185285772006,3266.483652198255,,3074.9728084200915
2.432,3313.6164622601477,3016.9319629639513,3269.8725397803128,,3075.7709041311914
2.434,3313.5641257545917,3015.840928725175,3274.3673498610747,,3076.7659666299264
2.436,3313.494937968883,3014.6596481079587,3279.156341795013,,3077.9559888834365
2.438,3313.3785373885735,3013.4889375131334,3283.495877762872,,3079.2786618200184
2.44,3313.186810762063,3012.3897330454224,3286.8094196455404,,3080.613417628926
2.442,3312.885847594448,3011.3715956458664,3288.7429154707274,,3081.8006099839026
2.444,3312.430888436666,3010.408014472636,3289.0814937019654,,3082.6705001609157
2.446,3311.7856592722264,3009.454807147688,3287.798905196558,,3083.073476195636
2.448,3310.9302372524453,3008.4760714774616,3285.0147789954094,,3082.905202783099
2.45,3309.8703893655943,3007.45765049062,3280.946696813852,,3082.1240383619593
2.452,3308.65917756615,3006.414823229397,3275.9939706168893,,3080.760982062288
2.454,3307.376216900364,3005.387199527675,3270.66588326429,,3078.9231073088613
2.456,3306.113778914349,3004.4299389949506,3265.5130080406802,,3076.7896060369158
2.458,3304.953536695538,3003.597990305064,3261.0311466235275,,3074.5972246787765
2.46,3303.9488363559412,3002.931365459595,3257.532479657345,,3072.6121592011973
2.462,3303.127986564133,3002.4546966249054,3255.133726852946,,3071.089578662976
2.464,3302.4865920781263,3002.165727283771,3253.7097741331095,,3070.2277955533004
2.466,3302.007585074877,3002.041098609258,3252.9943413050137,,3070.128189313008
2.468,3301.670466906397,3002.0446429238136,3252.699464698082,,3070.771929349352
2.47,3301.442983237217,3002.1200285128075,3252.5643845375976,,3072.0202105073126
2.472,3301.2889652814906,3002.1963938949743,3252.406467809293,,3073.638006082951
2.474,3301.1678986192364,3002.1877063838497,3252.1146392203373,,3075.3350728588953
2.476,3301.03989890559,3002.0012528498028,3251.5629430710624,,3076.814429658139
2.478,3300.880646136367,3001.5556713960955,3250.668386271589,,3077.818480990646
2.48,3300.6885369727433,3000.7837304038144,3249.28900397189,,3078.165346862874
2.482,3300.487816290593,2999.6863865508612,3247.3890032052195,,3077.7711973212035
2.484,3300.3145936978954,2998.2992722344766,3245.0541886098044,,3076.657444384775
2.486,3300.202369338943,2996.7184334586236,3242.5136990680912,,3074.943813738849
2.488,3300.160812311164,2995.1182522722843,3240.0776414404254,,3072.829127937682
2.49,3300.1691752762335,2993.625086341124,3238.201925021945,,3070.5616613187813
2.492,3300.175341533134,2992.478223358948,3237.0983410427366,,3068.4016819197213
2.494,3300.1059463799775,2991.7581237668223,3236.785582656354,,3066.5811776877586
2.496,3299.8890670596375,2991.495620003097,3237.0580690050147,,3065.26881284566
2.498,3299.4681828746902,2991.6361770233866,3237.539919300996,,3064.5491993261985
2.5,3298.833074106301,2992.017323343535,3237.786927383544,,3064.4221724107633
2.5020000000000002,3298.0107266735695,2992.4306482800453,3237.450927271502,,3064.820535946965
2.504,3297.050192101891,2992.656286044633,3236.33926729826,,3065.6377455818642
2.5060000000000002,3296.011243207555,2992.5325761582885,3234.4985392983403,,3066.75455661421
2.508,3294.9358943265784,2991.9986209039275,3232.1205308914273,,3068.05675276083
2.5100000000000002,3293.8432881026715,2991.103443013348,3229.4555360346562,,3069.4419602116523
2.512,3292.734977675177,2990.0188424595235,3226.748953986436,,3070.8186482861433
2.5140000000000002,3291.605313991865,2988.9597708105607,3224.172124983118,,3072.1026763418713
2.516,3290.4514327989855,2988.1264762326664,3221.845014606546,,3073.21601150269
2.5180000000000002,3289.2794880957795,2987.6162324017228,3219.8526975962905,,3074.089734881208
2.52,3288.1005657413994,2987.3924233965754,3218.2852590105613,,3074.670806800704
2.5220000000000002,3286.9258797657553,2987.2946671061595,3217.2510509918816,,3074.9300317339685
2.524,3285.763221144535,2987.0825709552787,3216.79812380599,,3074.867445475293
2.5260000000000002,3284.618611193626,2986.5357864082453,3216.89105461623,,3074.511731464327
2.528,3283.503517918472,2985.5119192796724,3217.3984304924957,,3073.9127465010015
2.5300000000000002,3282.4399349240643,2984.0327452235542,3218.0978397097783,,3073.129413284286
2.532,3281.46424316038,2982.2588853776856,3218.786609759275,,3072.216981857993
2.5340000000000003,3280.4208217263113,2980.453086357189,3219.348980335676,,3071.217339049739
2.536,3279.8372220918754,2978.909029128854,3219.8103113265847,,3070.1545613763064
2.5380000000000003,3279.4804049783666,2977.854458622871,3220.3082189411703,,3069.036307536791
2.54,3279.3521545195567,2977.4122975039572,3221.02817691232,,3067.8605835775643
2.5420000000000003,3279.4067699334882,2977.5247693887527,3222.093514415752,,3066.626814821897
2.544,3279.5687121882734,2978.0044302163083,3223.5050598265025,,3065.3491085445166
2.5460000000000003,3279.7387144195413,2978.577872565914,3225.1364778838847,,3064.0676876210578
2.548,3279.8069888704044,2978.9484851278276,3226.7642621771834,,3062.8530993294307
2.5500000000000003,3279.6734754646227,2978.8828337997033,3228.1682498608625,,3061.798774480135
2.552,3279.249520713637,2978.233240451506,3229.1813052642933,,3061.0011953926924
2.5540000000000003,3278.49127230749,2977.0026856097734,3229.754299175358,,3060.5320482510633
2.556,3277.372186909471,2975.3048936221217,3229.932651198813,,3060.4111438746077
2.5580000000000003,3275.9722686458986,2973.334854356635,3229.8206484991456,,3060.590556044497
2.56,3274.3796176680485,2971.34698364329,3229.561045373158,,3060.9581350257936
2.562,3272.726914314508,2969.5821441424223,3229.2737931796632,,3061.3622990896156
2.564,3271.1717904932866,2968.2477635178584,3229.03546716593,,3061.6516623737593
2.566,3269.8603595378568,2967.4528950756417,3228.8578979464905,,3061.7162197758626
2.568,3268.9112450769417,2967.209993551409,3228.6859631600923,,3061.5150126480585
2.57,3268.417699758712,2967.448064684268,3228.3987605813404,,3061.080036428916
2.572,3268.39577707442,2967.9974026446866,3227.835619938273,,3060.4961410555266
2.574,3268.8224851848313,2968.6598999287908,3226.8313327645287,,3059.867094632659
2.576,3269.633746777482,2969.240944719415,3225.2378727737832,,3059.2832277190896
2.578,3270.6959247085592,2969.599298136369,3223.005973547442,,3058.8033965539407
2.58,3271.8540358298865,2969.67806876073,3220.175899822871,,3058.455227285042
2.582,3272.925234571437,2969.502138660456,3216.867118410446,,3058.247805784733
2.584,3273.731748102547,2969.179511004847,3213.2915995065355,,3058.1855892568706
2.586,3274.121356176874,2968.842856622931,3209.6845242073487,,3058.273885542549
2.588,3273.9686032852965,2968.609808365286,3206.287661309166,,3058.512913144298
2.59,3273.2437291711526,2968.5312285347804,3203.3063935413215,,3058.8848651448534
2.592,3271.9706355943727,2968.5713083221644,3200.8963274456637,,3059.342873055417
2.594,3270.22398976322,2968.6090620400455,3199.182736461751,,3059.8104028434745
2.596,3268.1518610277753,2968.4655145442907,3198.2088499011634,,3060.1944768826343
2.598,3265.903215396782,2967.9591497871284,3197.965663966381,,3060.4087757090615
2.6,3263.6227184369177,2966.93853448003,3198.394334767219,,3060.397058523575
2.602,3261.432502431966,2965.3654104065995,3199.332698553985,,3060.1464392566904
2.604,3259.422893466574,2963.312285161926,3200.5720578382047,,3059.68471243382
2.606,3257.6722718721517,2960.9564013867375,3201.877865029086,,3059.064033411263
2.608,3256.230633555969,2958.5717283188237,3203.0273235263626,,3058.3402089025044
2.61,3255.145168470236,2956.4461410769295,3203.8628232864044,,3057.5583165431876
2.612,3254.462401874881,2954.844818130744,3204.3012156403274,,3056.7503676524416
2.614,3254.179827781862,2953.9123006217405,3204.3719320353252,,3055.9425292740416
2.616,3254.2705641432926,2953.6557252930083,3204.1798890996342,,3055.163727822468
2.618,3254.6750222702854,2953.9485112134075,3203.8781031343356,,3054.4479902597186
2.62,3255.280963364828,2954.5150233446516,3203.6376023555904,,3053.8283940039087
2.622,3255.970512415402,2955.033389646379,3203.5950598395716,,3053.3265912885768
2.624,3256.6222885839575,2955.1918190924744,3203.8318637651337,,3052.9448378250127
2.626,3257.1337860774966,2954.798648404943,3204.325469771033,,3052.6660758968214
2.628,3257.4303296092203,2953.8286495029633,3204.9553402670904,,3052.4629170086487
2.63,3257.4588856960345,2952.4238470144696,3205.5087415973617,,3052.310972334094
2.632,3257.2147640542307,2950.8860040953027,3205.7260326270334,,3052.1990673960445
2.634,3256.7164689426754,2949.5500420435474,3205.371425740852,,3052.130377860464
2.636,3256.005254961239,2948.7011382722594,3204.273393817562,,3052.113782938389
2.638,3255.15652759491,2948.4387122631665,3202.4348982536108,,3052.150703509219
2.64,3254.2470428068705,2948.648903078501,3200.013635053996,,3052.225801392787
2.642,3253.349458307715,2949.020119432401,3197.302653531093,,3052.308309431916
2.644,3252.512105940532,2949.1108414206847,3194.6945015743445,,3052.365149150957
2.646,3251.747129778304,2948.5033350319004,3192.573154203549,,3052.3799822661745
2.648,3251.0295721137027,2946.886055763206,3191.2915516410876,,3052.367650887469
2.65,3250.3032980762464,2944.215620836966,3191.0772820785323,,3052.37438158156
2.652,3249.5077086795673,2940.6781720741874,3192.062087742205,,3052.460974491622
2.654,3248.592977370664,2936.627557679898,3194.339669159093,,3052.675314903183
2.656,3247.547962313273,2932.511065380277,3197.7902143763404,,3053.0265913406565
2.658,3246.3908983247024,2928.695566405721,3202.306766775244,,3053.4731563606756
2.66,3245.160607049273,2925.4034585035333,3207.6082845527108,,3053.9296264522013
2.662,3243.905921490409,2922.6335571490895,3213.2481818440506,,3054.29040969612
2.664,3242.664921712193,2920.219994466279,3218.6756257072657,,3054.4606448962104
2.666,3241.4668347998177,2917.8928269358844,3223.3234458474,,3054.3838405047204
2.668,3240.3332320003356,2915.4322592356234,3226.435619001126,,3054.0580268142007
2.67,3239.2910813830454,2912.5699135033633,3227.7108960082937,,3053.537033357287
2.672,3238.3834065256997,2909.360084869688,3226.932540585889,,3052.9183432408477
2.674,3237.6548166154325,2905.807836237796,3224.2919468979517,,3052.3221308978973
2.676,3237.152969948454,2902.0002608311183,3220.148809724268,,3051.866886944477
2.678,3236.922541116278,2897.9966854494637,3214.979730150102,,3051.6462107884163
2.68,3236.9678773823643,2893.7895850707337,3209.348960588374,,3051.710471355331
2.682,3237.2688697163035,2889.269033450968,3203.724343472706,,3052.056926460816
2.684,3237.773700756651,2884.22183605335,3198.513088244963,,3052.631640735673
2.686,3238.383379557469,2878.4221220783115,3194.018425235329,,3053.3444345889675
2.688,3238.982207838846,2871.642160353952,3190.4846219580554,,3054.0938259362956
2.69,3239.4362651563124,2863.6653458671094,3188.1293713373148,,3054.794454063896
2.692,3239.626244344148,2854.427020179452,3187.0062414261333,,3055.3976054466307
2.694,3239.451830886585,2843.919600532154,3187.082772481069,,3055.89781715946
2.696,3238.8275455364283,2832.1880666761153,3188.23617952754,,3056.324514782381
2.698,3237.732873744467,2819.4275969441487,3190.19591894137,,3056.7245162038316
2.7,3236.178726750056,2805.8551938746728,3192.700101851474,,3057.1451722935726
2.702,3234.214641103825,2791.723562458076,3195.496670557819,,3057.6261820128693
2.704,3231.965770239645,2777.3402317267764,3198.3260690201882,,3058.2014587668987
2.706,3229.5851146609407,2762.9765892383134,3200.9252765160595,,3058.9050855945015
2.708,3227.2581718990314,2748.863021651968,3202.959893917886,,3059.7720462852144
2.71,3225.1683438244727,2735.1136735658,3204.0926343400356,,3060.82728102666
2.712,3223.4693462782584,2721.71375974163,3204.0096883186015,,3062.0644929538603
2.714,3222.283702304045,2708.504917419176,3202.48522471554,,3063.4245101046936
2.716,3221.6393260345462,2695.1887497628913,3199.6133155915727,,3064.7863362989942
2.718,3221.5164877299767,2681.405069148746,3195.7016117365783,,3065.9800389496886
2.72,3221.8312845133855,2666.7522769327834,3191.249200073608,,3066.821784896289
2.722,3222.450128785048,2650.9465899823176,3186.843969022975,,3067.1620149623004
2.724,3223.230501612021,2633.8067400989657,3182.942458634944,,3066.931552857874
2.726,3223.967392957754,2615.256092110649,3179.828076368866,,3066.1696142170026
2.728,3224.5764296383163,2595.4465700143282,3177.52727421324,,3065.0230172238153
2.73,3224.92118652224,2574.592509515498,3175.978646918168,,3063.71583969076
2.732,3224.9581419625592,2552.9472403940135,3175.171335369451,,3062.4989258553655
2.734,3224.672746283667,2530.8132470051314,3175.186175682952,,3061.59439529488
2.736,3224.099523384507,2508.4256558331185,3176.2609578735305,,3061.1501791867645
2.738,3223.3073327709158,2485.9673102814086,3178.71698132866,,3061.2150510280535
2.74,3222.386736794616,2463.5688318800917,3182.6632596328095,,3061.7378770840655
2.742,3221.4243437406144,2441.3107311159006,3187.975551125872,,3062.5882463572275
2.744,3220.491254195446,2419.244047005795,3194.2251766149434,,3063.591155424563
2.746,3219.6258731351586,2397.368137310609,3200.6731915369055,,3064.566580726756
2.748,3218.835541264829,2375.632493196569,3206.541733121603,,3065.365005949025
2.75,3218.1060018744,2353.901858998039,3211.0977876875872,,3065.891704739043
2.7520000000000002,3217.4137944557533,2331.9314184050586,3213.934565847036,,3066.115548861675
2.754,3216.7439477826388,2309.36735816921,3214.914895349984,,3066.0622244771494
2.7560000000000002,3216.0940090748572,2285.7168752248595,3214.1174939910643,,3065.796611201074
2.758,3215.4703978615116,2260.5167015091934,3211.9123801919795,,3065.4026143054284
2.7600000000000002,3214.8819651909203,2233.3475683489332,3208.700116582875,,3064.967947324659
2.762,3214.3335780354246,2203.8847801636907,3204.9055393668013,,3064.5763487908393
2.7640000000000002,3213.822875327531,2172.184731843709,3200.9921704324365,,3064.3045925472497
2.766,3213.3482682710796,2138.468424816667,3197.3909711914857,,3064.219741441468
2.7680000000000002,3212.9151280342835,2103.0451064700774,3194.547320225668,,3064.3730888856912
2.77,3212.535954602056,2066.2801225022185,3192.8030653659766,,3064.789546949911
2.7720000000000002,3212.2274702696873,2028.25255243591,3192.4011216501576,,3065.454297221271
2.774,3211.9967624873734,1988.628647169661,3193.4663132713667,,3066.301753290253
2.7760000000000002,3211.820958289258,1946.7833451076253,3195.8409045852877,,3067.213623297407
2.778,3211.6453337243292,1901.806880826327,3199.232261824589,,3068.0314631231868
2.7800000000000002,3211.3848911122927,1852.6139037651683,3203.2165270109576,,3068.584506490641
2.782,3210.9539009585146,1798.6159745980574,3207.2590492791364,,3068.7275538657827
2.7840000000000003,3210.2866324288675,1739.5858745386358,3210.8441632623976,,3068.3788923584984
2.786,3209.3562153478165,1675.7520787303285,3213.4448263644877,,3067.546729930097
2.7880000000000003,3208.1967353609966,1608.222073346129,3214.645360205362,,3066.3351182693837
2.79,3206.875202483277,1538.3965630488551,3214.072803214111,,3064.9256903484497
2.7920000000000003,3205.484123391543,1467.974290610805,3211.3504956810543,,3063.5381118652017
2.794,3204.123557442568,1398.7458372266992,3206.3167469014147,,3062.378537386175
2.7960000000000003,3202.8826627582876,1332.284558084127,3198.8659188495612,,3061.5896589041254
2.798,3201.8378811447883,1269.981167441909,3188.9636720962844,,3061.216209929611
2.8000000000000003,3201.0328125193614,1212.466290279694,3176.884162397052,,3061.195799140347
2.802,3200.4876993122825,1159.837363243067,3162.9768340670835,,3061.3780113115026
2.8040000000000003,3200.1934554488366,1111.5706967100216,3147.680428384435,,3061.566845218643
2.806,3200.1108832376117,1066.103997049011,3131.5780418407035,,3061.5749765263204
2.8080000000000003,3200.181118904665,1021.3580666917322,3115.1978667096396,,3061.274792981761
2.81,3200.2913670357707,974.6467820027218,3099.040459879082,,3060.6317495981903
2.8120000000000003,3200.37413778705,923.2537745416963,3083.513932349839,,3059.7106923440033
2.814,3200.3800781473356,864.784064630611,3068.928059307967,,3058.65413682503
2.816,3200.2772652818553,797.3488891904761,3055.5286221955075,,3057.6402747548987
2.818,3200.057040738437,720.9148764825479,3043.3764231553932,,3056.834848979949
2.82,3199.721729904622,636.8271811706354,3032.4519470805926,,3056.35274048962
2.822,3199.2819158972484,548.1290990565363,3022.663271781743,,3056.2408796863847
2.824,3198.7562943432977,459.72093439024525,3013.770724848072,,3056.4850869412357
2.826,3198.158180770574,377.2103458584744,3005.5309684783747,,3057.0336074332317
2.828,3197.491726591606,,2997.7048120017066,,3057.8241136367524
2.83,3196.750996500716,,2990.0638494318196,,3058.8015697566098
2.832,3195.916358172076,,2982.4517323282525,,3059.9208685990507
2.834,3194.9621337551057,,2974.759851152708,,3061.1367866464
2.836,3193.8761446296235,,2966.802839638448,,3062.3900801974146
2.838,3192.6621467619457,,2958.84373426447,,3063.599710665723
2.84,3191.347751320802,,2950.339143829837,,3064.667322416575
2.842,3189.9850597740337,,2941.38547052091,,3065.4937011149523
2.844,3188.6327891268097,,2931.272490026909,,3066.001223630054
2.846,3187.3492588532963,,2920.01136345422,,3066.1534295389906
2.848,3186.176183791093,,2906.974519282266,,3065.9635011825776
2.85,3185.140682696413,,2891.674937933656,,3065.487417100014
2.852,3184.260229921997,,2873.6322590351033,,3064.803988122498
2.854,3183.542872114111,,2852.6092240057187,,3063.9905280269836
2.856,3183.006235116219,,2828.488103644027,,3063.1053839734923
2.858,3182.67522178385,,2801.391016064026,,3062.1843154251546
2.86,3182.5576333035924,,2771.88883977732,,3061.2492755699705
2.862,3182.6401128983666,,2740.8013582816834,,3060.3214519127346
2.864,3182.86837577482,,2709.2771504246566,,3059.4296336624893
2.866,3183.1429977714897,,2678.667840219057,,3058.609651689669
2.868,3183.350671292612,,2650.333441079047,,3057.89677400997
2.87,3183.3875788587698,,2625.53393868394,,3057.3164504214415
2.872,3183.20503530252,,2604.9799274679895,,3056.8783087576994
2.874,3182.812070872217,,2588.9358134050394,,3056.5751984678764
2.876,3182.2734551622575,,2577.0840350609283,,3056.385882491659
2.878,3181.691007014121,,2568.3384345169093,,3056.278689671299
2.88,3181.163114347918,,2561.2880878419473,,3056.214417772349
2.882,3180.768926265382,,2554.246259663471,,3056.148866053276
2.884,3180.543067527141,,2545.5908401376773,,3056.0369270030615
2.886,3180.4806897100266,,2534.015508654541,,3055.8399022881763
2.888,3180.5352537432323,,2518.6409991246023,,3055.5354105638253
2.89,3180.6211529636344,,2499.341159719122,,3055.1263575183493
2.892,3180.636208018222,,2476.4168952636487,,3054.6442792979396
2.894,3180.471735184111,,2450.5471233502685,,3054.144171975018
2.896,3180.0469518589352,,2422.7217819690054,,3053.691848559392
2.898,3179.3112503040684,,2393.834415922062,,3053.3487473645714
2.9,3178.2385613499437,,2364.635241895742,,3053.160659012389
2.902,3176.9100547034736,,2335.6141726795745,,3053.154930643636
2.904,3175.3476165691927,,2306.947956267817,,3053.346190646808
2.906,3173.6321602035027,,2278.5251075347405,,3053.7457773730407
2.908,3171.9051373756665,,2249.9884366388746,,3054.3674090195614
2.91,3170.2184983446627,,2220.846972724701,,3055.223049660745
2.912,3168.699291132472,,2190.553298406047,,3056.3083893321323
2.914,3167.418563647368,,2158.7032494137998,,3057.5842108324523
2.916,3166.503116422498,,2125.036311127057,,3058.9640238802745
2.918,3165.9953956811055,,2089.4701841165606,,3060.3169329300754
2.92,3165.8850171584745,,2052.159445050388,,3061.488415538337
2.922,3166.114207192142,,2013.2410988993834,,3062.333939994139
2.924,3166.5578393885658,,1972.720219672587,,3062.7548418922856
2.926,3167.0458682132503,,1930.4184363029187,,3062.724663038766
2.928,3167.400546554853,,1885.8099546483031,,3062.2973189272716
2.93,3167.461907367134,,1838.0722638058794,,3061.59463437076
2.932,3167.125801470248,,1786.4620990455642,,3060.7775971065907
2.934,3166.3326711457744,,1730.343011792754,,3060.010409074055
2.936,3165.077761703912,,1669.4644829072072,,3059.4274652152967
2.938,3163.4125047144594,,1604.4033304202192,,3059.1111352096364
2.94,3161.413720873264,,1536.2480721182762,,3059.0842160363495
2.942,3159.1944377559817,,1466.6501348338488,,3059.3166855471736
2.944,3156.890550785409,,1397.592468341194,,3059.7429430185625
2.946,3154.637368389405,,1330.990606607081,,3060.283543966136
2.948,3152.5577901949855,,1268.5644693335282,,3060.8647028224827
2.95,3150.736305100474,,1211.341259312544,,3061.429829895188
2.952,3149.2268532397675,,1159.8804943699295,,3061.940335139922
2.954,3148.0532781205447,,1114.2434667796144,,3062.3671864584708
2.956,3147.218479630801,,1073.7593792054222,,3062.6784638158324
2.958,3146.73862267045,,1037.5507915897924,,3062.829884839114
2.96,3146.6361162348976,,1004.4453564483707,,3062.7644428867197
2.962,3146.9216496934137,,972.9089197083642,,3062.423782633627
2.964,3147.5937359341206,,941.2935665324046,,3061.7684388589223
2.966,3148.6015845265697,,907.7000887338792,,3060.798820364087
2.968,3149.83152036376,,870.2512296772409,,3059.5666892721224
2.97,3151.1309318886238,,827.1145833552355,,3058.1696507902375
2.972,3152.3237438881574,,776.6807614039276,,3056.7282983277496
2.974,3153.2604894156807,,718.3504104817093,,3055.3539179649597
2.976,3153.8404993465797,,652.3361356371327,,3054.119690674802
2.978,3154.036050049343,,580.1171842098958,,3053.0474352785486
2.98,3153.8974795756367,,504.8405188721288,,3052.115454344687
2.982,3153.5108571489445,,430.73644694947234,,3051.283850164186
2.984,3152.980390796776,,363.1169333172329,,3050.525885504797
2.986,3152.3938415395014,,307.09944330711426,,3049.8510970425764
2.988,3151.7976196303143,,267.16916951978646,,3049.309335140529
2.99,3151.195208204269,,246.38025532399286,,3048.9735806259514
2.992,3150.556155908261,,244.46853609209077,,3048.909574387093
2.994,3149.8329673326334,,259.02011512601905,,3049.146551261721
2.996,3148.9797726387287,,285.27499143825474,,3049.6619957634753
2.998,3147.9705482307,,316.6013960466738,,3050.3855434960287
3.0,3146.7960869863073,,346.56645728110493,,3051.2178676151793
3.0020000000000002,3145.467570242674,,374.5262304280675,,3052.054449712674
3.004,3144.013307064691,,383.82849507592283,,3052.8039640289717
3.0060000000000002,3142.466225872797,,381.95904141862053,,3053.395927378579
3.008,3140.867405319064,,370.59635785184577,,3053.778967112081
3.0100000000000002,3139.264432746589,,353.1820745298237,,3053.9156774810367
3.012,3137.7100230589795,,332.9604040830074,,3053.7804517527293
3.0140000000000002,3136.2612574279556,,314.2524141725953,,3053.3632460781896
3.016,3134.968389038904,,297.9824551823754,,3052.677395906305
3.0180000000000002,3133.8748658991913,,286.00274426479564,,3051.7666328003324
3.02,3133.00724659242,,278.06223813453937,,3050.706997339311
3.0220000000000002,3132.368796681553,,273.1214788991321,,3049.602322965916
3.024,3131.9556374581853,,270.3270090545826,,3048.5749374424718
3.0260000000000002,3131.751983556152,,268.6994316224818,,3047.75413315284
3.028,3131.727409239964,,267.4809738879688,,3047.263375746397
3.0300000000000002,3131.842983350092,,266.15799123811894,,3047.2050551890134
3.032,3132.038433895799,,264.3104131159743,,3047.641723342985
3.0340000000000003,3132.234780387378,,261.5658602245076,,3048.5760657185892
3.036,3132.344854262334,,257.55231573331,,3049.936051556745
3.0380000000000003,3132.2856880593768,,251.99665032388788,,3051.5733544900654
3.04,3132.0014575798014,,244.88141332070703,,3053.280293082108
3.0420000000000003,3131.460366273443,,236.44457427085456,,3054.8241307608405
3.044,3130.6609848503736,,,,3055.990731730148
3.0460000000000003,3129.6297969945063,,,,3056.6255434546665
3.048,3128.4004602467826,,,,3056.6603703754204
3.0500000000000003,3127.021581993462,,,,3056.119089962757
3.052,3125.5607438137645,,,,3055.1023306181073
3.0540000000000003,3124.104333456333,,,,3053.75755282085
3.056,3122.7630214041724,,,,3052.2448801944424
3.0580000000000003,3121.651171116681,,,,3050.7090696877394
3.06,3120.874537613612,,,,3049.263900177077
3.0620000000000003,3120.4986947900265,,,,3047.9889258657413
3.064,3120.518149367332,,,,3046.9337732827007
3.0660000000000003,3120.8732066588427,,,,3046.124373248041
3.068,3121.4454716140895,,,,3045.567678288306
3.0700000000000003,3122.0870333463004,,,,3045.2540272713954
3.072,3122.658345721126,,,,3045.157966105667
3.074,3123.0451305688666,,,,3045.238857622494
3.076,3123.176854555505,,,,3045.442511038654
3.078,3123.0073950232813,,,,3045.7048853181427
3.08,3122.511304737973,,,,3045.958625624246
3.082,3121.6852964953127,,,,3046.1423939157435
3.084,3120.533943122199,,,,3046.2116412070736
3.086,3119.091342281724,,,,3046.1479231118205
3.088,3117.4004615657955,,,,3045.962743916975
3.09,3115.640476375601,,,,3045.692519157224
3.092,3113.812633919222,,,,3045.384446518178
3.094,3112.062238015848,,,,3045.077658306521
3.096,3110.48158316761,,,,3044.7872063404748
3.098,3109.0973883425504,,,,3044.4982081021044
3.1,3107.925516068163,,,,3044.17390321854
3.102,3106.9677723855184,,,,3043.7758014358
3.104,3106.2055478962434,,,,3043.2884630937597
3.106,3105.6093025870687,,,,3042.7379455979235
3.108,3105.1499000921476,,,,3042.193804441421
3.11,3104.7989344139805,,,,3041.750772037775
3.112,3104.5419994262843,,,,3041.4956281571976
3.114,3104.386964651441,,,,3041.4724795601496
3.116,3104.3552066134425,,,,3041.661701298238
3.118,3104.4680662563537,,,,3041.982812420981
3.12,3104.731955653635,,,,3042.320959398071
3.122,3105.111610648262,,,,3042.565427186215
3.124,3105.5285277455764,,,,3042.6432141145333
3.126,3105.8688854971138,,,,3042.534164235447
3.128,3106.004447461207,,,,3042.2638344291786
3.13,3105.824121769997,,,,3041.8805363599085
3.132,3105.240551322475,,,,3041.428590732682
3.134,3104.2222796316914,,,,3040.9287977427052
3.136,3102.791356185011,,,,3040.371939572245
3.138,3101.0043056666714,,,,3039.725921213337
3.14,3098.966138710316,,,,3038.953712862381
3.142,3096.808313543194,,,,3038.0367084780437
3.144,3094.677318369477,,,,3036.9958655950363
3.146,3092.7237086412056,,,,3035.902416447757
3.148,3091.074637235676,,,,3034.872603403955
3.15,3089.8291519557188,,,,3034.0461495720924
3.152,3089.0247456478123,,,,3033.5536238927166
3.154,3088.639552995323,,,,3033.481471224287
3.156,3088.617366809509,,,,3033.8446462841703
3.158,3088.8636725219126,,,,3034.575670306185
3.16,3089.2765581810336,,,,3035.5352768763996
3.162,3089.7635490218886,,,,3036.543298528188
3.164,3090.2411657766925,,,,3037.4207401049002
3.166,3090.642622214501,,,,3038.029015685403
3.168,3090.9118473794924,,,,3038.2934340584143
3.17,3091.0081685811997,,,,3038.2052036844484
3.172,3090.843971095766,,,,3037.805826354176
3.174,3090.465428005169,,,,3037.164567851538
3.176,3089.8795858113626,,,,3036.3604365506403
3.178,3089.107181636517,,,,3035.4751306592398
3.18,3088.1729611723117,,,,3034.595777921212
3.182,3087.1117071409435,,,,3033.820102425061
3.184,3085.9602413393177,,,,3033.255319884065
3.186,3084.753557858376,,,,3033.006043225849
3.188,3083.5286951791923,,,,3033.1530662384353
3.19,3082.3223464843395,,,,3033.7305015293123
3.192,3081.1743793791366,,,,3034.7106013405582
3.194,3080.126076433737,,,,3036.002493836993
3.196,3079.214078694793,,,,3037.464735105322
3.198,3078.4674676366185,,,,3038.9263133999134
3.2,3077.889988105776,,,,3040.2098087821137
3.202,3077.4578653127282,,,,3041.1530369265083
3.204,3077.046741281563,,,,3041.6282777083616
3.206,3076.7546352743852,,,,3041.5584781950975
3.208,3076.42620708396,,,,3040.928002207308
3.21,3076.022759058083,,,,3039.7844709386027
3.212,3075.5347929109575,,,,3038.230004694346
3.214,3074.981226138901,,,,3036.4035509859814
3.216,3074.40022556021,,,,3034.458555419935
3.218,3073.8405523057354,,,,3032.541095326996
3.22,3073.3455203969,,,,3030.7730092929705
3.222,3072.9460018129876,,,,3029.242904058029
3.224,3072.649622957908,,,,3028.0058274472117
3.226,3072.4400525683113,,,,3027.0903011915034
3.228,3072.2806775207428,,,,3026.5090856083198
3.23,3072.113329604206,,,,3026.2679623604613
3.232,3071.8685590061295,,,,3026.366994206101
3.234,3071.4708318329854,,,,3026.792475924346
3.236,3070.8589824322144,,,,3027.503653465186
3.238,3070.002407781877,,,,3028.422730756392
3.24,3068.900587492919,,,,3029.4364207358044
3.242,3067.5950761317386,,,,3030.4117536151516
3.244,3066.1503021770004,,,,3031.2210909594064
3.246,3064.6352548427544,,,,3031.765987265366
3.248,3063.1220106818055,,,,3031.9899361855596
3.25,3061.683558407914,,,,3031.8761165891046
3.2520000000000002,3060.409355456663,,,,3031.4345096056313
3.254,3059.405673756901,,,,3030.687932496621
3.2560000000000002,3058.7835949604005,,,,3029.665340913527
3.258,3058.6517760221204,,,,3028.4046543152513
3.2600000000000002,3059.0602093355324,,,,3026.9609734887226
3.262,3059.9792816806953,,,,3025.4130387553687
3.2640000000000002,3061.3316053144367,,,,3023.862042442874
3.266,3062.8651700593487,,,,3022.421187544014
3.2680000000000002,3064.462786379317,,,,3021.1990502379967
3.27,3066.1755025604825,,,,3020.282469582173
3.2720000000000002,3067.0395081538686,,,,3019.724481702574
3.274,3067.430866470641,,,,3019.5400434424932
3.2760000000000002,3067.3159346829525,,,,3019.708397293109
3.278,3066.761224409187,,,,3020.1783541352784
3.2800000000000002,3065.869355547698,,,,3020.8732235102734
3.282,3064.7753203891984,,,,3021.695129979429
3.2840000000000003,3063.646207431692,,,,3022.531727392793
3.286,3062.638999467539,,,,3023.268880417127
3.2880000000000003,3061.8805869274183,,,,3023.809225368663
3.29,3061.408308973134,,,,3024.0909569624696
3.2920000000000003,3061.149156223719,,,,3024.0983978498857
3.294,3060.9044516814815,,,,3023.8585153225936
3.2960000000000003,3060.364738313177,,,,3023.4242196236546
3.298,3059.1739708711825,,,,3022.8522003928206
3.3000000000000003,3056.954833032722,,,,3022.1860378991296
3.302,3053.4505913501343,,,,3021.4522337883286
3.3040000000000003,3048.538055178684,,,,3020.669455108675
3.306,3042.2308815250553,,,,3019.86390352659
3.3080000000000003,3034.798561508673,,,,3019.080047788034
3.31,3026.6659413762677,,,,3018.3781492197813
3.3120000000000003,3018.3925369803,,,,3017.817518510237
3.314,3010.6123268593915,,,,3017.433056929554
3.3160000000000003,3003.904290954469,,,,3017.2170961360275
3.318,2998.76271394777,,,,3017.1165910615823
3.3200000000000003,2995.404645959839,,,,3017.048808490181
3.322,2993.80690541703,,,,3016.930197847597
3.3240000000000003,2993.746884539365,,,,3016.706895255366
3.326,2994.7432752175328,,,,3016.3742597467235
3.3280000000000003,2996.2453560086497,,,,3015.977775755763
3.33,2997.691097400762,,,,3015.596381787829
3.332,2998.5924382059725,,,,3015.317224372801
3.334,2998.6080271908595,,,,3015.213316827039
3.336,2997.5233623729714,,,,3015.331225045431
3.338,2995.331824550331,,,,3015.6885149230657
3.34,2992.1555326880116,,,,3016.2761094007838
3.342,2988.2044113874854,,,,3017.0611633384615
3.344,2983.793619075807,,,,3017.989402287546
3.346,2979.2441394546204,,,,3018.9887316392246
3.348,2974.8630337549303,,,,3019.9760002656412
3.35,2970.8933818641735,,,,3020.8661253902887
3.352,2967.4884774906945,,,,3021.580134557169
3.354,2964.7284364032184,,,,3022.0488975719477
3.356,2962.583453422759,,,,3022.212363513872
3.358,2960.9731755333805,,,,3022.0175591660245
3.36,2959.796013939541,,,,3021.4198726970812
3.362,2958.915960924028,,,,3020.3905767461374
3.364,2958.2010983323094,,,,3018.930385198164
3.366,2957.521716705171,,,,3017.085320721996
3.368,2956.7576227790814,,,,3014.9580646579507
3.37,2955.8195426141515,,,,3012.7071120708815
3.372,2954.6533741065587,,,,3010.529419132816
3.374,2953.267136893185,,,,3008.6289470882716
3.376,2951.7192668583953,,,,3007.180074056359
3.378,2950.11278123086,,,,3006.297607982077
3.38,2948.5850166134474,,,,3006.022125542037
3.382,2947.2784650765393,,,,3006.32200107483
3.384,2946.336534358581,,,,3007.106650622297
3.386,2945.8578258255893,,,,3008.243502028685
3.388,2945.891766184278,,,,3009.5739583808554
3.39,2946.4335962577647,,,,3010.927693993344
3.392,2947.37663274652,,,,3012.1368078024975
3.394,2948.5509877861186,,,,3013.0511728890815
3.396,2949.738491426707,,,,3013.5550308489824
3.398,2950.7084038361872,,,,3013.582864752464
3.4,2951.2676769276627,,,,3013.1302170717013
3.402,2951.267878143082,,,,3012.254626890169
3.404,2950.6614294965702,,,,3011.064861644689
3.406,2949.4737557041467,,,,3009.701287561432
3.408,2947.7843834979885,,,,3008.313139434999
3.41,2945.7480606847785,,,,3007.037873502573
3.412,2943.541381796572,,,,3005.984789672478
3.414,2941.352298902339,,,,3005.2225154782022
3.416,2939.3552030076544,,,,3004.7698500666897
3.418,2937.680576544802,,,,3004.591549726097
3.42,2936.410828926401,,,,3004.6027325871896
3.422,2935.5366308134867,,,,3004.68544547672
3.424,2934.978147279448,,,,3004.7173916914344
3.426,2934.5969421269824,,,,3004.6065605605754
3.428,2934.207751831114,,,,3004.31990061079
3.43,2933.631049149231,,,,3003.893720920444
3.432,2932.713604933298,,,,3003.419937706127
3.434,2931.389900753186,,,,3003.012603067024
3.436,2929.694588815537,,,,3002.7677359635136
3.438,2927.778159453529,,,,3002.732042686381
3.44,2925.93168005502,,,,3002.892000247226
3.442,2924.5483610861857,,,,3003.186320808923
3.444,2924.129325949187,,,,3003.535498100051
3.446,2925.165957567603,,,,3003.875244236768
3.448,2928.0124193889365,,,,3004.178739868754
3.45,2933.0828578808487,,,,3004.457269693519
3.452,2940.156237442009,,,,3004.7391842818806
3.454,2949.057877955658,,,,3005.038680544353
3.456,2959.112484836625,,,,3005.3318837418324
3.458,2969.5788082472695,,,,3005.553983273666
3.46,2979.665303965348,,,,3005.6197802897173
3.462,2988.625816114933,,,,3005.457848470767
3.464,2996.0019433749135,,,,3005.042268161316
3.466,3001.5865521539713,,,,3004.4079678452617
3.468,3005.3772429981486,,,,3003.6438294475583
3.47,3007.669560822748,,,,3002.867301457452
3.472,3008.7934126858913,,,,3002.19110478013
3.474,3009.0704864209215,,,,3001.6944440994525
3.476,3008.8207181031557,,,,3001.407931929944
3.478,3008.252899268795,,,,3001.31503404615
3.48,3007.4839473200104,,,,3001.366261422611
3.482,3006.543047909257,,,,3001.498460712671
3.484,3005.3488343612835,,,,3001.6517442288477
3.486,3003.6987003820514,,,,3001.7798947296596
3.488,3001.3352085186248,,,,3001.8539856080156
3.49,2997.9677468645777,,,,3001.8613472015663
3.492,2993.3103573600406,,,,3001.8022709975853
3.494,2987.286792261916,,,,3001.685599056975
3.496,2979.9781670616653,,,,3001.523013666375
3.498,2971.6593243192983,,,,3001.322034615306
3.5,2962.855864121111,,,,3001.079614759351
3.5020000000000002,2954.1573450386472,,,,3000.7796792649247
3.504,2946.1893640666963,,,,3000.396775714165
3.5060000000000002,2939.4269402266154,,,,2999.9046180411674
3.508,2934.180380738282,,,,2999.2853497637093
3.5100000000000002,2930.617886436839,,,,2998.5351503812567
3.512,2928.6244548542786,,,,2997.664491156139
3.5140000000000002,2927.992206763043,,,,2996.694698185263
3.516,2928.4276316632554,,,,2995.654235804458
3.5180000000000002,2929.4946207044964,,,,2994.57789111345
3.52,2930.756367689763,,,,2993.5103359422405
3.5220000000000002,2931.763971275742,,,,2992.512789028342
3.524,2932.1582120423323,,,,2991.668747493035
3.5260000000000002,2931.716518174598,,,,2991.0833432494396
3.528,2930.350505502335,,,,2990.8715704071083
3.5300000000000002,2928.1694470371713,,,,2991.133948509881
3.532,2925.3261979297013,,,,2991.923868223428
3.5340000000000003,2921.9642472413984,,,,2993.2163346979605
3.536,2918.2274285299095,,,,2994.8895309530653
3.5380000000000003,2914.2387689508446,,,,2996.7275580202927
3.54,2910.1909488609053,,,,2998.446863323804
3.5420000000000003,2906.410766938821,,,,2999.7425529393936
3.544,2903.3519625702206,,,,3000.345115010686
3.5460000000000003,2901.603467181195,,,,3000.0739583010504
3.548,2901.6576712140695,,,,2998.873287006579
3.5500000000000003,2903.907115472555,,,,2996.8199030995884
3.552,2908.625634040824,,,,2994.101230143646
3.5540000000000003,2915.7141786273924,,,,2990.971833401664
3.556,2924.9364720849458,,,,2987.7034860385966
3.5580000000000003,2935.908123140659,,,,2984.5446218835004
3.56,2947.9739703770783,,,,2981.699402853595
3.5620000000000003,2960.420319467891,,,,2979.326686236309
3.564,2972.435159093878,,,,2977.5498102833117
3.5660000000000003,2983.2542324681895,,,,2976.4645657932547
3.568,2992.2338151443737,,,,2976.1363858421773
3.5700000000000003,2998.827203972184,,,,2976.5856259004718
3.572,3002.836581854966,,,,2977.767354147524
3.5740000000000003,3004.18023632954,,,,2979.5560600809094
3.576,3002.827623178144,,,,2981.7449418057877
3.5780000000000003,2998.994697602559,,,,2984.064565138208
3.58,2992.8838557156514,,,,2986.2187760980573
3.5820000000000003,2984.729830554755,,,,2987.9297642710735
3.584,2975.0002596999766,,,,2988.9816141551523
3.586,2964.2059731013487,,,,2989.2530448174084
3.588,2952.9375274079202,,,,2988.7336666338842
3.59,2941.8141397082504,,,,2987.5218339384487
3.592,2931.3355817499823,,,,2985.8051480545823
3.594,2921.887875421949,,,,2983.8271680942207
3.596,2913.6305070390404,,,,2981.84618013075
3.598,2906.6375424039284,,,,2980.0937005747314
3.6,2900.9962344640376,,,,2978.741087862858
3.602,2896.7596265980033,,,,2977.881368730125
3.604,2894.0923518265217,,,,2977.5297543202437
3.606,2893.2732850170432,,,,2977.640829184664
3.608,2894.4714158261195,,,,2978.134649634887
3.61,2897.839997367238,,,,2978.920784992799
3.612,2903.4846140028208,,,,2979.9111323665434
3.614,2911.2243226658475,,,,2981.0187498437767
3.616,2920.7820414826397,,,,2982.1477539156062
3.618,2931.7360003844433,,,,2983.18467157727
3.62,2943.41440243548,,,,2984.0016708938433
3.622,2955.0817579750465,,,,2984.476056422448
3.624,2965.9165653817186,,,,2984.5208440462484
3.626,2975.2703537748853,,,,2984.113239012494
3.628,2982.4541224214036,,,,2983.306235031014
3.63,2987.30928199126,,,,2982.215088610019
3.632,2989.7321823326793,,,,2980.9823853200887
3.634,2989.9574377576323,,,,2979.73627336944
3.636,2988.3563387789995,,,,2978.559630360787
3.638,2985.4303855325475,,,,2977.4816287952044
3.64,2981.6558810285355,,,,2976.491559616276
3.642,2977.520611098065,,,,2975.564813307399
3.644,2973.5006439105578,,,,2974.6876162423528
3.646,2970.009539291977,,,,2973.8706868905906
3.648,2967.392632446889,,,,2973.1488207586585
3.65,2965.8248206503645,,,,2972.5695553111777
3.652,2965.354453937012,,,,2972.177415116521
3.654,2965.896868516512,,,,2972.000474772818
3.656,2967.2214906964628,,,,2972.0436382526227
3.658,2969.080661799201,,,,2972.2892455126507
3.66,2971.227228937094,,,,2972.70224167801
3.662,2973.442449197548,,,,2973.236143549696
3.664,2975.560855284403,,,,2973.8377156360866
3.666,2977.4419071645557,,,,2974.4507828512283
3.668,2978.975282195719,,,,2975.0207272025114
3.67,2980.0587981236245,,,,2975.500288682849
3.672,2980.6032808487366,,,,2975.8554700419427
3.674,2980.578973883214,,,,2976.0693006905194
3.676,2979.9894260832853,,,,2976.1418766502416
3.678,2978.888918135186,,,,2976.0871847870994
3.68,2977.4026203225635,,,,2975.9292079269862
3.682,2975.6736912222696,,,,2975.699739750468
3.684,2973.8614479983785,,,,2975.437933773013
3.686,2972.120240186213,,,,2975.1890025721345
3.688,2970.5820258860294,,,,2974.998988477892
3.69,2969.359013026104,,,,2974.90453691087
3.692,2968.5152576973405,,,,2974.919774543332
3.694,2968.083457343283,,,,2975.0247997207925
3.696,2968.0553761971173,,,,2975.1606009080692
3.698,2968.360416561904,,,,2975.233638740055
3.7,2968.9038767676034,,,,2975.1308705015736
3.702,2969.5707249087636,,,,2974.7432234407765
3.704,2970.2468819867863,,,,2973.992736406549
3.706,2970.849017328475,,,,2972.8562736833182
3.708,2971.3314452545314,,,,2971.3777636980585
3.71,2971.697491631491,,,,2969.662957349563
3.712,2971.9808711479145,,,,2967.8565982250757
3.714,2972.233291274792,,,,2966.1092884436694
3.716,2972.5048522527477,,,,2964.545638267435
3.718,2972.8252063115306,,,,2963.2437566387293
3.72,2973.195187627113,,,,2962.230232904456
3.722,2973.584012874133,,,,2961.488430185177
3.724,2973.9446115572605,,,,2960.9740674426907
3.726,2974.226526382489,,,,2960.6311866514075
3.728,2974.394607361531,,,,2960.403058964121
3.73,2974.4242659769316,,,,2960.2358357706685
3.732,2974.293244607965,,,,2960.0767873412233
3.734,2973.983642393968,,,,2959.8716316605683
3.736,2973.4723530009996,,,,2959.565060356203
3.738,2972.745290290197,,,,2959.1060216442843
3.74,2971.825189487619,,,,2958.4567070041617
3.742,2970.7640143638696,,,,2957.602484524851
3.744,2969.644635388341,,,,2956.5594057830567
3.746,2968.560387408541,,,,2955.376434192971
3.748,2967.5852027829865,,,,2954.130630273302
3.75,2966.75846055019,,,,2952.914776232166
3.7520000000000002,2966.06938430448,,,,2951.818800584106
3.754,2965.4786009783634,,,,2950.9091841964714
3.7560000000000002,2964.9314972583393,,,,2950.2133302877305
3.758,2964.3761656941856,,,,2949.7165419367216
3.7600000000000002,2963.7779736031603,,,,2949.375620458633
3.762,2963.1222193727244,,,,2949.145366211695
3.7640000000000002,2962.4196487263,,,,2949.006383851565
3.766,2961.7021620202254,,,,2948.979886269127
3.7680000000000002,2961.0267339140873,,,,2949.120268152794
3.77,2960.4678291971663,,,,2949.48700535318
3.7720000000000002,2960.1068394525228,,,,2950.1080785399895
3.774,2960.0075267317898,,,,2950.95157278519
3.7760000000000002,2960.15911366189,,,,2951.9183308410925
3.778,2960.4586996382577,,,,2952.8593169812957
3.7800000000000002,2960.6783690710577,,,,2953.611509662091
3.782,2960.49126814867,,,,2954.0397438982036
3.7840000000000003,2959.5137361709285,,,,2954.0709561919844
3.786,2957.3510105423316,,,,2953.7112352615663
3.7880000000000003,2953.751840014639,,,,2953.0425747236936
3.79,2948.5830997950734,,,,2952.2024610249587
3.7920000000000003,2941.8838651444557,,,,2951.3532862067573
3.794,2933.9554241580004,,,,2950.649280365439
3.7960000000000003,2925.2273531962283,,,,2950.2072093255993
3.798,2916.265621931617,,,,2950.0855207033846
3.8000000000000003,2907.6863098547806,,,,2950.275972952744
3.802,2900.0542602283163,,,,2950.7108074725234
3.8040000000000003,2893.846657830685,,,,2951.285283443961
3.806,2889.3081853537938,,,,2951.8899047161626
3.8080000000000003,2886.5487863154576,,,,2952.4415409821345
3.81,2885.5467185458483,,,,2952.9013348864214
3.8120000000000003,2886.1249292935017,,,,2953.2717371452727
3.814,2888.029492684318,,,,2953.574103169793
3.8160000000000003,2890.952582730172,,,,2953.8178514573806
3.818,2894.5022810788873,,,,2953.9768740368277
3.8200000000000003,2898.245215677191,,,,2953.9854933188635
3.822,2901.6998633878306,,,,2953.756562401304
3.8240000000000003,2904.4334530652604,,,,2953.2139986123266
3.826,2906.101310487381,,,,2952.326196771379
3.8280000000000003,2906.502753925085,,,,2951.1269432823465
3.83,2905.6013855733013,,,,2949.7154560681106
3.8320000000000003,2903.3966632630154,,,,2948.234913174496
3.834,2899.918275735876,,,,2946.8369372723905
3.8360000000000003,2895.2451092845286,,,,2945.645077204829
3.838,2889.5021549929456,,,,2944.73049111942
3.84,2883.0043634948715,,,,2944.1070440884814
3.842,2876.304702064147,,,,2943.7437158629596
3.844,2870.125989036905,,,,2943.5847135342865
3.846,2865.2421126729882,,,,2943.56614337558
3.848,2862.2161930754683,,,,2943.6229082530836
3.85,2861.341534121962,,,,2943.687178774527
3.852,2862.5389104598744,,,,2943.6853724709895
3.854,2865.398408028074,,,,2943.540808901974
3.856,2869.425956911858,,,,2943.1845826172844
3.858,2874.1078220139993,,,,2942.5712689195366
3.86,2879.0064553235825,,,,2941.6926033317745
3.862,2883.7774313184586,,,,2940.582907007808
3.864,2888.100632429765,,,,2939.3138484445444
3.866,2891.6711840744756,,,,2937.980605793557
3.868,2894.1847587336906,,,,2936.684346033293
3.87,2895.4393835388983,,,,2935.516393233556
3.872,2895.4687134639153,,,,2934.547777976601
3.874,2894.522418084442,,,,2933.8248019265175
3.876,2893.073195262846,,,,2933.3684939444815
3.878,2891.6582528481867,,,,2933.175350518563
3.88,2890.6881110914505,,,,2933.2187583126743
3.882,2890.3108100036916,,,,2933.4527713691136
3.884,2890.351184412217,,,,2933.819973157505
3.886,2890.427053163811,,,,2934.2626669525885
3.888,2890.1019221238134,,,,2934.73361902462
3.89,2889.109400087247,,,,2935.2015182177956
3.892,2887.4470615795763,,,,2935.648157782345
3.894,2885.415593748038,,,,2936.058268992361
3.896,2883.5133263767266,,,,2936.4071103284714
3.898,2882.2732027058714,,,,2936.6529805608056
3.9,2882.11456725013,,,,2936.7401371282785
3.902,2883.1878425540417,,,,2936.6127621632763
3.904,2885.3949363348174,,,,2936.2349760342154
3.906,2888.3522851793114,,,,2935.608162778691
3.908,2891.4577068150506,,,,2934.7770300228476
3.91,2894.0053748364116,,,,2933.819937582347
3.912,2895.2788377275915,,,,2932.8255293818884
3.914,2894.751324553646,,,,2931.864351126533
3.916,2892.121220239619,,,,2930.9679126700944
3.918,2887.4496151054377,,,,2930.125687393415
3.92,2881.1938067295855,,,,2929.3027774453085
3.922,2874.0213164023094,,,,2928.4709504066327
3.924,2866.7379354322043,,,,2927.63845742985
3.926,2860.0736815464184,,,,2926.863356473126
3.928,2854.5669967918893,,,,2926.2418251590984
3.93,2850.490543803095,,,,2925.874401780078
3.932,2847.819352200767,,,,2925.823892188514
3.934,2846.381725514459,,,,2926.083303405414
3.936,2845.897034691537,,,,2926.568240348714
3.938,2846.059048036748,,,,2927.1379268380715
3.94,2846.6326930148907,,,,2927.6370167787913
3.942,2847.450216152542,,,,2927.941429692075
3.944,2848.427927162055,,,,2927.989633638453
3.946,2849.5810719549554,,,,2927.7875921973045
3.948,2851.0240640715674,,,,2927.387990622998
3.95,2852.9579708146307,,,,2926.8560493484583
3.952,2855.6748586870403,,,,2926.2391477666365
3.954,2859.503428799219,,,,2925.5533075600397
3.956,2864.6908907128022,,,,2924.7893986002605
3.958,2871.371144984206,,,,2923.9321908315587
3.96,2879.4272731955125,,,,2922.9812431071673
3.962,2888.4393032741905,,,,2921.9647782415623
3.964,2897.794212882841,,,,2920.943215583878
3.966,2906.7530233089087,,,,2920.0041109389585
3.968,2914.6564002085724,,,,2919.2521343187013
3.97,2921.013389017284,,,,2918.7961193583533
3.972,2925.593588818385,,,,2918.732606556808
3.974,2929.0185460119865,,,,2919.1248587260216
3.976,2929.9656845183667,,,,2919.9794601618673
3.978,2929.7980453020673,,,,2921.2276591251366
3.98,2928.8868470029265,,,,2922.721428145386
3.982,2927.5951785369703,,,,2924.251365883264
3.984,2926.318207252598,,,,2925.5854575426156
3.986,2925.4416658534055,,,,2926.518154936233
3.988,2925.3078564854018,,,,2926.913146783676
3.99,2926.1540051597594,,,,2926.7245482979147
3.992,2927.992826629726,,,,2925.990390132769
3.994,2930.6123702487625,,,,2924.804634581399
3.996,2933.6232739316374,,,,2923.282728768224
3.998,2936.499373652231,,,,2921.5365067825537
4.0,2938.6492213954743,,,,2919.6671322077473
4.002,2939.5053122154372,,,,2917.7738435463466
4.0040000000000004,2938.5966692439515,,,,2915.967532182606
4.006,2935.506116899818,,,,2914.37604580585
4.008,2930.014706261268,,,,2913.133114209845
4.01,2922.1223329137224,,,,2912.3520160957687
4.0120000000000005,2912.003865760527,,,,2912.0937392207334
4.014,2900.1582763474366,,,,2912.343059297397
4.016,2887.3079461280086,,,,2913.0033846815386
4.018,2874.3008714129332,,,,2913.914337689282
4.0200000000000005,2862.037898810356,,,,2914.887814998493
4.022,2851.316421777392,,,,2915.751462065756
4.024,2842.861424375804,,,,2916.3857511189285
4.026,2837.2271597437266,,,,2916.7435569600557
4.0280000000000005,2834.825591111407,,,,2916.84801956698
4.03,2836.059492930759,,,,2916.7722788027554
4.032,2841.082855579636,,,,2916.6099904644843
4.034,2849.7551012613953,,,,2916.446525067556
4.0360000000000005,2861.6624316230077,,,,2916.3379189023963
4.038,2875.869858398683,,,,2916.300459580976
4.04,2891.087231451979,,,,2916.3107671421626
4.042,2905.8255961269188,,,,2916.3150873467634
4.0440000000000005,2918.591911249697,,,,2916.246035200216
4.046,2928.1807542070746,,,,2916.0435818875576
4.048,2933.6593989376543,,,,2915.674625298559
4.05,2934.616195820829,,,,2915.144114106295
4.0520000000000005,2931.1021700836045,,,,2914.4927105093875
4.054,2923.4365704349516,,,,2913.7815860981086
4.056,2912.4286371036123,,,,2913.0714885097896
4.058,2899.234003776448,,,,2912.406460634065
4.0600000000000005,2885.253427430801,,,,2911.8099333911746
4.062,2872.094159165447,,,,2911.293730266146
4.064,2861.245774033023,,,,2910.8730216818276
4.066,2853.959995326095,,,,2910.57658320902
4.0680000000000005,2850.885439313267,,,,2910.4439146228206
4.07,2852.0017930310546,,,,2910.5078626801405
4.072,2856.8326329127176,,,,2910.769714406016
4.074,2864.3985282530757,,,,2911.1789940246285
4.0760000000000005,2873.5722386624184,,,,2911.6297116936666
4.078,2883.316545904675,,,,2911.9785846703166
4.08,2892.756936184597,,,,2912.081404536387
4.082,2901.293773659585,,,,2911.835533549661
4.0840000000000005,2908.5334537846225,,,,2911.2133676884523
4.086,2914.307876629563,,,,2910.2748345982077
4.088,2918.622979951139,,,,2909.154794635142
4.09,2921.5686906630917,,,,2908.0300153056646
4.0920000000000005,2923.354452277744,,,,2907.076625841573
4.094,2924.212606388718,,,,2906.430542709765
4.096,2924.298004710041,,,,2906.1607962753837
4.098,2923.669855981567,,,,2906.2611259808277
4.1,2922.246652475433,,,,2906.6600801436994
4.102,2919.7978208181103,,,,2907.2448879185886
4.104,2916.062290617056,,,,2907.891006715342
4.106,2910.843790301092,,,,2908.4887729736874
4.108,2904.0434171996567,,,,2908.960648292657
4.11,2895.799925103488,,,,2909.265946805676
4.112,2886.454247593028,,,,2909.393672753007
4.114,2876.469830422413,,,,2909.34748781417
4.116,2866.4042676499557,,,,2909.1293211285106
4.118,2856.780077608697,,,,2908.729189576662
4.12,2848.054873780707,,,,2908.1274082487635
4.122,2840.564023097267,,,,2907.3107128383567
4.124,2834.533204820347,,,,2906.2968996868485
4.126,2830.184226210091,,,,2905.1566030297354
4.128,2827.694909641517,,,,2904.019287092539
4.13,2827.2352103867056,,,,2903.0551631017574
4.132,2829.026003377395,,,,2902.4344863287533
4.134,2833.165940846218,,,,2902.2766613462795
4.136,2839.59060334418,,,,2902.6084033025795
4.138,2848.090710653722,,,,2903.3488214769213
4.14,2858.1714085800563,,,,2904.329543236446
4.142,2869.1662402687084,,,,2905.3437784482635
4.144,2880.351926436718,,,,2906.205743434207
4.146,2891.029897609472,,,,2906.7970111348213
4.148,2900.65720793471,,,,2907.081957415651
4.15,2908.814789851776,,,,2907.0885478007854
4.152,2915.239577740925,,,,2906.8668085956488
4.154,2919.820045205684,,,,2906.447385505163
4.156,2922.1184556611015,,,,2905.821252046046
4.158,2922.1625011667347,,,,2904.949587255215
4.16,2919.7676296225977,,,,2903.7967913374523
4.162,2914.863541855742,,,,2902.368432086617
4.164,2907.62890950648,,,,2900.735155165946
4.166,2898.4671321718442,,,,2899.032198738989
4.168,2887.930251846651,,,,2897.4359282916053
4.17,2876.527467486626,,,,2896.127125734362
4.172,2865.4701117702757,,,,2895.252908077667
4.174,2855.2470054204555,,,,2894.8968746821593
4.176,2846.382674225856,,,,2895.063519578179
4.178,2839.185303439499,,,,2895.679555167259
4.18,2833.79340937209,,,,2896.611274839354
4.182,2830.077157265663,,,,2897.6933778455536
4.184,2827.8087379580907,,,,2898.7619013089125
4.186,2826.7541815399663,,,,2899.6830869232203
4.188,2826.659153322236,,,,2900.371200605074
4.19,2827.366985557101,,,,2900.7912670657975
4.192,2828.8260407386624,,,,2900.947038599375
4.194,2831.0092318573284,,,,2900.8594418724156
4.196,2833.9059963660125,,,,2900.544827045222
4.198,2837.479951525621,,,,2900.0034177491325
4.2,2841.5737284524967,,,,2899.224342261133
4.202,2845.923530000553,,,,2898.205213709656
4.204,2850.1348811261814,,,,2896.9758084917175
4.206,2853.720870923577,,,,2895.6120805060696
4.208,2856.1944373922197,,,,2894.2308039267477
4.21,2857.1242900209204,,,,2892.964675399983
4.212,2856.3686288465497,,,,2891.927707789016
4.214,2854.07512614191,,,,2891.185650603291
4.216,2850.665395572704,,,,2890.7432861874368
4.218,2846.835366005858,,,,2890.551867846539
4.22,2843.3248515509686,,,,2890.530894902782
4.222,2840.8460682993054,,,,2890.593481051753
4.224,2839.9218801246557,,,,2890.66542047539
4.226,2840.893038539645,,,,2890.6930912944995
4.228,2843.9913035597365,,,,2890.641168933548
4.23,2849.18539765637,,,,2890.4850250747927
4.232,2856.275341868912,,,,2890.203750108375
4.234,2864.8867217445586,,,,2889.778302678552
4.236,2874.376309496653,,,,2889.1960657370073
4.238,2884.031635240499,,,,2888.4592984558394
4.24,2893.1618702766405,,,,2887.592648503573
4.242,2901.2831116769526,,,,2886.6455177062776
4.244,2908.1908628601695,,,,2885.6879268841976
4.246,2913.8983501626108,,,,2884.8012265905672
4.248,2918.6143662424056,,,,2884.06585940129
4.25,2922.5238570095316,,,,2883.547821553834
4.252,2925.67062892612,,,,2883.2852663956246
4.2540000000000004,2927.9723186930873,,,,2883.277740952047
4.256,2929.226918032383,,,,2883.481853932493
4.258,2929.158417848898,,,,2883.816851171264
4.26,2927.580944549048,,,,2884.180574588342
4.2620000000000005,2924.3699545238123,,,,2884.4718760870146
4.264,2919.4224506342703,,,,2884.612486499841
4.266,2912.7794190252866,,,,2884.56106080605
4.268,2904.5485543005348,,,,2884.3143591286657
4.2700000000000005,2894.923381921516,,,,2883.8950394380204
4.272,2884.32051178969,,,,2883.331548667583
4.274,2873.282234500126,,,,2882.6401415901605
4.276,2862.4561375106537,,,,2881.8187012993603
4.2780000000000005,2852.4851727683476,,,,2880.856217624754
4.28,2843.896951386911,,,,2879.753470289823
4.282,2837.123548188979,,,,2878.5441651611595
4.284,2832.377588039862,,,,2877.3049289564215
4.2860000000000005,2829.784950038249,,,,2876.147569505763
4.288,2829.4818967748047,,,,2875.195093562654
4.29,2831.4602281271686,,,,2874.5501304234026
4.292,2835.6565028025634,,,,2874.267369508447
4.2940000000000005,2841.9339286390905,,,,2874.339385903819
4.296,2849.8955924234133,,,,2874.6997402154334
4.298,2859.025443016553,,,,2875.2416195555534
4.3,2868.7320585709967,,,,2875.8462041588277
4.3020000000000005,2878.4045941629875,,,,2876.412447843309
4.304,2887.5644958861626,,,,2876.8791661398855
4.306,2895.873335191105,,,,2877.232165371439
4.308,2903.19953901973,,,,2877.4942328969137
4.3100000000000005,2909.534326975069,,,,2877.702621721728
4.312,2914.9031852910202,,,,2877.8836595854928
4.314,2919.3714044575345,,,,2878.0345578642477
4.316,2922.9490814179794,,,,2878.11866981324
4.3180000000000005,2925.560992848661,,,,2878.074807114778
4.32,2927.1225078536154,,,,2877.8363172979675
4.322,2927.511670430763,,,,2877.352984216818
4.324,2926.5561559549665,,,,2876.608731721975
4.3260000000000005,2924.147861539618,,,,2875.6297987593252
4.328,2920.2020847744366,,,,2874.480606792219
4.33,2914.6579538793617,,,,2873.2479966783317
4.332,2905.2807701763786,,,,2872.0189944628087
4.3340000000000005,2896.7217541651185,,,,2870.8609343654707
4.336,2887.400470047738,,,,2869.812465206418
4.338,2878.040661444607,,,,2868.8887425334487
4.34,2869.035351206034,,,,2868.096805483468
4.3420000000000005,2860.9373802614487,,,,2867.4522513462407
4.344,2854.041888142804,,,,2866.9886430226657
4.346,2848.4435154568137,,,,2866.755524380267
4.348,2844.0926189258244,,,,2866.805848869471
4.3500000000000005,2840.710221454793,,,,2867.1768083565908
4.352,2838.185857706548,,,,2867.869728518065
4.354,2836.255455809631,,,,2868.8353659974227
4.356,2834.761229420264,,,,2869.97035479834
4.358,2833.6382180682917,,,,2871.1283337842033
4.36,2832.8910132494702,,,,2872.1452886277675
4.362,2832.546019220862,,,,2872.8737191073915
4.364,2832.6714877317086,,,,2873.216428673813
4.366,2833.376873925629,,,,2873.149751108397
4.368,2834.7381620997157,,,,2872.7284944658322
4.37,2836.809322185014,,,,2872.0704743903148
4.372,2839.582674197547,,,,2871.3253236208866
4.374,2842.892986382423,,,,2870.6372399734255
4.376,2846.4883290241414,,,,2870.112693786157
4.378,2850.0417931373636,,,,2869.8021419325155
4.38,2853.249936677556,,,,2869.700217162413
4.382,2855.9376758329568,,,,2869.7624434972668
4.384,2858.115468635205,,,,2869.9301815137574
4.386,2860.0440640717966,,,,2870.1522577095093
4.388,2862.110618352038,,,,2870.393901557257
4.39,2864.7500928125537,,,,2870.630847411947
4.392,2868.2424621452706,,,,2870.8351192593614
4.394,2872.6661050782527,,,,2870.963992038435
4.396,2877.8966483688373,,,,2870.96170284811
4.398,2883.6025459641646,,,,2870.775647539977
4.4,2889.438138244389,,,,2870.3797969454513
4.402,2895.0957124372467,,,,2869.7933464749835
4.404,2900.372836438599,,,,2869.08451205669
4.406,2905.136731855563,,,,2868.3561596615505
4.408,2909.2401799186805,,,,2867.7178728026133
4.41,2912.528846769111,,,,2867.254655261483
4.412,2914.7750900719543,,,,2867.0035114731472
4.414,2915.6753505816305,,,,2866.9453456732917
4.416,2915.0264727976173,,,,2867.013041997114
4.418,2912.655964936558,,,,2867.1107596455877
4.42,2908.4204340107567,,,,2867.136979675213
4.422,2902.3819632996774,,,,2867.00490571673
4.424,2894.6470092580494,,,,2866.657091628741
4.426,2885.4026256322727,,,,2866.0744489834005
4.428,2875.0765685556885,,,,2865.2808145008444
4.43,2864.2073969776925,,,,2864.3426613191345
4.432,2853.504596983044,,,,2863.3615270239306
4.434,2843.7492369441843,,,,2862.4568175037384
4.436,2835.6811153806657,,,,2861.739783307792
4.438,2829.9981519270923,,,,2861.2846556186555
4.44,2827.0614916211666,,,,2861.106975877497
4.442,2827.092695425412,,,,2861.1585246355003
4.444,2830.23437562205,,,,2861.3423677559767
4.446,2836.288608990584,,,,2861.54317520971
4.448,2844.9832053965824,,,,2861.661192878763
4.45,2855.883026623471,,,,2861.636576217112
4.452,2868.1683741656193,,,,2861.4553877468034
4.454,2880.884714254529,,,,2861.1373965093435
4.456,2892.9165454227887,,,,2860.714784877432
4.458,2903.2384881309126,,,,2860.215284286769
4.46,2911.034111996743,,,,2859.6599674539525
4.462,2915.671281366695,,,,2859.076091030084
4.464,2917.0113959527816,,,,2858.5148320143467
4.466,2915.0768057039622,,,,2858.0593113592345
4.468,2909.989405471106,,,,2857.813073848297
4.47,2902.2192650288525,,,,2857.870509385905
4.472,2892.2998513292714,,,,2858.281792213142
4.474,2880.923466254116,,,,2859.0290120686177
4.476,2869.03017929928,,,,2860.0247539520033
4.478,2857.557575119128,,,,2861.1332790210804
4.48,2847.4178728480383,,,,2862.2046788545376
4.482,2839.1897652257226,,,,2863.1084225138243
4.484,2833.120543075624,,,,2863.7549602253794
4.486,2829.152231065972,,,,2864.1005365650217
4.488,2826.8175041105146,,,,2864.1379217621425
4.49,2825.583561108408,,,,2863.881067493399
4.492,2824.91478538814,,,,2863.352723006375
4.494,2824.322383937181,,,,2862.5804888690745
4.496,2823.453197422693,,,,2861.6005425475846
4.498,2822.036613759753,,,,2860.463315174825
4.5,2819.945366236182,,,,2859.23497449303
4.502,2817.169670330664,,,,2857.992418824879
4.5040000000000004,2813.851413742019,,,,2856.8143608559612
4.506,2810.3495950684974,,,,2855.773306848357
4.508,2807.1505298117895,,,,2854.9312732338317
4.51,2804.8581309364563,,,,2854.3378579396294
4.5120000000000005,2803.996003170265,,,,2854.026693217289
4.514,2804.9846754745317,,,,2854.0076618526664
4.516,2808.1552709220455,,,,2854.2564550860557
4.518,2813.638836012792,,,,2854.7069366966944
4.5200000000000005,2821.1255426280595,,,,2855.252782142848
4.522,2830.7878836919785,,,,2855.7624089066117
4.524,2842.152719426504,,,,2856.1062759174574
4.526,2854.71362476979,,,,2856.189821479894
4.5280000000000005,2867.8338842500893,,,,2855.9809531874453
4.53,2880.5410971307106,,,,2855.5207715600163
4.532,2891.6230380160628,,,,2854.9113495041915
4.534,2900.3160070007034,,,,2854.283350821288
4.5360000000000005,2906.0382105581834,,,,2853.7550431742443
4.538,2908.449001077573,,,,2853.3983977145976
4.54,2907.460865032234,,,,2853.22495549112
4.542,2903.3580970389166,,,,2853.1949818851485
4.5440000000000005,2896.4761343240666,,,,2853.2427661756205
4.546,2887.2451146911344,,,,2853.3047013711885
4.548,2876.2919732838695,,,,2853.3380849721843
4.55,2864.282892962734,,,,2853.3255018730697
4.5520000000000005,2852.0004931238927,,,,2853.267269407066
4.554,2840.2634267830463,,,,2853.168691985261
4.556,2829.8072779927716,,,,2853.028989842102
4.558,2821.227111842033,,,,2852.836450640265
4.5600000000000005,2814.7785234963594,,,,2852.5714209719235
4.562,2810.510771424023,,,,2852.216004977672
4.564,2808.286820393648,,,,2851.7669374680345
4.566,2807.760957581523,,,,2851.246176448465
4.5680000000000005,2808.597295566035,,,,2850.703046126168
4.57,2810.4473430585713,,,,2850.203707755108
4.572,2812.918107891389,,,,2849.809037073613
4.574,2815.6379668443838,,,,2849.548776542621
4.5760000000000005,2818.2183304829573,,,,2849.40394598886
4.578,2820.306397794201,,,,2849.3075460348164
4.58,2821.6166840534406,,,,2849.1661233188033
4.582,2821.955968994914,,,,2848.8958065332254
4.5840000000000005,2821.300982603588,,,,2848.4599923098895
4.586,2819.713884044402,,,,2847.893991692927
4.588,2817.3358833224006,,,,2847.3053250943876
4.59,2814.398738019139,,,,2846.846686360817
4.5920000000000005,2811.160570519651,,,,2846.6693783840783
4.594,2807.9476279031646,,,,2846.873553207148
4.596,2805.147069262976,,,,2847.4736712194376
4.598,2803.197962227258,,,,2848.3919032543017
4.6000000000000005,2802.5814921399865,,,,2849.4809133879457
4.602,2803.664323111429,,,,2850.5658788811224
4.604,2806.722125008048,,,,2851.4894052639775
4.606,2811.8709772887446,,,,2852.144260497992
4.6080000000000005,2818.925530509357,,,,2852.4855038880646
4.61,2827.5704295990167,,,,2852.52203095526
4.612,2837.352393082647,,,,2852.294659467611
4.614,2847.7072517510455,,,,2851.851511597693
4.616,2858.1001202569664,,,,2851.2308235109017
4.618,2868.0026750309003,,,,2850.457170492229
4.62,2876.9493953827955,,,,2849.5510904652056
4.622,2884.4911398987338,,,,2848.5460993933507
4.624,2890.1666379412873,,,,2847.503273916432
4.626,2893.6343029283935,,,,2846.513979541196
4.628,2894.572060833046,,,,2845.6863692119546
4.63,2892.7372193263973,,,,2845.118997404607
4.632,2888.164184282532,,,,2844.8715817463176
4.634,2880.9853984110296,,,,2844.944942865518
4.636,2871.494999459127,,,,2845.278480884742
4.638,2860.24178911983,,,,2845.766511442992
4.64,2847.8302546268355,,,,2846.287711810541
4.642,2834.960463017618,,,,2846.737450801209
4.644,2822.366503531751,,,,2847.0521764053306
4.646,2810.7258513631577,,,,2847.2180286973585
4.648,2800.659898547804,,,,2847.2616138565563
4.65,2792.5900888455917,,,,2847.2280572255254
4.652,2786.848832152187,,,,2847.156701799783
4.654,2783.6905088222934,,,,2847.0645787377102
4.656,2783.170030521983,,,,2846.9422961965024
4.658,2785.3441276990925,,,,2846.7604578343544
4.66,2790.2107820828546,,,,2846.4811762502886
4.662,2797.5153462970175,,,,2846.069607082251
4.664,2806.874862179974,,,,2845.502853132735
4.666,2817.640449375383,,,,2844.7755804501317
4.668,2828.845781729654,,,,2843.902151696003
4.67,2839.38732709719,,,,2842.9148731707974
4.672,2848.0834026810076,,,,2841.858130379756
4.674,2854.0307408532763,,,,2840.7788492122645
4.676,2856.660243268116,,,,2839.714972778194
4.678,2855.861368059131,,,,2838.6855685382197
4.68,2852.1763248504835,,,,2837.6874691842495
4.682,2846.4321649844924,,,,2836.7022359137723
4.684,2839.669671685997,,,,2835.7134970309635
4.686,2832.9463829414076,,,,2834.729520354882
4.688,2827.098514613109,,,,2833.8012613955543
4.69,2822.705996524696,,,,2833.0251959827287
4.692,2819.9490746715696,,,,2832.525314778647
4.694,2818.7318921615038,,,,2832.4183114782186
4.696,2818.7353010671413,,,,2832.775201446606
4.698,2819.394363399558,,,,2833.5958852399262
4.7,2820.171525848683,,,,2834.808039406728
4.702,2820.534902167863,,,,2836.29056224723
4.704,2820.1995605641796,,,,2837.910596071515
4.706,2819.0737658396515,,,,2839.5575288431723
4.708,2817.154634293384,,,,2841.159744072121
4.71,2814.72657919379,,,,2842.67888109706
4.712,2811.9617139567863,,,,2844.0874724787136
4.714,2809.0372640987284,,,,2845.3435468322477
4.716,2806.0902696684134,,,,2846.37675919922
4.718,2803.24039089164,,,,2847.0948021204936
4.72,2800.623942127635,,,,2847.4087888705035
4.722,2798.3861223691238,,,,2847.2663345428628
4.724,2796.673345709025,,,,2846.676227041252
4.726,2795.582361963328,,,,2845.711956573256
4.728,2795.110490508827,,,,2844.4916454052054
4.73,2795.1835869119186,,,,2843.1436860593053
4.732,2795.6538229558746,,,,2841.774093384082
4.734,2796.340159949282,,,,2840.4493003126813
4.736,2797.0787481352304,,,,2839.1985651779673
4.738,2797.727173373654,,,,2838.0297618561062
4.74,2798.175860411266,,,,2836.947291482774
4.742,2798.335133435577,,,,2835.962917190269
4.744,2798.142800909537,,,,2835.0966529427783
4.746,2797.5867093766715,,,,2834.3707264561235
4.748,2796.6996012308823,,,,2833.801893542446
4.75,2795.5793211167056,,,,2833.396288092437
4.752,2794.375149602401,,,,2833.148540552545
4.7540000000000004,2793.252006985191,,,,2833.0442986032904
4.756,2792.365654507021,,,,2833.063602253455
4.758,2791.8251631810376,,,,2833.183031155862
4.76,2791.7041719796416,,,,2833.3766851450314
4.7620000000000005,2792.043515372901,,,,2833.6178926355547
4.764,2792.8632306362015,,,,2833.8835595777296
4.766,2794.2065852685278,,,,2834.160805741268
4.768,2796.1234128483065,,,,2834.4520513047146
4.7700000000000005,2798.63585917811,,,,2834.7730729213545
4.772,2801.7418660851436,,,,2835.141247482032
4.774,2805.380384180719,,,,2835.5573496944294
4.776,2809.445429394024,,,,2835.990148226985
4.7780000000000005,2813.8592503113255,,,,2836.3744665904655
4.78,2818.602878402091,,,,2836.6280354653363
4.782,2823.724343993934,,,,2836.6823030835117
4.784,2829.3152090110725,,,,2836.5134169628373
4.7860000000000005,2835.4131018816197,,,,2836.1577926084396
4.788,2841.9040687899155,,,,2835.7035176546624
4.79,2848.503542616807,,,,2835.2604808858205
4.792,2854.754060243736,,,,2834.9219473662924
4.7940000000000005,2860.1349082896313,,,,2834.733196822085
4.796,2864.121277407642,,,,2834.67842586116
4.798,2866.276248119535,,,,2834.688938443269
4.8,2866.348535930113,,,,2834.6677648533405
4.8020000000000005,2864.171356704414,,,,2834.520939020153
4.804,2859.734660007764,,,,2834.1850564773663
4.806,2853.235375468912,,,,2833.6440460405634
4.808,2844.978328215532,,,,2832.932922769387
4.8100000000000005,2835.473608175813,,,,2832.1299500418104
4.812,2825.4069448502573,,,,2831.3402194058294
4.814,2815.528984950236,,,,2830.6740769577937
4.816,2806.596940560008,,,,2830.224395752071
4.8180000000000005,2799.2006757356385,,,,2830.0477298078818
4.82,2793.7500775376775,,,,2830.154608612297
4.822,2790.3923883937728,,,,2830.512193130732
4.824,2788.9761675419886,,,,2831.0583607526114
4.8260000000000005,2789.206305602435,,,,2831.721520943703
4.828,2790.61827468228,,,,2832.437425357589
4.83,2792.639972929963,,,,2833.1554286014384
4.832,2794.693168122123,,,,2833.83244225061
4.8340000000000005,2796.219227566903,,,,2834.4199673067023
4.836,2796.8024219056206,,,,2834.8535227842526
4.838,2796.2115305505095,,,,2835.052430633998
4.84,2794.501566349761,,,,2834.9326609810555
4.8420000000000005,2792.062484571292,,,,2834.429066425504
4.844,2789.538359525046,,,,2833.5183890751186
4.846,2787.7781890273877,,,,2832.233047805971
4.848,2787.622321846136,,,,2830.659023723168
4.8500000000000005,2789.7975793014753,,,,2828.9180503483276
4.852,2794.7146287320165,,,,2827.141266711579
4.854,2802.282524192733,,,,2825.4445584654122
4.856,2812.032879925286,,,,2823.9135451947063
4.8580000000000005,2823.078697246359,,,,2822.6003972190706
4.86,2834.298263646057,,,,2821.5286971967626
4.862,2844.559969386651,,,,2820.6996093409216
4.864,2852.851274422659,,,,2820.0943940958505
4.866,2858.482975423512,,,,2819.6733904576213
4.868,2860.991650660014,,,,2819.375962640062
4.87,2860.2099982302293,,,,2819.1263785286988
4.872,2856.3057366189646,,,,2818.847243021674
4.874,2849.5810125685666,,,,2818.477454729313
4.876,2840.482002774243,,,,2817.9884225753485
4.878,2830.0695499239105,,,,2817.3920147108615
4.88,2818.8661086624606,,,,2816.7366989783854
4.882,2807.711654012022,,,,2816.093684304578
4.884,2797.464857095976,,,,2815.539861421172
4.886,2788.784494001866,,,,2815.145303287188
4.888,2781.4874171075685,,,,2814.968804341911
4.89,2775.979940471226,,,,2815.058388179597
4.892,2772.093030738118,,,,2815.4496031379463
4.894,2769.705873783964,,,,2816.155692963436
4.896,2768.6736749419156,,,,2817.149910100843
4.898,2768.8540066352602,,,,2818.347928327026
4.9,2770.0001190402654,,,,2819.6028698264113
4.902,2771.784791096124,,,,2820.7229206071142
4.904,2773.844028687208,,,,2821.511331106352
4.906,2775.814804258621,,,,2821.815951747842
4.908,2777.4291363813536,,,,2821.568645539645
4.91,2778.5304463315656,,,,2820.7988269986345
4.912,2779.0933580607416,,,,2819.6174213103845
4.914,2779.1824097288263,,,,2818.1802485498692
4.916,2778.897321568761,,,,2816.6468185707295
4.918,2778.374593245569,,,,2815.1498788430563
4.92,2777.7678563211703,,,,2813.7843094095842
4.922,2777.249614975067,,,,2812.6141057063646
4.924,2776.9992848233865,,,,2811.6873409239925
4.926,2777.16025335126,,,,2811.045584025572
4.928,2777.8145688430627,,,,2810.7186252850074
4.93,2778.9257367069627,,,,2810.7056443678525
4.932,2780.353262441799,,,,2810.95429837259
4.934,2781.904451214851,,,,2811.353079279997
4.936,2783.3881297378225,,,,2811.746905948767
4.938,2784.6891716090754,,,,2811.974301854497
4.94,2785.7901559865163,,,,2811.9132732376515
4.942,2786.777370455938,,,,2811.518114316714
4.944,2787.7991829466305,,,,2810.8330571869565
4.946,2789.0302015471416,,,,2809.9786348842667
4.948,2790.6332916974234,,,,2809.1174982724406
4.95,2792.7338290584566,,,,2808.412923771969
4.952,2795.4270542685103,,,,2807.992865642134
4.954,2798.725327679324,,,,2807.92690003774
4.956,2802.5327384913503,,,,2808.217491876205
4.958,2806.622005868225,,,,2808.8040400265327
4.96,2810.5934830129336,,,,2809.577458187485
4.962,2813.9392365659623,,,,2810.4024862866468
4.964,2816.097301804433,,,,2811.143922587561
4.966,2816.6241591102594,,,,2811.6921991177805
4.968,2815.312267952589,,,,2811.983608285027
4.97,2812.171686601815,,,,2812.0107267470175
4.972,2807.5160581977625,,,,2811.819229630085
4.974,2801.837862380011,,,,2811.489741545731
4.976,2795.6902356830033,,,,2811.1085939570526
4.978,2789.6489301911406,,,,2810.737369562162
4.98,2784.2130217778395,,,,2810.393795948355
4.982,2779.8092906374645,,,,2810.0530275987753
4.984,2776.723383312922,,,,2809.6692908780005
4.986,2775.0758566156214,,,,2809.207485800654
4.988,2774.861912310677,,,,2808.668464077019
4.99,2775.876257444361,,,,2808.0944762136724
4.992,2777.7888193424774,,,,2807.5519492754615
4.994,2780.234924397527,,,,2807.1011448650775
4.996,2782.850283250067,,,,2806.768805305458
4.998,2785.3628396564905,,,,2806.537229140886
5.0,2787.6061504739982,,,,2806.353760397625
5.002,2789.5182631563516,,,,2806.154244471199
5.0040000000000004,2791.1070953062676,,,,2805.888023163321
5.006,2792.4026503845485,,,,2805.532646038518
5.008,2793.4538887591734,,,,2805.0923569865813
5.01,2794.318361140701,,,,2804.582748616216
5.0120000000000005,2795.0640419196993,,,,2804.010976323238
5.014,2795.779056279688,,,,2803.362719412272
5.016,2796.5486521132857,,,,2802.602844783554
5.018,2797.430232575576,,,,2801.6894442687244
5.0200000000000005,2798.4196797940826,,,,2800.5944463113665
5.022,2799.442310190423,,,,2799.321241770605
5.024,2800.3658585445423,,,,2797.9118696299943
5.026,2801.0343486893603,,,,2796.441667227138
5.0280000000000005,2801.312750603721,,,,2795.004543659584
5.03,2801.093867725195,,,,2793.6946411327517
5.032,2800.3303259992504,,,,2792.5897062397535
5.034,2799.0262640224264,,,,2791.739580435473
5.0360000000000005,2797.215154448569,,,,2791.1616121429665
5.038,2794.994765270905,,,,2790.843481852918
5.04,2792.525423748364,,,,2790.752107446704
5.042,2790.0401782999793,,,,2790.845525674212
5.0440000000000005,2787.857782284391,,,,2791.0840912566728
5.046,2786.3458742055454,,,,2791.438002845096
5.048,2785.9215023324987,,,,2791.8893785825694
5.05,2786.960386847342,,,,2792.428561126219
5.0520000000000005,2789.753413930927,,,,2793.045832372796
5.054,2794.4867278256283,,,,2793.7210122565884
5.056,2801.183540713784,,,,2794.4145041696765
5.058,2809.611981392649,,,,2795.0639715643833
5.0600000000000005,2819.3667508591307,,,,2795.5900229760755
5.062,2829.786598384932,,,,2795.9115055313223
5.064,2840.265708130917,,,,2795.9671277061007
5.066,2849.4229317518743,,,,2795.73664004351
5.0680000000000005,2857.056073496772,,,,2795.2531407793367
5.07,2862.1866207518656,,,,2794.5997033411813
5.072,2864.4791587318723,,,,2793.8886933024987
5.074,2863.81410918416,,,,2793.229008836763
5.0760000000000005,2860.263751284881,,,,2792.6923181354223
5.078,2854.029153437343,,,,2792.2915929898386
5.08,2845.621599534417,,,,2791.9817639523226
5.082,2835.673709733073,,,,2791.683501131673
5.0840000000000005,2824.9185185619067,,,,2791.320868364543
5.086,2814.171076285378,,,,2790.8570055032105
5.088,2804.14861172657,,,,2790.312351447264
5.09,2795.4468301443544,,,,2789.7574600880225
5.0920000000000005,2788.3831421396526,,,,2789.28396657877
5.094,2783.0512438711967,,,,2788.9670525974025
5.096,2779.4100698221273,,,,2788.835847382668
5.098,2777.2306914898445,,,,2788.8634473863904
5.1000000000000005,2776.258284330668,,,,2788.9787650322
5.102,2776.249304595695,,,,2789.09327300862
5.104,2776.9150485500945,,,,2789.130607077946
5.106,2777.9919513448335,,,,2789.0470203217947
5.1080000000000005,2779.2432984222633,,,,2788.835328068717
5.11,2780.4758697027146,,,,2788.5126694434066
5.112,2781.583261370013,,,,2788.099924337916
5.114,2782.5395699647834,,,,2787.6040762020134
5.1160000000000005,2783.384686354281,,,,2787.012396863735
5.118,2784.1649612097267,,,,2786.3007821582614
5.12,2784.887175677167,,,,2785.4517693010007
5.122,2785.500833042768,,,,2784.4739996945054
5.124,2785.910383036373,,,,2783.4150141406917
5.126,2785.9947640563555,,,,2782.3620597527593
5.128,2785.6562499579454,,,,2781.4294535331433
5.13,2784.8157064742927,,,,2780.735052891874
5.132,2783.390733732246,,,,2780.3719940444694
5.134,2781.3369640037704,,,,2780.384423760599
5.136,2778.6407279294544,,,,2780.7561877065004
5.138,2775.3550616320454,,,,2781.417820853843
5.14,2771.70107098195,,,,2782.269900849756
5.142,2768.06019151417,,,,2783.213340226703
5.144,2764.997322024879,,,,2784.1741709455055
5.146,2763.160933469457,,,,2785.11352409556
5.148,2763.1841865477254,,,,2786.020577708517
5.15,2765.6592871831017,,,,2786.893698339958
5.152,2770.858639818413,,,,2787.719879966087
5.154,2778.7799764007623,,,,2788.4626446379416
5.156,2789.1574499053318,,,,2789.0635799677793
5.158,2801.2882917433126,,,,2789.4556406827624
5.16,2814.259221999687,,,,2789.581377280634
5.162,2826.994210038914,,,,2789.408451757577
5.164,2838.4036229963162,,,,2788.9375060531925
5.166,2847.5548926077604,,,,2788.2015769553886
5.168,2853.6590060228473,,,,2787.259422918713
5.17,2856.351955674946,,,,2786.185932402198
5.172,2855.560357516494,,,,2785.061603216664
5.174,2851.409574793229,,,,2783.961542377163
5.176,2844.429512426378,,,,2782.9440862340034
5.178,2835.2951392894806,,,,2782.040614793683
5.18,2824.7651515491816,,,,2781.2505731608835
5.182,2813.684102570525,,,,2780.546619573136
5.184,2802.76342092638,,,,2779.8916583663245
5.186,2792.554756606828,,,,2779.2626833507115
5.188,2783.36008476189,,,,2778.6701825128175
5.19,2775.290287824955,,,,2778.1615621684573
5.192,2768.383222685709,,,,2777.8041259121196
5.194,2762.6169830558147,,,,2777.6538468109343
5.196,2758.0409538908725,,,,2777.724307186561
5.198,2754.8270158083355,,,,2777.971094143574
5.2,2753.1569150007012,,,,2778.299855014818
5.202,2753.2455113554743,,,,2778.5946252336876
5.204,2755.3471436699256,,,,2778.7531015273366
5.206,2759.5674889208112,,,,2778.7127479179594
5.208,2765.914310336641,,,,2778.45751028647
5.21,2774.274017266223,,,,2778.0059521525595
5.212,2784.2102400144704,,,,2777.3912147281485
5.214,2795.0831295469693,,,,2776.6459307850027
5.216,2806.0733095045175,,,,2775.8003571199956
5.218,2816.2946092889997,,,,2774.8932431313565
5.22,2824.9852461918167,,,,2773.987255421244
5.222,2831.525968602346,,,,2773.17766084396
5.224,2836.3733881101452,,,,2772.585612862421
5.226,2837.1741543259222,,,,2772.334482166992
5.228,2834.4234636035667,,,,2772.5158152266595
5.23,2829.5633620172257,,,,2773.1568121857504
5.232,2822.5667993905236,,,,2774.201541527701
5.234,2813.7658332992796,,,,2775.5137116155715
5.236,2803.7829784758164,,,,2776.9015310825994
5.238,2793.3886792505327,,,,2778.1578258989703
5.24,2783.326718971774,,,,2779.1038815119973
5.242,2774.706056153438,,,,2779.6248453492703
5.244,2767.7349259537086,,,,2779.687893306625
5.246,2762.944550091521,,,,2779.3401047130633
5.248,2760.1005124438384,,,,2778.688559258114
5.25,2758.9188885775006,,,,2777.8691812099137
5.252,2759.0471993351216,,,,2777.013292459296
5.2540000000000004,2760.0492398646015,,,,2776.221140318873
5.256,2761.57570369991,,,,2775.5490575787517
5.258,2763.3183137652013,,,,2775.0119177152965
5.26,2764.9934202364702,,,,2774.59703479803
5.2620000000000005,2766.3710970894963,,,,2774.2818997546337
5.264,2767.2617174653624,,,,2774.0476470785075
5.266,2767.5879463547917,,,,2773.8829566067907
5.268,2767.3480822054594,,,,2773.778069328635
5.2700000000000005,2766.5969011713946,,,,2773.7138167962516
5.272,2765.4579343262485,,,,2773.6534391923487
5.274,2764.0469718482595,,,,2773.5436155365946
5.276,2762.4809888474388,,,,2773.326127940335
5.2780000000000005,2760.8999253054894,,,,2772.955694476778
5.28,2759.461317654011,,,,2772.4158105652978
5.282,2758.3561373622106,,,,2771.7251433891397
5.284,2757.7388908216135,,,,2770.93219051718
5.2860000000000005,2757.701985068471,,,,2770.102381545675
5.288,2758.246798993491,,,,2769.3049171176385
5.29,2759.22790711381,,,,2768.6045029484726
5.292,2760.4547925457864,,,,2768.0581127020396
5.2940000000000005,2761.7393208338435,,,,2767.712903006675
5.296,2762.9580027504453,,,,2767.601035420974
5.298,2764.076418277511,,,,2767.7308406997067
5.3,2765.109796055124,,,,2768.079034814307
5.3020000000000005,2766.06975422102,,,,2768.591250248515
5.304,2766.9057859848617,,,,2769.195324634547
5.306,2767.4845855322164,,,,2769.824802173639
5.308,2767.647766646647,,,,2770.4430109741274
5.3100000000000005,2767.2543962106765,,,,2771.055348081363
5.312,2766.2199429857806,,,,2771.7013870408514
5.314,2764.6043629985393,,,,2772.427843721164
5.316,2762.5435071919505,,,,2773.253894823159
5.3180000000000005,2760.239815782836,,,,2774.1462453811027
5.32,2757.957131883373,,,,2775.0184489981857
5.322,2755.988681877497,,,,2775.75729165438
5.324,2754.714827456301,,,,2776.2641815669886
5.3260000000000005,2754.53993122172,,,,2776.4903765516574
5.328,2755.9122522771627,,,,2776.447767154409
5.33,2759.310252347319,,,,2776.190335614823
5.332,2764.9397704307084,,,,2775.7771053542997
5.3340000000000005,2772.8016796945553,,,,2775.236510851437
5.336,2782.6175649710017,,,,2774.550429523367
5.338,2793.65546678332,,,,2773.665495275996
5.34,2805.004173001424,,,,2772.525798212289
5.3420000000000005,2815.5778899449397,,,,2771.1113759120285
5.344,2824.363926338417,,,,2769.465071957514
5.346,2830.5158106063404,,,,2767.6961368627385
5.348,2833.332977066603,,,,2765.9589740259025
5.3500000000000005,2832.637650258253,,,,2764.415573694466
5.352,2828.4994934518827,,,,2763.1963770865946
5.354,2821.2365549071355,,,,2762.373525200721
5.356,2811.6504396518185,,,,2761.953193744506
5.3580000000000005,2800.64974981796,,,,2761.8846136556613
5.36,2789.2660811423298,,,,2762.0776972026124
5.362,2778.519845139355,,,,2762.421433183251
5.364,2769.2188123439782,,,,2762.7996798408635
5.3660000000000005,2761.9622309230253,,,,2763.1049575203588
5.368,2756.894704771518,,,,2763.2508296607957
5.37,2753.9243786359,,,,2763.180701246111
5.372,2752.803745108977,,,,2762.869370800702
5.3740000000000006,2753.0737733503715,,,,2762.315724126345
5.376,2754.3208026514326,,,,2761.529612058796
5.378,2756.159403603256,,,,2760.5202258302043
5.38,2758.20390118222,,,,2759.2939241337895
5.382,2760.1341502728933,,,,2757.865116674972
5.384,2761.6643645047325,,,,2756.2762912981266
5.386,2762.6151391596227,,,,2754.616573275836
5.388,2762.9053214077344,,,,2753.026071181017
5.39,2762.544720837393,,,,2751.67748298776
5.392,2761.669537513705,,,,2750.7359239550524
5.394,2760.435560383829,,,,2750.3087250863846
5.396,2758.9928394261774,,,,2750.4040577619535
5.398,2757.46930383828,,,,2750.917007618111
5.4,2755.9421961090748,,,,2751.6527888890205
5.402,2754.457933871982,,,,2752.381615698307
5.404,2753.0373757320112,,,,2752.9053456623787
5.406,2751.6836678806344,,,,2753.1103214400077
5.408,2750.377578430537,,,,2752.987239998462
5.41,2749.068701502289,,,,2752.613896607786
5.412,2747.690248620419,,,,2752.1120729739323
5.414,2746.176761631026,,,,2751.598227512477
5.416,2744.512184987809,,,,2751.1467147089934
5.418,2742.7388932900453,,,,2750.776367803467
5.42,2740.9575271255535,,,,2750.4606365446757
5.422,2739.2807767517043,,,,2750.152439851987
5.424,2737.8029224519264,,,,2749.810695008415
5.426,2736.5814318490716,,,,2749.417136696537
5.428,2735.53842044741,,,,2748.978352659996
5.43,2734.5813424246026,,,,2748.5159332376616
5.432,2733.6213744416996,,,,2748.053080775441
5.434,2732.6193573176934,,,,2747.6061457269425
5.436,2731.5970792969592,,,,2747.1852142557245
5.438,2730.6207297512833,,,,2746.80223484803
5.44,2729.7639814923677,,,,2746.480949962565
5.442,2729.0893477783343,,,,2746.2618730986687
5.444,2728.651658131571,,,,2746.1982598128643
5.446,2728.4983484079467,,,,2746.343674451883
5.448,2728.6985609010635,,,,2746.7354344963946
5.45,2729.3357312287444,,,,2747.379387900151
5.452,2730.449417097498,,,,2748.2404765703272
5.454,2732.0256090740586,,,,2749.241602254268
5.456,2733.9572621708267,,,,2750.271466161619
5.458,2736.034614662332,,,,2751.2003336821917
5.46,2738.0132566432258,,,,2751.900922062908
5.462,2739.651929590711,,,,2752.270686478342
5.464,2740.793046211618,,,,2752.252143600971
5.466,2741.3613760697017,,,,2751.84804489022
5.468,2741.363346807028,,,,2751.1270966151856
5.47,2740.8986013471417,,,,2750.2154031257382
5.472,2740.0970922690462,,,,2749.2716749972437
5.474,2739.12150294811,,,,2748.4505196006303
5.476,2738.1527443532827,,,,2747.864599302963
5.478,2737.353876255092,,,,2747.5588972267915
5.48,2736.8498677940374,,,,2747.5064915726703
5.482,2736.6718559168885,,,,2747.626732822848
5.484,2736.7620010807827,,,,2747.81808319512
5.486,2736.975166796397,,,,2747.993153578692
5.488,2737.121622364217,,,,2748.1038691395056
5.49,2737.034306175817,,,,2748.149253989245
5.492,2736.603736096054,,,,2748.165172182202
5.494,2735.8180805686115,,,,2748.2019514559256
5.496,2734.7221249327877,,,,2748.2995431046647
5.498,2733.394535804198,,,,2748.4695822552812
5.5,2731.926718438714,,,,2748.690229214705
5.502,2730.3919581828704,,,,2748.9146297715106
5.5040000000000004,2728.859321591219,,,,2749.0887427950424
5.506,2727.406619452046,,,,2749.17089750935
5.508,2726.1339861515644,,,,2749.1454173174025
5.51,2725.169726397173,,,,2749.0259952635743
5.5120000000000005,2724.6302939693537,,,,2748.8492141425163
5.514,2724.6161948830504,,,,2748.6621544761206
5.516,2725.1905667592873,,,,2748.509184191128
5.518,2726.335563597922,,,,2748.4222387579375
5.5200000000000005,2727.9967015631764,,,,2748.4170203824383
5.522,2730.07307931277,,,,2748.4948912032287
5.524,2732.4042666828464,,,,2748.6473057204303
5.526,2734.8048743116638,,,,2748.857817171815
5.5280000000000005,2737.0515847695574,,,,2749.097805847855
5.53,2738.916174916566,,,,2749.3165703504887
5.532,2740.178756803893,,,,2749.4317422611107
5.534,2740.6482813425278,,,,2749.3282142815683
5.5360000000000005,2740.2450542374418,,,,2748.871279404206
5.538,2738.9651665714196,,,,2747.9338788693967
5.54,2736.9034703078514,,,,2746.4315375309066
5.542,2734.278789104418,,,,2744.354666707961
5.5440000000000005,2731.3450785246746,,,,2741.788111593591
5.546,2728.3785674646783,,,,2738.9113435328336
5.548,2725.623050045299,,,,2735.9775099547855
5.55,2723.2582113778676,,,,2733.2744455527027
5.5520000000000005,2721.402203960295,,,,2731.0754447221816
5.554,2720.089988690278,,,,2729.591372469454
5.556,2719.331861928273,,,,2728.9366419483026
5.558,2719.121373795273,,,,2729.1179812845007
5.5600000000000005,2719.4100373047413,,,,2730.047399157661
5.562,2720.138379953286,,,,2731.57268494361
5.564,2721.2097245766613,,,,2733.5140897483902
5.566,2722.472083241515,,,,2735.6962212068174
5.5680000000000005,2723.7521819572858,,,,2737.967991899544
5.57,2724.8591471871337,,,,2740.208069647718
5.572,2725.6302402353813,,,,2742.317781563021
5.574,2725.9440490056427,,,,2744.207610273315
5.5760000000000005,2725.734574077436,,,,2745.7857294780747
5.578,2725.028168185477,,,,2746.955635922937
5.58,2723.899691679587,,,,2747.6251771999587
5.582,2722.477066207946,,,,2747.723760704931
5.5840000000000005,2720.93857963622,,,,2747.2208759584196
5.586,2719.4753054460534,,,,2746.1384306192263
5.588,2718.2871571816736,,,,2744.5516816376776
5.59,2717.532763371196,,,,2742.577892230855
5.5920000000000005,2717.325551290831,,,,2740.3568287957755
5.594,2717.7203017217093,,,,2738.030626748884
5.596,2718.6779034857877,,,,2735.7301304578205
5.598,2720.122247230468,,,,2733.5704521195953
5.6000000000000005,2721.940974270207,,,,2731.6529443855698
5.602,2723.99363193311,,,,2730.0674595838013
5.604,2726.093038106449,,,,2728.889446967735
5.606,2728.1186707163424,,,,2728.1702983817368
5.6080000000000005,2729.8050888309294,,,,2727.923750943978
5.61,2731.0195718361388,,,,2728.1137529234275
5.612,2731.6342660090836,,,,2728.6492294634268
5.614,2731.605903013623,,,,2729.3892766628796
5.6160000000000005,2730.9450515819576,,,,2730.1596182613525
5.618,2729.72363714913,,,,2730.778426929269
5.62,2728.053120583554,,,,2731.0871134556282
5.622,2726.033352483566,,,,2730.980076290663
5.6240000000000006,2723.762007366975,,,,2730.4273428892657
5.626,2721.337203321423,,,,2729.4850155282984
5.628,2718.8585557012625,,,,2728.2896300163707
5.63,2716.443306295678,,,,2727.0346850702485
5.632,2714.214236408137,,,,2725.932112508626
5.634,2712.2952232884536,,,,2725.167265656974
5.636,2710.7960018672343,,,,2724.8593980890278
5.638,2709.7926206944358,,,,2725.038133884476
5.64,2709.355088604653,,,,2725.6412485483247
5.642,2709.5332564139403,,,,2726.5330726792245
5.644,2710.3350751519297,,,,2727.5378320110513
5.646,2711.7390837789285,,,,2728.478546245561
5.648,2713.6428145895975,,,,2729.210297405956
5.65,2715.845485912196,,,,2729.638645755737
5.652,2718.0828668692916,,,,2729.720322290066
5.654,2720.0534187076087,,,,2729.4511274408756
5.656,2721.5032558778257,,,,2728.8508246376687
5.658,2722.2561646836957,,,,2727.95414389752
5.66,2722.250558670994,,,,2726.811364796713
5.662,2721.5435751513824,,,,2725.4948237853887
5.664,2720.23448939863,,,,2724.103383179781
5.666,2718.4580688531555,,,,2722.7576406001017
5.668,2716.3665307583074,,,,2721.583707664672
5.67,2714.109039465239,,,,2720.689954425208
5.672,2711.85347507333,,,,2720.145424296417
5.674,2709.772053400437,,,,2719.9680108125594
5.676,2708.029296646023,,,,2720.125713240487
5.678,2706.755063792079,,,,2720.5488564918824
5.68,2706.008815290433,,,,2721.148019590726
5.682,2705.804271554895,,,,2721.8319891317906
5.684,2706.1029056543684,,,,2722.521257395631
5.686,2706.826919791936,,,,2723.1545533695007
5.688,2707.9004852265616,,,,2723.6882171574525
5.69,2709.2377876603837,,,,2724.0903480363477
5.692,2710.7409804766485,,,,2724.3328127914233
5.694,2712.30617626242,,,,2724.3842362948967
5.696,2713.814533938546,,,,2724.206801377184
5.698,2715.1509023843837,,,,2723.7595646226705
5.7,2716.214486036171,,,,2723.0100753536008
5.702,2716.9402365402634,,,,2721.9532303518235
5.704,2717.3187226793984,,,,2720.6319626352392
5.706,2717.3746995803326,,,,2719.150629037792
5.708,2717.1690017300375,,,,2717.6716246507963
5.71,2716.78399210257,,,,2716.3906015358048
5.712,2716.296871815309,,,,2715.4945231434704
5.714,2715.7762470594585,,,,2715.1154767037137
5.716,2715.2702022062194,,,,2715.2968247456974
5.718,2714.803966184593,,,,2715.984369661973
5.72,2714.3837864877187,,,,2717.045272090468
5.722,2714.0024536728133,,,,2718.3063496588993
5.724,2713.6481905123633,,,,2719.5964223531487
5.726,2713.3067855172867,,,,2720.777557843018
5.728,2712.9644499556907,,,,2721.756812828152
5.73,2712.610846606909,,,,2722.479840212666
5.732,2712.242843384687,,,,2722.9157003917476
5.734,2711.8676290727503,,,,2723.044501135048
5.736,2711.499132746443,,,,2722.855494932749
5.738,2711.147674685268,,,,2722.355742592213
5.74,2710.803504806706,,,,2721.582417319232
5.742,2710.425209568679,,,,2720.608900606664
5.744,2709.9385227548746,,,,2719.5377181628965
5.746,2709.2606051797916,,,,2718.480382033198
5.748,2708.32128584656,,,,2717.5312950182692
5.75,2707.096473668279,,,,2716.7463133944475
5.752,2705.6272202519112,,,,2716.134577148544
5.7540000000000004,2703.995754361646,,,,2715.6658636365505
5.756,2702.3110256943382,,,,2715.2887239215665
5.758,2700.674178178073,,,,2714.951023001224
5.76,2699.1603963458606,,,,2714.615674032441
5.7620000000000005,2697.817214345096,,,,2714.2685587447713
5.764,2696.6700709814604,,,,2713.9195440703456
5.766,2695.7495536077076,,,,2713.598891046743
5.768,2695.0955168619694,,,,2713.3503950063796
5.7700000000000005,2694.7457950661696,,,,2713.221318362808
5.772,2694.7357588488585,,,,2713.249411746243
5.774,2695.0701232315955,,,,2713.4490395347134
5.776,2695.7074918747276,,,,2713.8002563263294
5.7780000000000005,2696.5798880687994,,,,2714.2453372039986
5.78,2697.5871599177162,,,,2714.6961751355443
5.782,2698.613138612486,,,,2715.053145196315
5.784,2699.52074698435,,,,2715.23184804508
5.7860000000000005,2700.1970326162027,,,,2715.1895279429104
5.788,2700.5189395712255,,,,2714.9403360921547
5.79,2700.439529980359,,,,2714.551224289467
5.792,2699.9775734971636,,,,2714.1185102388795
5.7940000000000005,2699.2282012132837,,,,2713.7346081437245
5.796,2698.3346271541277,,,,2713.4592327484006
5.798,2697.4594955861776,,,,2713.3069943809282
5.8,2696.7270565578356,,,,2713.2552019750506
5.8020000000000005,2696.2022788998433,,,,2713.265948784175
5.804,2695.8794997095943,,,,2713.3099998044127
5.806,2695.7110764065696,,,,2713.3797691510317
5.808,2695.6487081819596,,,,2713.484863182673
5.8100000000000005,2695.664859218971,,,,2713.633437177936
5.812,2695.7629553572406,,,,2713.810865486137
5.814,2695.964215271617,,,,2713.9691402703274
5.816,2696.2756519684217,,,,2714.034885489278
5.8180000000000005,2696.6713931963272,,,,2713.934230504727
5.82,2697.0933061188516,,,,2713.6244438067597
5.822,2697.4636678101633,,,,2713.1193404023384
5.824,2697.7139941695377,,,,2712.4985114343235
5.8260000000000005,2697.7980831507593,,,,2711.896870260949
5.828,2697.707170364657,,,,2711.4777803322804
5.83,2697.4630102979086,,,,2711.397613950364
5.832,2696.9899336826998,,,,2711.7707274980776
5.8340000000000005,2696.565715455005,,,,2712.642295020396
5.836,2696.167803357838,,,,2713.973997065526
5.838,2695.8653428158605,,,,2715.64516501989
5.84,2695.7096839433107,,,,2717.4695073591975
5.8420000000000005,2695.712999810671,,,,2719.2247976280973
5.844,2695.840623815719,,,,2720.6902429505417
5.846,2696.0035738725373,,,,2721.684366108493
5.848,2696.0845081628368,,,,2722.0956991126427
5.8500000000000005,2695.9615996452094,,,,2721.899739913812
5.852,2695.547375716239,,,,2721.1583386635684
5.854,2694.8132805617456,,,,2720.0014905747285
5.856,2693.786850343104,,,,2718.5960154113754
5.8580000000000005,2692.5664946932834,,,,2717.109782914642
5.86,2691.2969446223697,,,,2715.6817724020116
5.862,2690.1500296591557,,,,2714.405612606812
5.864,2689.295792207544,,,,2713.328153953426
5.8660000000000005,2688.863717159436,,,,2712.4582846249223
5.868,2688.9357688618406,,,,2711.7782418054107
5.87,2689.5065605157556,,,,2711.2515461858115
5.872,2690.4955134195134,,,,2710.826363607973
5.8740000000000006,2691.778621573082,,,,2710.4370241968404
5.876,2693.194084883312,,,,2710.0075970602275
5.878,2694.5821049687047,,,,2709.4601117445895
5.88,2695.7960127927595,,,,2708.7275338019067
5.882000000000001,2696.715077750827,,,,2707.769105795925
5.884,2697.2512477988844,,,,2706.583803988452
5.886,2697.3330669369116,,,,2705.216864770614
5.888,2696.9309196038735,,,,2703.755117099756
5.89,2696.054410395656,,,,2702.3096765905143
5.892,2694.736694678903,,,,2700.989267802438
5.894,2693.057820464896,,,,2699.872558556561
5.896,2691.126665718959,,,,2698.9904194810833
5.898,2689.0679013239746,,,,2698.32631091956
5.9,2687.02404947155,,,,2697.835357824792
5.902,2685.13113916383,,,,2697.4738033370822
5.904,2683.51109925823,,,,2697.2252584536113
5.906,2682.2421484433885,,,,2697.1115239952774
5.908,2681.3445320310634,,,,2697.18315316942
5.91,2680.79126653285,,,,2697.494410191455
5.912,2680.499695711004,,,,2698.073967255621
5.914,2680.36704889239,,,,2698.903570594911
5.916,2680.3008257523506,,,,2699.912393072909
5.918,2680.230832478058,,,,2700.9879695853997
5.92,2680.1181854645747,,,,2701.998903490176
5.922,2679.9431471985704,,,,2702.82182347743
5.924,2679.6946703951057,,,,2703.3653840288835
5.926,2679.3622012339665,,,,2703.5861332927916
5.928,2678.934262783404,,,,2703.4934077002035
5.93,2678.41180837586,,,,2703.142659131457
5.932,2677.8131160290327,,,,2702.618965338847
5.934,2677.170396171273,,,,2702.01481049352
5.936,2676.5241544411047,,,,2701.4080572975718
5.938,2675.9081439877245,,,,2700.846452378418
5.94,2675.3443281320883,,,,2700.3432208640806
5.942,2674.8431839753066,,,,2699.884710725373
5.944,2674.413970167095,,,,2699.44699977052
5.946,2674.077293686233,,,,2699.015172138807
5.948,2673.861026701081,,,,2698.597667379298
5.95,2673.788438181865,,,,2698.2295287482075
5.952,2673.8653152526467,,,,2697.9624917860283
5.954,2674.0569498383957,,,,2697.8453486444755
5.956,2674.292850042031,,,,2697.902575812128
5.958,2674.4838884412156,,,,2698.12051002027
5.96,2674.549013895672,,,,2698.447489343089
5.962,2674.441417930982,,,,2698.808538437288
5.964,2674.1392630748906,,,,2699.1289594665154
5.966,2673.67219207578,,,,2699.357241351556
5.968,2673.0654572786243,,,,2699.477686101307
5.97,2672.3463480800237,,,,2699.5073628755063
5.972,2671.5529225788555,,,,2699.479042548026
5.974,2670.73691881416,,,,2699.418511386936
5.976,2669.975280077909,,,,2699.3274748623594
5.978,2669.360848777328,,,,2699.1803495239487
5.98,2668.9799986120292,,,,2698.9360766251666
5.982,2668.8945317362377,,,,2698.558745573216
5.984,2669.095654252882,,,,2698.0371861944445
5.986,2669.513083085281,,,,2697.394900291744
5.988,2670.026342782591,,,,2696.6863611935946
5.99,2670.486998148962,,,,2695.981678938409
5.992,2670.7671905886905,,,,2695.346373846603
5.994,2670.7780522218236,,,,2694.8243281362693
5.996,2670.5067879596886,,,,2694.4299262228387
5.998,2669.999154663524,,,,2694.151679002839
6.0,2669.3366924979396,,,,2693.9654633339387
6.002,2668.6157018220206,,,,2693.85164459591
6.0040000000000004,2667.903340250813,,,,2693.808128660154
6.006,2667.2243247259266,,,,2693.852316885818
6.008,2666.5590370899504,,,,2694.0096232917167
6.01,2665.8656218845763,,,,2694.2932280362784
6.0120000000000005,2665.104418335658,,,,2694.6852134767773
6.014,2664.26788590338,,,,2695.129223554135
6.016,2663.3899544639607,,,,2695.538999623106
6.018,2662.5460879345837,,,,2695.819390880696
6.0200000000000005,2661.835997345961,,,,2695.891279474284
6.022,2661.3583987394977,,,,2695.7113652147204
6.024,2661.202604607546,,,,2695.2810009318814
6.026,2661.41191632762,,,,2694.642814162338
6.0280000000000005,2661.9935253596277,,,,2693.867588541924
6.03,2662.9250223939925,,,,2693.0360949684473
6.032,2664.129142675557,,,,2692.2212562720674
6.034,2665.928262900276,,,,2691.4750422618868
6.0360000000000005,2667.3059646087886,,,,2690.8221697796344
6.038,2668.5102816902017,,,,2690.2605560775464
6.04,2669.4118792379268,,,,2689.767828465719
6.042,2669.912274293448,,,,2689.313435429323
6.0440000000000005,2669.9931890436237,,,,2688.8751416429027
6.046,2669.6956556105374,,,,2688.4559949751147
6.048,2669.0998561027573,,,,2688.094883579445
6.05,2668.324204119019,,,,2687.8639310098397
6.0520000000000005,2667.4846077652755,,,,2687.850788374794
6.054,2666.691215568376,,,,2688.1309700243146
6.056,2666.038618771006,,,,2688.7403533937404
6.058,2665.597854493619,,,,2689.658063536651
6.0600000000000005,2665.416299914491,,,,2690.805517004241
6.062,2665.4857538415704,,,,2692.0610389689864
6.064,2665.747355513175,,,,2693.2842335984715
6.066,2666.0906997764655,,,,2694.3418271443334
6.0680000000000005,2666.363664887416,,,,2695.1271462000245
6.07,2666.4159449903773,,,,2695.56843910867
6.072,2666.1227649602,,,,2695.626181322233
6.074,2665.4428834452237,,,,2695.284442658041
6.0760000000000005,2664.4124494349808,,,,2694.5438617156237
6.078,2663.125889800374,,,,2693.4222018848072
6.08,2661.7211064652943,,,,2691.963157841306
6.082,2660.3232115389046,,,,2690.2478137385306
6.0840000000000005,2659.0309750091246,,,,2688.400013271134
6.086,2657.9040426523143,,,,2686.578950832627
6.088,2656.975573615448,,,,2684.9579475603614
6.09,2656.2717172539965,,,,2683.6943255564825
6.0920000000000005,2655.801107518775,,,,2682.8987642822144
6.094,2655.5629498909466,,,,2682.6124380970364
6.096,2655.5436612825247,,,,2682.797609146027
6.098,2655.6985233603027,,,,2683.3440920953635
6.1000000000000005,2655.972043932088,,,,2684.0909532184564
6.102,2656.306221285124,,,,2684.859685680743
6.104,2656.6421083041546,,,,2685.49194380878
6.106,2656.924556557456,,,,2685.882604695457
6.1080000000000005,2657.0941664179295,,,,2685.998791778403
6.11,2657.1004142757565,,,,2685.8787125127974
6.112,2656.9124696248027,,,,2685.6105135460084
6.114,2656.532281196266,,,,2685.298456031577
6.1160000000000005,2656.0216469099723,,,,2685.0283381424083
6.118,2655.4857069526256,,,,2684.8442761522233
6.12,2655.0598221478567,,,,2684.7445281347173
6.122,2654.868421934684,,,,2684.69647490834
6.1240000000000006,2654.993011608452,,,,2684.663009813873
6.126,2655.4661061484335,,,,2684.627571859945
6.128,2656.245634339943,,,,2684.605215134639
6.13,2657.271117700273,,,,2684.6332391971273
6.132000000000001,2658.3674707187615,,,,2684.7450946415493
6.134,2659.466691528743,,,,2684.9407524127673
6.136,2660.4098627239605,,,,2685.1700799119158
6.138,2661.053605949113,,,,2685.3403118125843
6.140000000000001,2661.287788089309,,,,2685.346716916523
6.142,2661.046232431281,,,,2685.1135018776176
6.144,2660.2909850251053,,,,2684.6265145218376
6.146,2659.123474857499,,,,2683.943136011647
6.148,2657.648329470623,,,,2683.1752878330703
6.15,2656.0039930204134,,,,2682.453042932207
6.152,2654.339616231342,,,,2681.883799423034
6.154,2652.7783508529255,,,,2681.5227769203334
6.156,2651.0831580200247,,,,2681.3648883862634
6.158,2650.110141537537,,,,2681.358578325857
6.16,2649.4795529491416,,,,2681.4333050691907
6.162,2649.2205191589433,,,,2681.5279398802463
6.164,2649.309877374989,,,,2681.609193795158
6.166,2649.7038981980168,,,,2681.675422613946
6.168,2650.3348094181065,,,,2681.7476419225054
6.17,2651.1008955209513,,,,2681.85347053965
6.172,2651.905487946061,,,,2682.0107579924943
6.174,2652.658758771644,,,,2682.2165744905074
6.176,2653.293814080541,,,,2682.444853956646
6.178,2653.76311068606,,,,2682.653006812171
6.18,2654.024170696881,,,,2682.794864378125
6.182,2654.051102542043,,,,2682.8351922035663
6.184,2653.8127025147564,,,,2682.760368355869
6.186,2653.2713209482345,,,,2682.580694651444
6.188,2652.422233959167,,,,2682.3222315812786
6.19,2651.28136771496,,,,2682.010100270938
6.192,2649.897814139997,,,,2681.649685943194
6.194,2648.3731433087432,,,,2681.2146011846808
6.196,2646.822799077725,,,,2680.648716316127
6.198,2645.370789242384,,,,2679.884317385003
6.2,2644.1167366742375,,,,2678.8716018681994
6.202,2643.129808305208,,,,2677.6090157485955
6.204,2642.4586114273957,,,,2676.1619843541566
6.206,2642.111725412103,,,,2674.660805019125
6.208,2642.099018913784,,,,2673.2758782395485
6.21,2642.4418201691765,,,,2672.1771176508423
6.212,2643.1401282092293,,,,2671.4908522147866
6.214,2644.1960671515935,,,,2671.2688339547203
6.216,2645.6045994621422,,,,2671.479043193048
6.218,2647.3159155351605,,,,2672.01929698346
6.22,2649.266790571899,,,,2672.7466661399517
6.222,2651.37499613129,,,,2673.5115459906397
6.224,2653.5352412375228,,,,2674.185683360244
6.226,2655.647374096562,,,,2674.677785518688
6.228,2657.616107526493,,,,2674.936455378353
6.23,2659.38147441807,,,,2674.945135130019
6.232,2660.9186259881985,,,,2674.7152142681784
6.234,2662.2358609450657,,,,2674.2813589872444
6.236,2663.3806696361275,,,,2673.699399490048
6.238,2664.390968955949,,,,2673.0442098427193
6.24,2665.267307714844,,,,2672.404174418828
6.242,2665.9636870385175,,,,2671.8702334390478
6.244,2666.38335838493,,,,2671.5207114308996
6.246,2666.398158341431,,,,2671.406378750341
6.248,2665.935547858895,,,,2671.541009733909
6.25,2664.986610634754,,,,2671.900418697556
6.252,2663.6232009391583,,,,2672.4292980396795
6.2540000000000004,2662.017650117383,,,,2673.0526511432213
6.256,2660.3565697017984,,,,2673.688788805299
6.258,2658.814587196851,,,,2674.262823597231
6.26,2657.5009528617657,,,,2674.7203538940284
6.2620000000000005,2656.457653381817,,,,2675.0391358639254
6.264,2655.6789065824005,,,,2675.234278750475
6.266,2655.1085462976644,,,,2675.3531728255225
6.268,2654.680839708553,,,,2675.460227995601
6.2700000000000005,2654.31371379302,,,,2675.6157398751848
6.272,2653.9017552750233,,,,2675.8553071362408
6.274,2653.3276638636553,,,,2676.175901203814
6.276,2652.4635269882674,,,,2676.5328193504124
6.2780000000000005,2651.231170085648,,,,2676.8490552467847
6.28,2649.6102204337562,,,,2677.0354269521426
6.282,2647.6554203653964,,,,2677.0166149032293
6.284,2645.522337132578,,,,2676.75606954734
6.2860000000000005,2643.4046280482657,,,,2676.272354679081
6.288,2641.520693169124,,,,2675.64097587998
6.29,2640.049519168782,,,,2674.979132075392
6.292,2639.1213458375514,,,,2674.4160924172465
6.2940000000000005,2638.824034216764,,,,2674.057723110641
6.296,2639.142377539577,,,,2673.9571391953273
6.298,2640.0207089917703,,,,2674.101894236615
6.3,2641.3632786934045,,,,2674.4216172692363
6.3020000000000005,2643.004933096554,,,,2674.8117552937238
6.304,2644.770060433675,,,,2675.1631778044934
6.306,2646.4652312302287,,,,2675.3862920327406
6.308,2647.914881042146,,,,2675.4221452046286
6.3100000000000005,2648.9878934881917,,,,2675.240009882466
6.312,2649.6068051764796,,,,2674.8278370263197
6.314,2649.785315855131,,,,2674.1849474810647
6.316,2649.599067537527,,,,2673.3234855557557
6.3180000000000005,2649.132855103998,,,,2672.27815547866
6.32,2648.478907301665,,,,2671.1170276911057
6.322,2647.708923788782,,,,2669.943843079041
6.324,2646.825247299942,,,,2668.8855625900346
6.3260000000000005,2645.901763261963,,,,2668.0661517339704
6.328,2644.9782325428832,,,,2667.5749477611284
6.33,2644.151137281183,,,,2667.4414632552525
6.332,2643.5370421385583,,,,2667.626265293035
6.3340000000000005,2643.2478982202333,,,,2668.030979914918
6.336,2643.3604984903113,,,,2668.523078526635
6.338,2643.8695963615332,,,,2668.966528091608
6.34,2644.717014269522,,,,2669.249128760675
6.3420000000000005,2645.7964672591675,,,,2669.3003409114363
6.344,2646.9701001237654,,,,2669.0975490362634
6.346,2648.107653178464,,,,2668.6623603869803
6.348,2649.0894608519884,,,,2668.0504654078804
6.3500000000000005,2649.8303720778567,,,,2667.3381942903475
6.352,2650.276870634162,,,,2666.6069715433173
6.354,2650.4175232435873,,,,2665.9257290634973
6.356,2650.308361198962,,,,2665.333136225751
6.3580000000000005,2650.0486451324705,,,,2664.8254544656397
6.36,2649.776721603395,,,,2664.357833976067
6.362,2649.634429117394,,,,2663.863334233701
6.364,2649.732498294647,,,,2663.2856157507867
6.3660000000000005,2650.130993551253,,,,2662.6128193384834
6.368,2650.8103723984627,,,,2661.896898649277
6.37,2651.7018267481903,,,,2661.2473317593176
6.372,2652.6961432536036,,,,2660.799163998598
6.3740000000000006,2653.665044499182,,,,2660.667368815695
6.376,2654.4854689867607,,,,2660.906339065703
6.378,2655.038309266836,,,,2661.4912436871805
6.38,2655.2330605383686,,,,2662.3278051915995
6.382000000000001,2654.99556052292,,,,2663.284125874738
6.384,2654.2797182792965,,,,2664.2293930223796
6.386,2653.1061193648975,,,,2665.063504813328
6.388,2651.532011314687,,,,2665.7281328610866
6.390000000000001,2649.6596964949626,,,,2666.199737677045
6.392,2647.6322742938933,,,,2666.4736063710184
6.394,2645.5894493799424,,,,2666.5506611927453
6.396,2643.6599854605106,,,,2666.434305845626
6.398000000000001,2641.935031849997,,,,2666.136158459206
6.4,2640.470707823507,,,,2665.6830115081602
6.402,2639.2878258339783,,,,2665.117015157004
6.404,2638.357013861185,,,,2664.486392345543
6.406,2637.62439759591,,,,2663.830730032197
6.408,2637.0120725655206,,,,2663.1689587693377
6.41,2636.429079329862,,,,2662.4976291247117
6.412,2635.796537129864,,,,2661.8021516209133
6.414,2635.055746941582,,,,2661.076590673763
6.416,2634.1847967003137,,,,2660.342282097099
6.418,2633.188225684087,,,,2659.6551613872653
6.42,2632.091336570457,,,,2659.096895815118
6.422,2630.9375327583316,,,,2658.7533327951405
6.424,2629.7798551336814,,,,2658.6905089268016
6.426,2628.6909218148085,,,,2658.9390396695003
6.428,2627.7599602005216,,,,2659.491811070507
6.43,2627.0944444048896,,,,2660.311678453221
6.432,2626.8124577637223,,,,2661.3408185170515
6.434,2626.994225329646,,,,2662.504644709437
6.436,2627.6852002879414,,,,2663.7095875636337
6.438,2628.8748971591554,,,,2664.8408176146104
6.44,2630.4717826405235,,,,2665.7681770941554
6.442,2632.3579814065065,,,,2666.3644921530577
6.444,2634.3978660296316,,,,2666.53264314658
6.446,2636.4568567916913,,,,2666.2311118148696
6.448,2638.420972777113,,,,2665.4863136107792
6.45,2640.184984150898,,,,2664.3851899903193
6.452,2641.6641538399367,,,,2663.0505394752117
6.454,2642.782032256389,,,,2661.608941028619
6.456,2643.481657068806,,,,2660.1630436085097
6.458,2643.767535443872,,,,2658.776778419021
6.46,2643.686433733463,,,,2657.476311538216
6.462,2643.336400678305,,,,2656.263749067043
6.464,2642.8598496994055,,,,2655.1364393606973
6.466,2642.4003121874234,,,,2654.1035146806516
6.468,2642.0969339535363,,,,2653.1937364395635
6.47,2642.061162495801,,,,2652.4534225039597
6.472,2642.3915914095246,,,,2651.937089742612
6.474,2643.1863821230836,,,,2651.6944139204033
6.476,2644.5175120589684,,,,2651.7562823646085
6.478,2646.455267492893,,,,2652.122628715731
6.48,2649.046069023933,,,,2652.756140688332
6.482,2652.262471025196,,,,2653.58661254511
6.484,2656.055259729717,,,,2654.527912085284
6.486,2660.3628246274375,,,,2655.5034776489556
6.488,2665.1166784793268,,,,2656.4705557873303
6.49,2670.2915344653047,,,,2657.432054774163
6.492,2675.877542020266,,,,2658.4293169871125
6.494,2681.9106469663466,,,,2659.517533898435
6.496,2687.9808891991015,,,,2660.7342193247305
6.498,2694.0947141752513,,,,2662.075604363863
6.5,2699.8575364719386,,,,2663.4925495063017
6.502,2704.868612314975,,,,2664.907405462417
6.5040000000000004,2708.6344124398233,,,,2666.241961484994
6.506,2711.022795727368,,,,2667.440727309683
6.508,2711.9390339729766,,,,2668.4763641898344
6.51,2711.454424352625,,,,2669.333827481558
6.5120000000000005,2709.7937655658275,,,,2669.981843676739
6.514,2707.2189115353995,,,,2670.3484180004752
6.516,2704.03811957983,,,,2670.316887996465
6.518,2700.568053977757,,,,2669.7504626871587
6.5200000000000005,2697.0903608449353,,,,2668.539833837726
6.522,2693.8496878317846,,,,2666.6559007957817
6.524,2691.0113735053405,,,,2664.1843059217767
6.526,2688.6646154424916,,,,2661.3251662378075
6.5280000000000005,2686.811740164991,,,,2658.357291229448
6.53,2685.3811300132033,,,,2655.580698942853
6.532,2684.286125926698,,,,2653.2564711180185
6.534,2683.43666246469,,,,2651.5598908573547
6.5360000000000005,2682.755124437161,,,,2650.556057031575
6.538,2682.1868854786785,,,,2650.200150545525
6.54,2681.687811197067,,,,2650.358777058166
6.542,2681.228598238088,,,,2650.8446718707573
6.5440000000000005,2680.811512611288,,,,2651.4549469087733
6.546,2680.4874310086034,,,,2652.003637898468
6.548,2680.3572103726874,,,,2652.34245981586
6.55,2680.5609305038984,,,,2652.3685532564928
6.5520000000000005,2681.2308077257276,,,,2652.0231995697054
6.554,2682.4206971281533,,,,2651.2886107959416
6.556,2684.090793585693,,,,2650.1886895458383
6.558,2686.073979838752,,,,2648.7943268524186
6.5600000000000005,2688.1041884394936,,,,2647.2276668274562
6.562,2689.8767527270397,,,,2645.6572514412087
6.564,2691.097391892509,,,,2644.2791288857534
6.566,2691.559999205834,,,,2643.2855395128436
6.5680000000000005,2691.1402783030567,,,,2642.8283474362433
6.57,2689.8334798304227,,,,2642.986633316542
6.572,2687.7711550100184,,,,2643.747170467187
6.574,2685.168110938775,,,,2645.003809886374
6.5760000000000005,2682.3387206191233,,,,2646.577270192178
6.578,2679.6447425229994,,,,2648.250893605254
6.58,2677.434209605523,,,,2649.812688749978
6.582,2675.970377766524,,,,2651.0922137650614
6.5840000000000005,2675.336011872539,,,,2651.98350458753
6.586,2675.4513060023346,,,,2652.4505270545947
6.588,2676.0707648218854,,,,2652.5166941937227
6.59,2676.8699925184205,,,,2652.243477230124
6.5920000000000005,2677.566221832681,,,,2651.70518053868
6.594,2677.988565133249,,,,2650.967472658159
6.596,2678.1277988683896,,,,2650.075953061231
6.598,2678.096015023734,,,,2649.05803321812
6.6000000000000005,2678.0765033388584,,,,2647.9368204746256
6.602,2678.240236513036,,,,2646.750303843755
6.604,2678.696865589327,,,,2645.5656175100694
6.606,2679.4635837721917,,,,2644.4792517012197
6.6080000000000005,2680.454579478095,,,,2643.5999996015867
6.61,2681.5062158611995,,,,2643.019805925617
6.612,2682.383469938765,,,,2642.7846087931284
6.614,2682.8303585702006,,,,2642.8786292567233
6.6160000000000005,2682.6023765385453,,,,2643.229883206147
6.618,2681.5374215574657,,,,2643.734978191694
6.62,2679.635100573959,,,,2644.2930215842225
6.622,2677.034429062991,,,,2644.8356465135516
6.6240000000000006,2674.028723705502,,,,2645.342809308011
6.626,2670.9917060493276,,,,2645.8397257403713
6.628,2668.281620858419,,,,2646.376942458794
6.63,2666.175627355313,,,,2647.0013567776514
6.632000000000001,2664.798752011311,,,,2647.728909741934
6.634,2664.160683785012,,,,2648.5284180581402
6.636,2664.159347503447,,,,2649.3213621840264
6.638,2664.619656671438,,,,2649.9967093301984
6.640000000000001,2665.365303668714,,,,2650.435402380603
6.642,2666.2270075953265,,,,2650.537229259713
6.644,2667.0665061049663,,,,2650.2431640431637
6.646,2667.7799586486058,,,,2649.548093484482
6.648000000000001,2668.2877704532557,,,,2648.5014603585864
6.65,2668.528485586189,,,,2647.196307269678
6.652,2668.425880585691,,,,2645.7498772907356
6.654,2667.8796789194703,,,,2644.2807174924187
6.656000000000001,2666.7788087209847,,,,2642.8879614636394
6.658,2664.9996977316805,,,,2641.6381256437844
6.66,2662.4764087075487,,,,2640.562950661343
6.662,2659.2793511321847,,,,2639.668328263912
6.664,2655.6181460343423,,,,2638.950024856752
6.666,2651.8687896794922,,,,2638.408650033503
6.668,2648.491426962987,,,,2638.056147540602
6.67,2645.909246961881,,,,2637.9096561807837
6.672,2644.547182849857,,,,2637.974546973138
6.674,2644.4545621326392,,,,2638.224433044718
6.676,2645.6182129812373,,,,2638.589366339865
6.678,2647.743564681693,,,,2638.9617985367704
6.68,2650.5264065641595,,,,2639.2225145073508
6.682,2653.5360552851926,,,,2639.278528544956
6.684,2656.3922741841534,,,,2639.097334201416
6.686,2658.8007322041435,,,,2638.7215656261214
6.688,2660.5451826396315,,,,2638.2558439563686
6.69,2661.5550222077445,,,,2637.829803645972
6.692,2661.914650914476,,,,2637.5521210503016
6.694,2661.836052425492,,,,2637.474506018838
6.696,2661.653033943565,,,,2637.5800068615004
6.698,2661.7220157258157,,,,2637.798838512692
6.7,2662.3507840270277,,,,2638.0426504316197
6.702,2663.6930057099885,,,,2638.2407059924262
6.704,2665.6993737036673,,,,2638.3623986869356
6.706,2668.1397218205275,,,,2638.41880757524
6.708,2670.6165098359425,,,,2638.446674547116
6.71,2672.6774366433065,,,,2638.4857195383274
6.712,2673.880062857097,,,,2638.561240373801
6.714,2673.9071049866357,,,,2638.678853290556
6.716,2672.625536069989,,,,2638.830774227697
6.718,2670.054799316349,,,,2639.007570917584
6.72,2666.4269976197666,,,,2639.2080161387207
6.722,2662.1104934243426,,,,2639.4422143177367
6.724,2657.5398511975754,,,,2639.7273792878095
6.726,2653.1835736392363,,,,2640.078658692055
6.728,2649.4513988181466,,,,2640.498084245795
6.73,2646.676557188124,,,,2640.9645145640766
6.732,2645.032029808606,,,,2641.427714998405
6.734,2644.5157778187304,,,,2641.8097644285763
6.736,2644.998204934728,,,,2642.0154238659397
6.738,2646.1958160932563,,,,2641.9501043912937
6.74,2647.76212886264,,,,2641.541272473786
6.742,2649.355971069222,,,,2640.7579213852896
6.744,2650.687100827533,,,,2639.6229515055334
6.746,2651.574362580534,,,,2638.21410243661
6.748,2651.942238743491,,,,2636.650740335795
6.75,2651.8475381807953,,,,2635.0674916513394
6.752,2651.449981826633,,,,2633.581242177232
6.7540000000000004,2650.9747465540595,,,,2632.262809471277
6.756,2650.6812369942168,,,,2631.1251381335483
6.758,2650.7933137542636,,,,2630.1341815315627
6.76,2651.4667480651983,,,,2629.238303355607
6.7620000000000005,2652.719499120213,,,,2628.402423285457
6.764,2654.423808648499,,,,2627.630270552653
6.766,2656.3389564239833,,,,2626.964292181717
6.768,2658.146496244813,,,,2626.4647015715836
6.7700000000000005,2659.5481452093063,,,,2626.1799875030333
6.772,2660.3089344619607,,,,2626.124741028954
6.774,2660.3204286832793,,,,2626.2754329331638
6.776,2659.593094734757,,,,2626.584773616873
6.7780000000000005,2658.1984819133536,,,,2627.006250503527
6.78,2656.2699308113456,,,,2627.5159328227783
6.782,2653.9507018446116,,,,2628.1199305419846
6.784,2651.363161777918,,,,2628.842725779214
6.7860000000000005,2648.615897103184,,,,2629.7011090148876
6.788,2645.786381874817,,,,2630.6758096862445
6.79,2642.918387736947,,,,2631.694291596543
6.792,2640.0279212523606,,,,2632.632743213684
6.7940000000000005,2637.109838081092,,,,2633.3359855831527
6.796,2634.148064600046,,,,2633.6466410143175
6.798,2631.124041896736,,,,2633.433595216681
6.8,2628.0117901949084,,,,2632.613686610318
6.8020000000000005,2624.753269287603,,,,2631.165696789473
6.804,2621.233853503985,,,,2629.138324569842
6.806,2617.261567740852,,,,2626.652430988206
6.808,2612.535904816225,,,,2623.894567616029
6.8100000000000005,2606.695191068216,,,,2621.097835491383
6.812,2599.3695150511053,,,,2618.5096901678303
6.814,2590.174923012624,,,,2616.352690413857
6.816,2578.861944300855,,,,2614.789194988034
6.8180000000000005,2565.3408291474616,,,,2613.9010331230857
6.82,2549.619480260859,,,,2613.689697000282
6.822,2531.932805109459,,,,2614.0944186498987
6.824,2512.6902617942405,,,,2615.018628621375
6.8260000000000005,2492.4266941417454,,,,2616.3529296863817
6.828,2471.8550195284283,,,,2617.986026417524
6.83,2451.74617731198,,,,2619.802595277297
6.832,2432.8722094073096,,,,2621.67504929585
6.8340000000000005,2415.844874825269,,,,2623.4599668903816
6.836,2400.996340639542,,,,2625.007159652715
6.838,2388.4180320769483,,,,2626.1816593217145
6.84,2377.8578274149445,,,,2626.8910450824746
6.8420000000000005,2368.8591624125256,,,,2627.107088189055
6.844,2360.9152346452106,,,,2626.873278688813
6.846,2353.483406865076,,,,2626.2961114708214
6.848,2346.0800390279037,,,,2625.523842294169
6.8500000000000005,2338.2676301859683,,,,2624.7191098235653
6.852,2329.571149127727,,,,2624.0313590318124
6.854,2319.7045381109056,,,,2623.5731056526224
6.856,2308.697071374547,,,,2623.4029295911496
6.8580000000000005,2295.725521848983,,,,2623.5183357335104
6.86,2281.1084668681333,,,,2623.861356023317
6.862,2264.852040849123,,,,2624.336918628581
6.864,2246.9820073429596,,,,2624.8391606913115
6.8660000000000005,2227.56837174921,,,,2625.2767978912584
6.868,2206.7519297160034,,,,2625.588370162566
6.87,2184.9300212324197,,,,2625.7427636195557
6.872,2162.756695619863,,,,2625.727618681585
6.8740000000000006,2141.203755120286,,,,2625.5340405651464
6.876,2121.3901985667035,,,,2625.1476711145083
6.878,2104.3033842609107,,,,2624.5530697316444
6.88,2090.623831661078,,,,2623.7513500105197
6.882000000000001,2080.261875099415,,,,2622.7827091592426
6.884,2072.5316966493674,,,,2621.7402782464965
6.886,2066.3373518110766,,,,2620.7637956912235
6.888,2060.378720560143,,,,2620.0111286870547
6.890000000000001,2053.614099736357,,,,2619.617395819217
6.892,2045.3737876604998,,,,2619.658317287283
6.894,2035.5194916550313,,,,2620.132554562207
6.896,2024.2763830187912,,,,2620.968567779104
6.898000000000001,2012.0722829101076,,,,2622.050288757762
6.9,1999.4779135654353,,,,2623.248791520647
6.902,1987.0444639734058,,,,2624.4474875587875
6.904,1975.2969350865885,,,,2625.554972781492
6.906000000000001,1964.6251325814299,,,,2626.5077163928468
6.908,1955.2296402429179,,,,2627.2690747933166
6.91,1947.0920514780662,,,,2627.829474277008
6.912,1939.8614379804233,,,,2628.207138541977
6.914,1933.0033749142342,,,,2628.4443548408744
6.916,1925.903467603323,,,,2628.595014511919
6.918,1918.0486893013417,,,,2628.704414688635
6.92,1909.161350990537,,,,2628.787782902189
6.922,1899.201726478993,,,,2628.8163648787054
6.924,1888.4096320374197,,,,2628.7184338787397
6.926,1877.1467650973102,,,,2628.3974670101193
6.928,1865.8283426875735,,,,2627.762400024867
6.93,1854.871534523698,,,,2626.758701787131
6.932,1844.6474252775827,,,,2625.387616879795
6.934,1835.505380587624,,,,2623.7057849306766
6.936,1827.6538746816877,,,,2621.8070501328434
6.938,1821.1479997070737,,,,2619.7974822699566
6.94,1815.8615124612575,,,,2617.776858450544
6.942,1811.3867069868195,,,,2615.8334765055297
6.944,1807.184538191766,,,,2614.0493794834383
6.946,1802.6763189951555,,,,2612.506321068784
6.948,1797.4130429644738,,,,2611.2826674601433
6.95,1791.181699679562,,,,2610.437896033796
6.952,1783.9919310864507,,,,2609.9903916030603
6.954,1776.0892986545634,,,,2609.900091583649
6.956,1767.7911840547504,,,,2610.0668311625814
6.958,1759.4148516085422,,,,2610.3487837970924
6.96,1751.2416593385208,,,,2610.59678913945
6.962,1743.504901258246,,,,2610.6935727364985
6.964,1736.4370580962377,,,,2610.5843733022375
6.966,1730.2171677745305,,,,2610.288141615928
6.968,1724.958021838511,,,,2609.885536416163
6.97,1720.6739336897567,,,,2609.4887660780732
6.972,1717.1713687112874,,,,2609.204880459821
6.974,1714.1269378799136,,,,2609.105206724338
6.976,1711.1426301254207,,,,2609.209190683823
6.978,1707.8426179560206,,,,2609.484134485994
6.98,1703.9799497467582,,,,2609.8570130324583
6.982,1699.4435187827428,,,,2610.2323028274254
6.984,1694.2845741975768,,,,2610.509909490531
6.986,1688.6099744626285,,,,2610.5988503218878
6.988,1682.5027429087029,,,,2610.4249645925593
6.99,1676.0038057501529,,,,2609.934048795135
6.992,1669.0899342445582,,,,2609.094024559699
6.994,1661.7174280945637,,,,2607.8996049090883
6.996,1653.9319628428843,,,,2606.3804821084536
6.998,1645.897781732673,,,,2604.610812058539
7.0,1637.9027674451122,,,,2602.7152687220673
7.002,1630.2771279606854,,,,2600.866214510147
7.0040000000000004,1623.256548424818,,,,2599.268123857024
7.006,1616.9050787602714,,,,2598.1291083783726
7.008,1611.0425784864383,,,,2597.6242778268347
7.01,1605.3763495614571,,,,2597.8596214516524
7.0120000000000005,1599.6403116175827,,,,2598.845539323331
7.014,1593.7394785943652,,,,2600.4866212387415
7.016,1587.7815270936865,,,,2602.5916501764427
7.018,1581.9864276180006,,,,2604.9050374037965
7.0200000000000005,1576.5126052361866,,,,2607.1553079299515
7.022,1571.342230287476,,,,2609.108713947061
7.024,1566.2925370932649,,,,2610.6116017382315
7.026,1561.129069438698,,,,2611.6079708828133
7.0280000000000005,1555.7225993833197,,,,2612.12807834041
7.03,1550.1365228634672,,,,2612.2549867432194
7.032,1544.5155055769394,,,,2612.083320494777
7.034,1539.0014531376694,,,,2611.6857435427582
7.0360000000000005,1533.5248090191574,,,,2611.0982674653897
7.038,1528.158875943075,,,,2610.3273459383167
7.04,1522.3698044464384,,,,2609.372654265309
7.042,1516.3127997111021,,,,2608.2531896476635
7.0440000000000005,1509.9136352476023,,,,2607.02400520563
7.046,1503.349371798267,,,,2605.7766597473665
7.048,1496.9010987675822,,,,2604.624549164966
7.05,1490.8497661916365,,,,2603.6797854514048
7.0520000000000005,1485.3994391251215,,,,2603.02919061335
7.054,1480.6625333219129,,,,2602.7150838758826
7.056,1476.606567631295,,,,2602.7247164485534
7.058,1473.185323738143,,,,2602.991288498745
7.0600000000000005,1470.4068763314117,,,,2603.408038579957
7.062,1468.2906643619303,,,,2603.8535294889703
7.064,1466.8521834620642,,,,2604.221554108207
7.066,1465.9937465791597,,,,2604.445647455582
7.0680000000000005,1465.4062720355626,,,,2604.5089790496186
7.07,1464.7039347771113,,,,2604.43610387214
7.072,1463.530395814961,,,,2604.2709058128403
7.074,1461.7401238621212,,,,2604.0508003859054
7.0760000000000005,1459.3606935452053,,,,2603.788032622917
7.078,1456.476479701981,,,,2603.464711580226
7.08,1453.1453732836108,,,,2603.041548429304
7.082,1449.331249292003,,,,2602.4746363534914
7.0840000000000005,1445.0068646893028,,,,2601.7324603783363
7.086,1440.3407314086362,,,,2600.806772555703
7.088,1435.6864367987641,,,,2599.714613205488
7.09,1431.5147801648259,,,,2598.4931713695973
7.0920000000000005,1428.1582288806933,,,,2597.192607315131
7.094,1425.707111748825,,,,2595.8720033174777
7.096,1424.0357124479076,,,,2594.599566127998
7.098,1422.871254274346,,,,2593.4530741504395
7.1000000000000005,1422.0173388226956,,,,2592.514780664653
7.102,1421.376317874302,,,,2591.858276688782
7.104,1420.8755599090089,,,,2591.530656171319
7.106,1420.3990272063616,,,,2591.5370744451748
7.1080000000000005,1419.7320565688137,,,,2591.833868075627
7.11,1418.619838407712,,,,2592.332373544222
7.112,1416.8282950990729,,,,2592.9117868286125
7.114,1414.162848017725,,,,2593.437778790434
7.1160000000000005,1410.5722715209952,,,,2593.7839027691743
7.118,1406.0904831380328,,,,2593.8535718487587
7.12,1400.8872145184177,,,,2593.5999871542
7.122,1395.3725629770427,,,,2593.0397380868103
7.1240000000000006,1390.0946800512424,,,,2592.25454622179
7.126,1385.686068192282,,,,2591.377129906457
7.128,1382.5723582883409,,,,2590.5621965852515
7.13,1380.8806903570774,,,,2589.9497879751766
7.132000000000001,1380.418241130925,,,,2589.63165448044
7.134,1380.656505181235,,,,2589.630062893996
7.136,1381.0148529692065,,,,2589.8940186587784
7.138,1380.9156855517142,,,,2590.313182794619
7.140000000000001,1379.9259203379975,,,,2590.7459692293005
7.142,1377.7845598062647,,,,2591.055003192587
7.144,1374.420895152435,,,,2591.1405307663526
7.146,1370.0909462653267,,,,2590.96217471142
7.148000000000001,1365.2027536642256,,,,2590.543161395654
7.15,1360.2366225687465,,,,2589.957800418153
7.152,1355.5870730858276,,,,2589.308722453743
7.154,1351.460184268182,,,,2588.702080551514
7.156000000000001,1347.916304887123,,,,2588.227276621287
7.158,1344.890580883285,,,,2587.9450341215124
7.16,1342.3170332225054,,,,2587.8845969174436
7.162,1340.1354474090635,,,,2588.0477606271616
7.164000000000001,1338.2387411918178,,,,2588.415619013652
7.166,1336.510886505804,,,,2588.9543961733407
7.168,1334.8583642569322,,,,2589.6188390190077
7.17,1333.2669622614555,,,,2590.3536701494204
7.172,1331.821957366233,,,,2591.094670357589
7.174,1330.6686302275386,,,,2591.771269622869
7.176,1329.9041173433354,,,,2592.3123252875034
7.178,1329.5432095898984,,,,2592.6558072421844
7.18,1329.4989012492792,,,,2592.7611087346736
7.182,1329.5600818981186,,,,2592.6204147973913
7.184,1329.454390182954,,,,2592.2647511058417
7.186,1328.8737110190086,,,,2591.761672803011
7.188,1327.6253515819196,,,,2591.2035893723587
7.19,1325.687099145608,,,,2590.687405726099
7.192,1323.2276854434874,,,,2590.288486959115
7.194,1320.5686643358313,,,,2590.035674587168
7.196,1317.9818755411711,,,,2589.89708350865
7.198,1315.605785044766,,,,2589.785082381834
7.2,1313.4000664516236,,,,2589.5821301848778
7.202,1311.2409846660394,,,,2589.1803675978445
7.204,1309.00927039151,,,,2588.5218713760346
7.206,1306.6669944893717,,,,2587.6255647032663
7.208,1304.2575085933918,,,,2586.5905388998867
7.21,1301.8631638461284,,,,2585.5729357374234
7.212,1299.5110400976123,,,,2584.7429798745893
7.214,1297.1819224006867,,,,2584.2369909654813
7.216,1294.6218369473038,,,,2584.121922226043
7.218,1291.7361533182034,,,,2584.3847343101006
7.22,1288.3272305455093,,,,2584.947862392329
7.222,1284.6207688747422,,,,2585.70099848847
7.224,1280.8901997924738,,,,2586.533769932106
7.226,1277.48917838039,,,,2587.3557306941234
7.228,1274.6610686076053,,,,2588.098254862897
7.23,1272.3764687676114,,,,2588.703506726533
7.232,1270.3717788740357,,,,2589.11266399071
7.234,1268.2273969052549,,,,2589.264431868816
7.236,1265.5688269111704,,,,2589.106721093502
7.238,1262.2268088452297,,,,2588.61549405276
7.24,1258.324941504051,,,,2587.811108658422
7.242,1254.2677389415967,,,,2586.7647806943
7.244,1250.546707893129,,,,2585.5926880791653
7.246,1247.5944471137404,,,,2584.4394925600436
7.248,1245.590639246557,,,,2583.45562691677
7.25,1244.4897323088105,,,,2582.7737411636053
7.252,1244.0652790463762,,,,2582.4889882975435
7.2540000000000004,1243.9988453368264,,,,2582.6452894418235
7.256,1244.0419572155768,,,,2583.227076016552
7.258,1244.049936900484,,,,2584.1558724090264
7.26,1243.9753700512144,,,,2585.2937072454906
7.2620000000000005,1243.7955896425544,,,,2586.4577788562365
7.264,1243.4569594281008,,,,2587.4494862035144
7.266,1242.9029101203864,,,,2588.094872627184
7.268,1242.1393840317016,,,,2588.285729764119
7.2700000000000005,1241.3088937066523,,,,2588.0063116759584
7.272,1240.68470076278,,,,2587.3334280876725
7.274,1240.5868188502589,,,,2586.407446599106
7.276,1241.2912267960749,,,,2585.384520639208
7.2780000000000005,1242.864312047975,,,,2584.3895141264143
7.28,1245.1414500268113,,,,2583.488580919587
7.282,1247.684796556512,,,,2582.6898409309624
7.284,1249.889682067995,,,,2581.9664244042365
7.2860000000000005,1251.201188354316,,,,2581.28639267813
7.288,1251.2626118702415,,,,2580.6330159451973
7.29,1250.0704773833809,,,,2580.00607699805
7.292,1247.831899571191,,,,2579.4064665987016
7.2940000000000005,1244.9081558906403,,,,2578.816783731377
7.296,1241.7451134377043,,,,2578.194264149844
7.298,1238.7372578882175,,,,2577.485989122546
7.3,1236.1938933381855,,,,2576.66238515655
7.3020000000000005,1234.2908579793607,,,,2575.751806040737
7.304,1233.1615826104528,,,,2574.855658959787
7.306,1232.9349032037126,,,,2574.1327819542566
7.308,1233.6230339408319,,,,2573.75749110899
7.3100000000000005,1235.077990561452,,,,2573.8682369558546
7.312,1236.9169834098936,,,,2574.526924678849
7.314,1238.5905887358085,,,,2575.702582715857
7.316,1239.5392101173647,,,,2577.2816547500956
7.3180000000000005,1239.2656614520852,,,,2579.096618564583
7.32,1237.5355333616499,,,,2580.959628793636
7.322,1234.4053800390254,,,,2582.690183238964
7.324,1230.3039786391864,,,,2584.132853275288
7.3260000000000005,1225.9437520586641,,,,2585.1674518167206
7.328,1221.9928039700033,,,,2585.7158531141445
7.33,1218.9091958255185,,,,2585.747544415666
7.332,1216.802389866362,,,,2585.2827534978856
7.3340000000000005,1215.5631115526446,,,,2584.390164720438
7.336,1214.9609540463748,,,,2583.1769047595817
7.338,1214.7747854525721,,,,2581.77135877171
7.34,1214.9992791426503,,,,2580.3031951450907
7.3420000000000005,1215.9073811581386,,,,2578.887496487073
7.344,1217.8833823700536,,,,2577.6184156799222
7.346,1221.218183511273,,,,2576.5718923635823
7.348,1225.9072879424716,,,,2575.8106416144715
7.3500000000000005,1231.5541525843082,,,,2575.383246347336
7.352,1237.6091826920078,,,,2575.3141661148034
7.354,1243.514527918761,,,,2575.5889068737397
7.356,1248.9315528978495,,,,2576.143115153524
7.3580000000000005,1253.840529333836,,,,2576.863525436966
7.36,1258.500817289351,,,,2577.603793246458
7.362,1263.2316397600239,,,,2578.21207715491
7.364,1268.1173473506738,,,,2578.562024150581
7.3660000000000005,1272.8660610561935,,,,2578.5763523801575
7.368,1276.9148900175057,,,,2578.2343319460656
7.37,1279.686954276435,,,,2577.5612857896676
7.372,1280.8545230919829,,,,2576.606537383595
7.3740000000000006,1280.613873394939,,,,2575.421203398084
7.376,1279.5361298794187,,,,2574.046205924724
7.378,1278.4227066612623,,,,2572.5150328593527
7.38,1277.9751498914284,,,,2570.868457848013
7.382000000000001,1278.5534776190589,,,,2569.172685582228
7.384,1280.106077648793,,,,2567.5302395939766
7.386,1282.2083938378125,,,,2566.075485608629
7.388,1284.350720160022,,,,2564.953236484485
7.390000000000001,1286.1024795072437,,,,2564.2862667512863
7.392,1287.2326632862555,,,,2564.142013679798
7.394,1287.580019778786,,,,2564.508751624752
7.396,1286.8540855610875,,,,2565.2884940262375
7.398000000000001,1284.558106801899,,,,2566.309664035008
7.4,1279.8811931864777,,,,2567.3576045229343
7.402,1272.1010540719024,,,,2568.2157179514847
7.404,1260.569161623957,,,,2568.706359739858
7.406000000000001,1244.9471840915398,,,,2568.7206913722007
7.408,1225.4523692027437,,,,2568.230954209918
7.41,1202.910141579146,,,,2567.2850905347404
7.412,1178.3765293270035,,,,2565.988953978895
7.414000000000001,1153.0195288660582,,,,2564.4832632332996
7.416,1127.8780091053477,,,,2562.9213046591676
7.418,1103.797386024458,,,,2561.4508657320703
7.42,1081.4750013374342,,,,2560.201306973872
7.422000000000001,1061.4408728556975,,,,2559.2749030167656
7.424,1044.2307225555421,,,,2558.7411097372
7.426,1030.3270271069198,,,,2558.632828394246
7.428,1019.9723050630876,,,,2558.9440386072797
7.43,1013.1713779298026,,,,2559.628385406168
7.432,1009.4033199395592,,,,2560.599378929417
7.434,1007.6124544235397,,,,2561.73463854459
7.436,1006.5608352924886,,,,2562.887321310832
7.438,1005.0713027636385,,,,2563.905915412564
7.44,1002.4542076433758,,,,2564.659465615066
7.442,998.6741481074978,,,,2565.061752675992
7.444,994.3907225690384,,,,2565.087217607019
7.446,990.6763316244513,,,,2564.7732081118024
7.448,988.5769489914271,,,,2564.2063958966046
7.45,988.6525281171174,,,,2563.4960655782857
7.452,990.6228628847606,,,,2562.7426546671295
7.454,993.5149113467578,,,,2562.0132115793126
7.456,995.9187590958844,,,,2561.3331956073293
7.458,996.650939112805,,,,2560.696603149428
7.46,995.3002108836872,,,,2560.0877629435345
7.462,992.7225362045435,,,,2559.5032628492795
7.464,991.0746055954439,,,,2558.9637094080153
7.466,993.4209680920617,,,,2558.5106798731813
7.468,1003.0605363308609,,,,2558.1909910185386
7.47,1022.3683526766408,,,,2558.035856171596
7.472,1052.6045266520111,,,,2558.044715207478
7.474,1093.2605202940724,,,,2558.1812555564366
7.476,1141.995722832757,,,,2558.3834386108183
7.478,1195.6075290310084,,,,2558.5831293393194
7.48,1250.3139855781578,,,,2558.7270820030617
7.482,1302.6268474377946,,,,2558.7911940397325
7.484,1349.7398874178903,,,,2558.783655819392
7.486,1389.6807970566965,,,,2558.7374730546394
7.488,1421.4789202354832,,,,2558.696255543439
7.49,1444.5724836193858,,,,2558.6982370950104
7.492,1458.9958949276577,,,,2558.7629062813085
7.494,1465.5220725989755,,,,2558.8834353858556
7.496,1465.2108312535313,,,,2559.0268304701453
7.498,1459.6553363524629,,,,2559.1423817723207
7.5,1450.789455331043,,,,2559.177121844497
7.502,1440.398823090765,,,,2559.0942320325557
7.5040000000000004,1430.0168025140395,,,,2558.8876444320395
7.506,1420.6296078504029,,,,2558.58591139718
7.508,1412.6704460381463,,,,2558.24240650523
7.51,1406.1173030771183,,,,2557.9154887434247
7.5120000000000005,1400.6838983379002,,,,2557.6471177285976
7.514,1396.0955560498303,,,,2557.4482383505197
7.516,1392.1570855546645,,,,2557.294871636995
7.518,1388.7742127469928,,,,2557.1340229668326
7.5200000000000005,1385.9487077689546,,,,2556.8960368316702
7.522,1383.7033615645937,,,,2556.509865311841
7.524,1382.0205274516688,,,,2555.918292091274
7.526,1380.840437930631,,,,2555.090257119772
7.5280000000000005,1380.0257236594834,,,,2554.027377470418
7.53,1379.3572413040745,,,,2552.762711889581
7.532,1378.5327786575936,,,,2551.3520331458817
7.534,1377.142367583361,,,,2549.8606971240747
7.5360000000000005,1374.7387866483223,,,,2548.3516130347693
7.538,1370.889528771961,,,,2546.88007648571
7.54,1365.3275648844515,,,,2545.4979509293566
7.542,1358.0874431047457,,,,2544.2641573111064
7.5440000000000005,1349.4239226513357,,,,2543.2541422142876
7.546,1339.8221633157154,,,,2542.5606925777734
7.548,1329.88339491203,,,,2542.2821305130924
7.55,1320.1834644848557,,,,2542.4994296926975
7.5520000000000005,1311.216101231127,,,,2543.2490337949966
7.554,1303.306215801496,,,,2544.50146398901
7.556,1296.6608861531242,,,,2546.1552281695213
7.558,1291.353291557986,,,,2548.050144885086
7.5600000000000005,1287.3015738143697,,,,2549.9960611526344
7.562,1284.3302783575873,,,,2551.8066699669043
7.564,1282.104609889646,,,,2553.327460941876
7.566,1280.1448430986384,,,,2554.4514543412815
7.5680000000000005,1277.8886122173853,,,,2555.122486214333
7.57,1274.718724740254,,,,2555.3299733929134
7.572,1270.0726830756503,,,,2555.1002759903567
7.574,1263.4200275343721,,,,2554.488571778075
7.5760000000000005,1254.3386250352928,,,,2553.572693057843
7.578,1242.3604822095185,,,,2552.4480489928824
7.58,1227.8208665802495,,,,2551.221875108087
7.582,1210.6518273756535,,,,2550.005934961993
7.5840000000000005,1191.2114684297503,,,,2548.9081454501897
7.586,1169.994670928921,,,,2548.0236614709897
7.588,1147.700699645996,,,,2547.4248628952337
7.59,1125.0628131582114,,,,2547.1496411948633
7.5920000000000005,1102.7270267324548,,,,2547.18974258146
7.594,1081.1274691578694,,,,2547.4839702286754
7.596,1060.37750311835,,,,2547.9217390917443
7.598,1040.2732646952104,,,,2548.359642281027
7.6000000000000005,1020.2818636122751,,,,2548.6488065156504
7.602,999.6948827112099,,,,2548.6663682869817
7.604,977.7714914344283,,,,2548.34206350224
7.606,954.0190466378737,,,,2547.671316229199
7.6080000000000005,928.4114303017534,,,,2546.709809589304
7.61,901.4531558485276,,,,2545.551095859044
7.612,874.2824664538239,,,,2544.2957889700033
7.614,848.4451581217601,,,,2543.0243503452384
7.6160000000000005,825.7528162406445,,,,2541.7833357357154
7.618,807.892864370109,,,,2540.588508751283
7.62,796.1293903846367,,,,2539.4409505625204
7.622,791.405932356234,,,,2538.347483493969
7.6240000000000006,793.9510719058314,,,,2537.3357690355156
7.626,803.465909945657,,,,2536.4572771508188
7.628,819.5268140440796,,,,2535.777025620398
7.63,841.3782924224416,,,,2535.3550589702554
7.632000000000001,868.2106797776336,,,,2535.2277204713396
7.634,899.3468832907507,,,,2535.3954559137505
7.636,933.9237366014545,,,,2535.8199634273237
7.638,970.9159695064133,,,,2536.4300556269022
7.640000000000001,1009.1109275421002,,,,2537.1341708542386
7.642,1047.0160673491155,,,,2537.8370440056583
7.644,1083.1109707728745,,,,2538.4569603816476
7.646,1115.959388362455,,,,2538.9385985534345
7.648000000000001,1144.5679382037124,,,,2539.2569676587327
7.65,1168.5212859034673,,,,2539.411490713522
7.652,1187.7769368975419,,,,2539.4139758859046
7.654,1202.7673399632622,,,,2539.2770739405223
7.656000000000001,1214.0772037659153,,,,2539.00937831289
7.658,1222.1494913370407,,,,2538.6196842933637
7.66,1227.410197111508,,,,2538.127452211914
7.662,1230.224917153889,,,,2537.5723261989106
7.664000000000001,1230.8962740493573,,,,2537.015689293387
7.666,1229.810915460669,,,,2536.5316832618905
7.668,1227.3100036781107,,,,2536.190893136306
7.67,1223.5284678490232,,,,2536.0435272013074
7.672000000000001,1218.3785106604068,,,,2536.108494069641
7.674,1211.5362547355946,,,,2536.37101207988
7.676,1202.4620497157352,,,,2536.7873779387014
7.678,1190.626324829245,,,,2537.2939412078385
7.68,1175.5936715342075,,,,2537.817820804625
7.682,1156.9185987186565,,,,2538.2875651157806
7.684,1134.3164006781058,,,,2538.6422280753304
7.686,1107.6264150655952,,,,2538.8375523460195
7.688,1076.7414915203108,,,,2538.8480311464455
7.69,1041.9956014551603,,,,2538.6639028644618
7.692,1004.2310862446939,,,,2538.283493097354
7.694,964.7836779251585,,,,2537.703792433518
7.696,925.5205989405533,,,,2536.9144428437794
7.698,888.415494898871,,,,2535.9002554941385
7.7,855.3088437031103,,,,2534.653790929061
7.702,827.3975191625522,,,,2533.1941201734558
7.704,805.0226834699993,,,,2531.58377343975
7.706,787.8692258913765,,,,2529.934883023016
7.708,774.8371562450143,,,,2528.398408496901
7.71,764.5093292213877,,,,2527.1368857689095
7.712,755.5642151956121,,,,2526.2888189964115
7.714,746.9519728765314,,,,2525.9376346350696
7.716,738.1406306209259,,,,2526.0970336737732
7.718,729.0987996887746,,,,2526.7173908632208
7.72,720.199746854127,,,,2527.7080852853396
7.722,712.0149147892221,,,,2528.9639828061145
7.724,705.1655572320967,,,,2530.384264163991
7.726,700.1245404225278,,,,2531.8774315290593
7.728,697.1443605498549,,,,2533.354034315686
7.73,696.3645372819506,,,,2534.7148738447668
7.732,697.7951725646891,,,,2535.84453235257
7.734,701.4957888735772,,,,2536.6170220427994
7.736,707.8076453676944,,,,2536.9138205396666
7.738,717.3292509513135,,,,2536.64827282825
7.74,730.9395303488146,,,,2535.7876770748067
7.742,749.8803089690382,,,,2534.3660805850127
7.744,775.3053129482232,,,,2532.4846825436925
7.746,808.0214347057937,,,,2530.300031254789
7.748,848.4755626482837,,,,2528.0024323767075
7.75,896.0932093340081,,,,2525.789150184929
7.752,949.34503827997,,,,2523.8386191779273
7.7540000000000004,1005.988085291392,,,,2522.2912052634883
7.756,1063.0742917925982,,,,2521.2389956643874
7.758,1118.6770664573125,,,,2520.7237543765946
7.76,1167.7974128591193,,,,2520.74035225539
7.7620000000000005,1209.7457515439014,,,,2521.2429793421256
7.764,1243.5851593803382,,,,2522.152499788577
7.766,1268.9262149384015,,,,2523.364318066736
7.768,1286.2977651057706,,,,2524.7566997902222
7.7700000000000005,1296.403425023329,,,,2526.1998934944386
7.772,1299.85613062128,,,,2527.566394159753
7.774,1297.5922602520166,,,,2528.742009723371
7.776,1290.4933865425821,,,,2529.6367753167133
7.7780000000000005,1279.3683365004324,,,,2530.194825792419
7.78,1265.1485197430557,,,,2530.402472609028
7.782,1248.4784640535029,,,,2530.293034387849
7.784,1229.5867654835747,,,,2529.9456794659513
7.7860000000000005,1208.4179196753432,,,,2529.475202909761
7.788,1184.6413887411957,,,,2529.0116196739973
7.79,1157.7815422268156,,,,2528.6722005391825
7.792,1127.628516568604,,,,2528.532194955717
7.7940000000000005,1094.198592079849,,,,2528.6024822290997
7.796,1057.7051573889944,,,,2528.822186782323
7.798,1018.7586881629541,,,,2529.071370529882
7.8,978.143521867843,,,,2529.203023949597
7.8020000000000005,936.8432412474991,,,,2529.086229210231
7.804,896.0897124732896,,,,2528.6469739438776
7.806,857.2247135231172,,,,2527.8926479398733
7.808,821.7285795761906,,,,2526.9114125865735
7.8100000000000005,790.7884617582179,,,,2525.846685110831
7.812,765.2141862791981,,,,2524.8563470334284
7.814,745.4416108729732,,,,2524.0717311376984
7.816,731.0501971616585,,,,2523.570351064316
7.8180000000000005,721.1602900003026,,,,2523.369256473582
7.82,714.621711654555,,,,2523.4362635343173
7.822,710.0141048041637,,,,2523.7090301105936
7.824,706.1449642564132,,,,2524.1108284614475
7.8260000000000005,702.1837813533848,,,,2524.5571332987074
7.828,697.8055291674452,,,,2524.9550938344632
7.83,693.212406752499,,,,2525.2033589960765
7.832,689.0632051869948,,,,2525.1993410551368
7.8340000000000005,686.2926913686065,,,,2524.8556688084645
7.836,685.8893992935168,,,,2524.1212306882444
7.838,688.8095440697472,,,,2522.9988387843678
7.84,695.5562494624611,,,,2521.5525920343316
7.8420000000000005,706.2160091159931,,,,2519.902050760093
7.844,720.4932359331505,,,,2518.2049099311885
7.846,737.4803185339297,,,,2516.6330197440057
7.848,756.0068703082884,,,,2515.3472337761646
7.8500000000000005,774.7383256844751,,,,2514.4749226626714
7.852,792.3440368956536,,,,2514.0917784528087
7.854,807.7307326157861,,,,2514.2086699728607
7.856,820.0140175987049,,,,2514.7654059492875
7.8580000000000005,828.7673889319398,,,,2515.634852054116
7.86,833.8232857095405,,,,2516.640424578931
7.862,835.0942914845322,,,,2517.5865269827104
7.864,832.7576157903778,,,,2518.296320665819
7.8660000000000005,827.0010650935461,,,,2518.646697237508
7.868,817.9888630038056,,,,2518.5890260900733
7.87,806.1566427450114,,,,2518.1481292877324
7.872,792.0883065329641,,,,2517.400353472077
7.8740000000000006,776.5627342528184,,,,2516.4406161789625
7.876,760.6358098165356,,,,2515.352758197224
7.878,745.4252879299789,,,,2514.1947322502697
7.88,732.0948106220306,,,,2513.001879319807
7.882000000000001,721.5950124129175,,,,2511.80256765553
7.884,714.6191590396975,,,,2510.635249172112
7.886,711.65934002724,,,,2509.5565131932026
7.888,712.685638202331,,,,2508.635146933714
7.890000000000001,717.3690543871948,,,,2507.9345712427803
7.892,725.1498976607548,,,,2507.4917253691688
7.894,735.0501383276969,,,,2507.302148049583
7.896,745.9345873987123,,,,2507.318323770722
7.898000000000001,756.4978438847753,,,,2507.462623812571
7.9,765.3695010787886,,,,2507.649773963146
7.902,771.2676881401674,,,,2507.8097947080655
7.904,772.9609913460984,,,,2507.902928625163
7.906000000000001,769.7020400849906,,,,2507.922686286178
7.908,761.1497341045152,,,,2507.8889553953686
7.91,747.3160288797845,,,,2507.836886189567
7.912,728.9611120953352,,,,2507.8072599027946
7.914000000000001,707.2145312110248,,,,2507.8410374225455
7.916,676.2639668700194,,,,2507.977327147316
7.918,652.5726614535683,,,,2508.2522347272275
7.92,630.8832219289516,,,,2508.6963197304885
7.922000000000001,612.9560578979765,,,,2509.3299549375483
7.924,600.2395227237262,,,,2510.1577335623147
7.926,593.9322574261245,,,,2511.163979190339
7.928,595.1359915526676,,,,2512.31077607946
7.930000000000001,604.2413376217436,,,,2513.538507873811
7.932,621.2342742285003,,,,2514.7679987665365
7.934,645.9300035718544,,,,2515.9037626208865
7.936,676.9929163480783,,,,2516.839338645245
7.938,712.6113296896489,,,,2517.4669715011887
7.94,750.2598700103972,,,,2517.693336496952
7.942,787.4646298741935,,,,2517.4598311198056
7.944,821.5442001914884,,,,2516.7613000673523
7.946,849.7671615872151,,,,2515.6542025562376
7.948,870.2432353876206,,,,2514.2477384458
7.95,881.665271213277,,,,2512.6795139561245
7.952,883.2148171758924,,,,2511.0860445287576
7.954,875.4286051353386,,,,2509.5812460745256
7.956,859.1608310742014,,,,2508.250583623331
7.958,835.531418925115,,,,2507.158462176584
7.96,806.4147420502045,,,,2506.358561509569
7.962,773.6600590889212,,,,2505.895994278845
7.964,739.339385670482,,,,2505.796321742687
7.966,705.8229340227083,,,,2506.0454287773587
7.968,675.5230002495816,,,,2506.571180736217
7.97,651.1189746609643,,,,2507.2393733249196
7.972,634.7618510078191,,,,2507.871398095341
7.974,628.281381638142,,,,2508.2808991049915
7.976,633.1656425028149,,,,2508.316791659718
7.978,649.2556843601476,,,,2507.896393760575
7.98,675.6034418024421,,,,2507.0173556027053
7.982,710.270983284104,,,,2505.7475390228756
7.984,749.7148322072146,,,,2504.2017702367916
7.986,789.9064263094458,,,,2502.518019380309
7.988,826.2050300264231,,,,2500.841745523035
7.99,854.4041794317676,,,,2499.3190214326705
7.992,871.1283297052233,,,,2498.0918919649484
7.994,873.9302427286866,,,,2497.2879275036717
7.996,862.9542396488459,,,,2497.0015029873502
7.998,839.6508593923973,,,,2497.2731717191305
8.0,806.6147642402375,,,,2498.0785928704795
8.002,767.8193565267147,,,,2499.3352100640004
8.004,727.0107402021033,,,,2500.9250548151163
8.006,687.6866841135882,,,,2502.722469705295
8.008000000000001,652.4854665659233,,,,2504.612815283472
8.01,623.1005104815883,,,,2506.494001733868
8.012,600.5490020896946,,,,2508.263230623408
8.014,584.6808379046352,,,,2509.800803618166
8.016,575.043146058987,,,,2510.9660615007133
8.018,571.0968884862315,,,,2511.6147202769603
8.02,571.9674013716601,,,,2511.6342477256603
8.022,577.1300891979693,,,,2510.9818359898472
8.024000000000001,586.408195083371,,,,2509.7060889720024
8.026,599.5945395369449,,,,2507.941410978384
8.028,616.6949828464639,,,,2505.8780343257627
8.03,637.7411133630756,,,,2503.72158769123
8.032,662.241695896944,,,,2501.6581647312696
8.034,689.3830677635706,,,,2499.8346421087676
8.036,717.8083140202464,,,,2498.3545879750186
8.038,745.5435893478085,,,,2497.282897879873
8.040000000000001,770.3289048074802,,,,2496.6505132261013
8.042,789.579325414529,,,,2496.4544308733552
8.044,801.3059101211486,,,,2496.6547310052433
8.046,804.0414322972683,,,,2497.1748363039214
8.048,796.9171612278029,,,,2497.9105160234467
8.05,780.6859150215939,,,,2498.7479379135293
8.052,756.7276568008297,,,,2499.584909419242
8.054,727.008321708476,,,,2500.346324214769
8.056000000000001,694.2465418956156,,,,2500.9869862558385
8.058,661.0384624119826,,,,2501.481527043233
8.06,630.0029009766697,,,,2501.8082652147523
8.062,603.3696890898008,,,,2501.937275223658
8.064,583.0412806698198,,,,2501.8303499764056
8.066,570.8361507553801,,,,2501.452983750526
8.068,567.6892452832036,,,,2500.7904915509234
8.07,574.3031328344399,,,,2499.857593104026
8.072000000000001,591.1670703198909,,,,2498.695378386439
8.074,617.5194974360236,,,,2497.35814441171
8.076,652.1690447349539,,,,2495.8992509537497
8.078,693.2262806747299,,,,2494.3656544770884
8.08,737.5607583907591,,,,2492.8047871234344
8.082,781.5876427578705,,,,2491.2787351093725
8.084,821.0316310605274,,,,2489.8749884049726
8.086,851.8804810723503,,,,2488.7041461358904
8.088000000000001,870.6515831656358,,,,2487.881995334257
8.09,874.5055765549173,,,,2487.5017422240276
8.092,863.1431358555244,,,,2487.6070255670993
8.094,837.6634013610272,,,,2488.1757330564787
8.096,800.5913551166111,,,,2489.120003484238
8.098,756.4518672021196,,,,2490.3020230280054
8.1,710.0214396072485,,,,2491.5606633635552
8.102,665.8813516442372,,,,2492.741728045758
8.104000000000001,630.0029937882065,,,,2493.72442072422
8.106,604.0955207812202,,,,2494.4379418565454
8.108,592.4143138068542,,,,2494.8646785994224
8.11,594.7122736653344,,,,2495.030303847659
8.112,610.7813006914866,,,,2494.985139712918
8.114,639.130307888923,,,,2494.7836135049447
8.116,677.0167661181664,,,,2494.4687199695773
8.118,718.775601810692,,,,2494.0662047272936
8.120000000000001,760.1394989575783,,,,2493.5891919010796
8.122,796.0485424194209,,,,2493.0494471812403
8.124,821.8412569912225,,,,2492.4683836669387
8.126,833.5550150117283,,,,2491.880985350349
8.128,829.3758919742944,,,,2491.32934803698
8.13,808.9182801936382,,,,2490.8478571914284
8.132,773.5247639222051,,,,2490.4462723983797
8.134,726.7661594306891,,,,2490.0982898947523
8.136000000000001,672.8981470179206,,,,2489.7418439655166
8.138,616.8776114484469,,,,2489.294230164945
8.14,563.7027159100292,,,,2488.6799041083955
8.142,517.7627167421368,,,,2487.862465595014
8.144,482.72241616380944,,,,2486.8682406088483
8.146,460.44776390014283,,,,2485.790239179574
8.148,451.64515610219627,,,,2484.768263713745
8.15,455.7013208862125,,,,2483.9504521246713
8.152000000000001,470.22526832133263,,,,2483.4490850399134
8.154,492.3584659228095,,,,2483.305897196452
8.156,518.8124965099345,,,,2483.478744937466
8.158,546.2504619528547,,,,2483.8537477996756
8.16,571.9613074713054,,,,2484.2780560070514
8.162,593.8543892740073,,,,2484.6019447022536
8.164,610.8584658105904,,,,2484.717279135585
8.166,622.5862204520786,,,,2484.5821327729705
8.168000000000001,629.2404266579977,,,,2484.2263072521127
8.17,631.6759861081867,,,,2483.7377317752657
8.172,630.8114561980852,,,,2483.2344594349893
8.174,627.584043072955,,,,2482.8308135689954
8.176,622.8873998866566,,,,2482.6079844744945
8.178,617.3323431260106,,,,2482.597720522036
8.18,611.3170544925483,,,,2482.7829291317144
8.182,605.0717344274266,,,,2483.113089555941
8.184000000000001,598.7065718746106,,,,2483.5275849815057
8.186,592.3218223909674,,,,2483.977500532235
8.188,586.0958802120291,,,,2484.4369472064977
8.19,580.3603178045164,,,,2484.899263750765
8.192,575.6834426953225,,,,2485.3604200602726
8.194,572.8154552513644,,,,2485.798500374165
8.196,572.7413399134491,,,,2486.1610404945673
8.198,576.6586927191636,,,,2486.369318640768
8.2,585.5840774867652,,,,2486.34091810407
8.202,600.4544869037292,,,,2486.022328588508
8.204,621.8869472510652,,,,2485.416802079225
8.206,649.5774691658874,,,,2484.592820415084
8.208,682.6024637148238,,,,2483.666284503216
8.21,719.1270492642043,,,,2482.762028744116
8.212,756.3371448464366,,,,2481.9710976378456
8.214,790.9137945393196,,,,2481.322972102653
8.216,819.1295713914939,,,,2480.7847978044174
8.218,837.8713520750804,,,,2480.286568423023
8.22,844.7441015048579,,,,2479.7591607723734
8.222,838.5512327875667,,,,2479.1672562306726
8.224,820.3347019444221,,,,2478.5233967954196
8.226,792.3843397906561,,,,2477.8796602237594
8.228,758.3178252420126,,,,2477.304158483359
8.23,722.7040028626685,,,,2476.855539709524
8.232,689.9843463036665,,,,2476.567105964193
8.234,664.2634498851232,,,,2476.4445214705333
8.236,648.2614071658579,,,,2476.472638085346
8.238,643.5238870420729,,,,2476.623238414578
8.24,650.2354371345646,,,,2476.8584529212626
8.242,666.6326100641759,,,,2477.1313125669567
8.244,690.059269990791,,,,2477.389577564398
8.246,716.920883567252,,,,2477.5875166945575
8.248,743.1136463436839,,,,2477.7036508930773
8.25,764.7752638022513,,,,2477.755716258108
8.252,778.463598810864,,,,2477.802496296681
8.254,782.1235060499141,,,,2477.927646592861
8.256,774.6976187663125,,,,2478.2103865755357
8.258000000000001,756.2215785733758,,,,2478.6958316243336
8.26,728.2494634127996,,,,2479.3785118191245
8.262,692.7808460233983,,,,2480.205639194433
8.264,652.3181012036646,,,,2481.09610273521
8.266,609.7731951659392,,,,2481.9632397866
8.268,567.9188421059521,,,,2482.7289470817263
8.27,529.5121393080838,,,,2483.3239651529016
8.272,496.8493661588813,,,,2483.6795795055286
8.274000000000001,471.8796620292664,,,,2483.7227895475507
8.276,456.104293742877,,,,2483.385495239771
8.278,449.86291119627333,,,,2482.628941759566
8.28,452.90586680048204,,,,2481.473449424355
8.282,464.20863765843785,,,,2480.0177162818813
8.284,482.04754359713934,,,,2478.4350058746522
8.286,503.34712346462356,,,,2476.9429328907277
8.288,527.0533242664422,,,,2475.7543118869003
8.290000000000001,550.3497150987678,,,,2475.0241259546374
8.292,572.6289368781227,,,,2474.8093493185893
8.294,592.9797596113613,,,,2475.0538058051675
8.296,611.959537223721,,,,2475.601827016976
8.298,629.3200315639165,,,,2476.2358437546486
8.3,646.2279509873016,,,,2476.727017077436
8.302,663.4095981646411,,,,2476.8857075642245
8.304,681.2939797043996,,,,2476.5997439792163
8.306000000000001,699.8343712661068,,,,2475.8520959808707
8.308,723.8668015031893,,,,2474.7147319078404
8.31,740.8245464580266,,,,2473.32142123174
8.312,754.7978603339783,,,,2471.827823370003
8.314,764.342139807102,,,,2470.3707926779252
8.316,768.1479587796122,,,,2469.0390890892127
8.318,765.383206027923,,,,2467.863899634269
8.32,755.9842786105165,,,,2466.8304127736765
8.322000000000001,740.2956830373726,,,,2465.903689732662
8.324,719.2245713004991,,,,2465.056739191641
8.326,694.1162337978941,,,,2464.2888070528766
8.328,666.32887689159,,,,2463.6275755609067
8.33,637.2862785199426,,,,2463.116775630446
8.332,608.3329899594055,,,,2462.7962317468136
8.334,580.6910106258182,,,,2462.6828173638796
8.336,555.5056508375117,,,,2462.759092343026
8.338000000000001,533.7398047891048,,,,2462.9729545979217
8.34,516.32290801667,,,,2463.247787545516
8.342,503.99082981820646,,,,2463.4995329344633
8.344,497.0526933591921,,,,2463.655556163235
8.346,495.5790389847094,,,,2463.670279276706
8.348,499.1448154648814,,,,2463.5341840734254
8.35,506.79623929975446,,,,2463.2753067827975
8.352,517.4334654903824,,,,2462.954544212026
8.354000000000001,529.8490053456867,,,,2462.656788582953
8.356,543.0190367172902,,,,2462.4792672307053
8.358,556.373634519656,,,,2462.5179730914447
8.36,569.8727133497838,,,,2462.8536378267872
8.362,584.0030190157207,,,,2463.5395875749036
8.364,599.6659291912323,,,,2464.59366479565
8.366,617.9495495561192,,,,2465.994673373617
8.368,639.7261175029831,,,,2467.6818137470436
8.370000000000001,665.5207636781109,,,,2469.555436287983
8.372,695.1313361045085,,,,2471.4794534250354
8.374,727.4108935713704,,,,2473.288086917976
8.376,760.4262300169814,,,,2474.8003847342093
8.378,791.4399903497804,,,,2475.84417068182
8.38,817.4123609364431,,,,2476.2869671087205
8.382,835.2074274836484,,,,2476.0666739058966
8.384,842.1290833650988,,,,2475.2118818958825
8.386000000000001,836.6503137143038,,,,2473.8424139307076
8.388,817.9802536225511,,,,2472.145741287901
8.39,786.5375694205375,,,,2470.333569880274
8.392,744.0382642690147,,,,2468.5918280594256
8.394,692.6527715515203,,,,2467.041673123006
8.396,635.2803755030794,,,,2465.7256926636383
8.398,575.3043370557699,,,,2464.622944185877
8.4,516.2319778647984,,,,2463.6838212459566
8.402000000000001,461.7504943271809,,,,2462.8676069522417
8.404,415.2211870924516,,,,2462.1659346738275
8.406,379.78214740730465,,,,2461.603302470372
8.408,357.83109407427503,,,,2461.2171432489663
8.41,350.3291038658645,,,,2461.029630541812
8.412,357.37287494981956,,,,2461.0266839805995
8.414,377.6505631955181,,,,2461.15442406961
8.416,408.5106088491292,,,,2461.3324880388336
8.418000000000001,447.0164229204108,,,,2461.4741092374634
8.42,489.94890366424767,,,,2461.5009649415188
8.422,534.3398496601866,,,,2461.3473370528563
8.424,577.869734404173,,,,2460.9577093849402
8.426,618.829595564542,,,,2460.287239402634
8.428,656.2083072884443,,,,2459.312023080434
8.43,689.3381697458086,,,,2458.0477110330394
8.432,717.7955550705443,,,,2456.566358309909
8.434000000000001,741.3354686073418,,,,2454.9984594586176
8.436,759.5294862737279,,,,2453.513079715237
8.438,771.9321102040894,,,,2452.280961601934
8.44,778.2933964765674,,,,2451.4356264664057
8.442,778.3620613082644,,,,2451.048744294158
8.444,772.2127683630757,,,,2451.1276167307647
8.446,760.3946007285803,,,,2451.630366754793
8.448,743.566219719627,,,,2452.4860691964127
8.45,722.6151508587906,,,,2453.6071005438225
8.452,698.5440378795463,,,,2454.888952987088
8.454,672.1725379775366,,,,2456.2036917668775
8.456,644.226381845284,,,,2457.399908060768
8.458,615.3381130786736,,,,2458.319369668414
8.46,586.0653813707183,,,,2458.8297810956665
8.462,557.0565236393185,,,,2458.8611670956907
8.464,529.1034707281095,,,,2458.4282586050235
8.466,502.8370499784424,,,,2457.6261767287233
8.468,480.6400228258071,,,,2456.5989455487415
8.47,462.20489229607756,,,,2455.493478871798
8.472,449.8090805055284,,,,2454.418833138389
8.474,443.39236517131496,,,,2453.4276983900218
8.476,443.15060400512135,,,,2452.5256362216824
8.478,448.61547277820017,,,,2451.6996834633883
8.48,458.43487561564564,,,,2450.9491380644863
8.482,470.90087726189734,,,,2450.3021935946326
8.484,484.2193094838458,,,,2449.811480420035
8.486,496.72956298235,,,,2449.533265649543
8.488,507.2987536382732,,,,2449.5022335519716
8.49,515.3827315204318,,,,2449.713741768333
8.492,521.1717239254006,,,,2450.120106616189
8.494,525.4061620409483,,,,2450.6405020132934
8.496,529.0958978659371,,,,2451.178860446212
8.498,533.2966440486981,,,,2451.6427383055534
8.5,538.78347781484,,,,2451.95828771212
8.502,545.9644269725276,,,,2452.080110014354
8.504,554.7627567419447,,,,2451.9970274773837
8.506,564.7249683659794,,,,2451.7343104368756
8.508000000000001,575.1913461972895,,,,2451.3508851459405
8.51,585.4036681968518,,,,2450.9291551538604
8.512,594.7024938615278,,,,2450.556918429481
8.514,602.5787552713525,,,,2450.304800653909
8.516,608.7944243753243,,,,2450.206192951228
8.518,613.3816051735997,,,,2450.2473946597656
8.52,616.5516288535467,,,,2450.372832253431
8.522,618.7216243347132,,,,2450.505007306887
8.524000000000001,620.3879239355217,,,,2450.573064953917
8.526,622.0423846201514,,,,2450.539688156112
8.528,624.1179728563008,,,,2450.415622812403
8.53,626.9091342835734,,,,2450.2555575601014
8.532,630.5773792340899,,,,2450.136805272988
8.534,635.1013010508766,,,,2450.129660933709
8.536,640.3094538649265,,,,2450.271911130723
8.538,645.9296592898521,,,,2450.558056230104
8.540000000000001,651.5836350577578,,,,2450.946938381984
8.542,656.8308602212956,,,,2451.382517687236
8.544,661.1303905283302,,,,2451.816099426255
8.546,663.8471055030207,,,,2452.2180439673807
8.548,664.2534827588591,,,,2452.5730554291754
8.55,661.4249684688494,,,,2452.8624799752624
8.552,654.4320177847454,,,,2453.0449051012833
8.554,642.4461949217164,,,,2453.048315847663
8.556000000000001,624.6913321111023,,,,2452.7817090973917
8.558,600.928992642322,,,,2452.1641536620855
8.56,571.5611747121102,,,,2451.1599948679705
8.562,537.5884018986994,,,,2449.804854706974
8.564,500.96786045870294,,,,2448.2101231406505
8.566,464.3399491355549,,,,2446.5423403015157
8.568,430.88487453515785,,,,2444.984367640058
8.57,403.89053803430346,,,,2443.692621440608
8.572000000000001,386.1360523573529,,,,2442.7651618287364
8.574,379.83147183317107,,,,2442.2291364331686
8.576,385.6826813020468,,,,2442.0470579173902
8.578,402.90417850547493,,,,2442.1348490811206
8.58,429.73931851934987,,,,2442.3834506670937
8.582,463.21725343366836,,,,2442.6791885708426
8.584,499.9796093241699,,,,2442.922081167517
8.586,536.7773331842653,,,,2443.0420027307873
8.588000000000001,570.7402230486352,,,,2443.010027570674
8.59,599.7836957474303,,,,2442.839893992856
8.592,622.4403280955311,,,,2442.5758945698985
8.594,638.122844465439,,,,2442.2691627697154
8.596,646.9195435971038,,,,2441.9512662291336
8.598,649.1670828639533,,,,2441.6174518164416
8.6,645.6483922849002,,,,2441.228613022352
8.602,637.2871069090578,,,,2440.7319803288174
8.604000000000001,624.9017289866717,,,,2440.0905721396794
8.606,609.4083224205531,,,,2439.3066310816002
8.608,591.6927004023844,,,,2438.4275159255626
8.61,572.5832596571018,,,,2437.531636918333
8.612,552.9814142531812,,,,2436.7018957749615
8.614,533.7832661899092,,,,2435.9998075207723
8.616,515.8853681710686,,,,2435.452353689316
8.618,500.0621387988185,,,,2435.056501795128
8.620000000000001,486.834279509457,,,,2434.7971027028666
8.622,476.48405720700254,,,,2434.6671993918508
8.624,468.8670052685037,,,,2434.6789178674185
8.626,463.52607956046086,,,,2434.858282323097
8.628,459.9036795245251,,,,2435.225627805996
8.63,457.40838024126543,,,,2435.7707507435593
8.632,455.63191700824615,,,,2436.4351739552335
8.634,454.433760041328,,,,2437.1114436420276
8.636000000000001,453.873274083705,,,,2437.6625174616092
8.638,454.0942614819325,,,,2437.956213374579
8.64,455.1949296667837,,,,2437.9035855751913
8.642,457.06992817522104,,,,2437.4882585074874
8.644,459.29708224250254,,,,2436.776752339697
8.646,461.41656077981264,,,,2435.9061700644047
8.648,462.74140402404805,,,,2435.0528030940773
8.65,462.87176649215337,,,,2434.390941210842
8.652000000000001,461.51893003621836,,,,2434.053724554562
8.654,458.8156796298217,,,,2434.106450690147
8.656,455.0502300489444,,,,2434.537897474077
8.658,450.7999970679344,,,,2435.2689762990713
8.66,446.62358312796437,,,,2436.173177916385
8.662,443.0460438761439,,,,2437.101752258154
8.664,440.5487044934207,,,,2437.9081720155377
8.666,439.5049714366998,,,,2438.469066581091
8.668000000000001,440.2616486487576,,,,2438.70033275248
8.67,443.242609863042,,,,2438.567163906973
8.672,448.7973755199801,,,,2438.0864116752655
8.674,457.2578022966198,,,,2437.3201719585054
8.676,468.9264804605982,,,,2436.3613782248303
8.678,483.73619866797145,,,,2435.315093375327
8.68,501.3465896724469,,,,2434.2814552229715
8.682,521.1521888966557,,,,2433.3457246229664
8.684000000000001,542.1766669547832,,,,2432.5766298713656
8.686,563.3395308599511,,,,2432.028208901598
8.688,583.4821346871659,,,,2431.7373763991054
8.69,601.5316175206779,,,,2431.71283936941
8.692,616.5539510470633,,,,2431.919056238615
8.694,627.6450316254128,,,,2432.266051563068
8.696,634.2226802239933,,,,2432.616446039463
8.698,635.8521194043908,,,,2432.8135925496586
8.700000000000001,632.1337978879004,,,,2432.7235114074438
8.702,623.1223413516823,,,,2432.2750898352074
8.704,609.0882017213074,,,,2431.482275081648
8.706,590.5026035548435,,,,2430.4392328731838
8.708,568.4082703632089,,,,2429.29114927406
8.71,544.1267456454689,,,,2428.193555320754
8.712,519.268485636921,,,,2427.2767271100747
8.714,495.640484959865,,,,2426.627431965951
8.716,474.9160996964595,,,,2426.2907275219136
8.718,458.5530894462004,,,,2426.2848468765915
8.72,447.2032688068727,,,,2426.6171428252155
8.722,440.7402824557367,,,,2427.2906004995707
8.724,438.3270410517269,,,,2428.297156191672
8.726,438.30835878956805,,,,2429.6020774972408
8.728,438.8705994134432,,,,2431.1288580850646
8.73,438.34150155810335,,,,2432.7541078961467
8.732,435.6378476670375,,,,2434.316898582715
8.734,430.43751084641,,,,2435.6399023058893
8.736,423.07604701149785,,,,2436.5549083718843
8.738,414.4868041251196,,,,2436.925315517812
8.74,405.6983117836443,,,,2436.6616025067196
8.742,397.5692143070118,,,,2435.729482087826
8.744,390.52720741898855,,,,2434.152212136386
8.746,384.5860671382464,,,,2432.0082169827324
8.748,379.5704618076787,,,,2429.4243651405577
8.75,375.3599223232563,,,,2426.5650378758933
8.752,372.22803319801653,,,,2423.617087584813
8.754,371.0360002613777,,,,2420.7710330219957
8.756,373.0296632437951,,,,2418.2002995384187
8.758000000000001,379.5946738963718,,,,2416.042415640386
8.76,392.0408371501396,,,,2414.3868056659967
8.762,410.7878228803563,,,,2413.272186856782
8.764,435.43054897141207,,,,2412.693488009683
8.766,464.7918663035159,,,,2412.615079555633
8.768,496.75106711383137,,,,2412.9848953047926
8.77,528.9094433229417,,,,2413.7436583145945
8.772,558.7488820530889,,,,2414.8257843602487
8.774000000000001,584.1070103425493,,,,2416.153059678698
8.776,603.3730900520944,,,,2417.626467973555
8.778,615.3665291174563,,,,2419.123148311072
8.78,619.9038039588187,,,,2420.503613167698
8.782,617.3753118291008,,,,2421.629907256773
8.784,608.5462800399866,,,,2422.3900984493057
8.786,594.8784448818786,,,,2422.7204358946797
8.788,577.9628849226124,,,,2422.6158170460944
8.790000000000001,559.4076955544725,,,,2422.123362054862
8.792,540.7635642215965,,,,2421.3218818387345
8.794,523.1872399772266,,,,2420.2975029940735
8.796,507.40439463859644,,,,2419.12765355146
8.798,493.48902993907325,,,,2417.8802119521797
8.8,480.99412902095224,,,,2416.6249366590246
8.802,469.1117190462575,,,,2415.4465115210087
8.804,456.89601231789743,,,,2414.447753810984
8.806000000000001,443.6352402553982,,,,2413.738030439785
8.808,429.0094941935532,,,,2413.4112941965395
8.81,413.2856847706094,,,,2413.524468436515
8.812,397.1467181617849,,,,2414.086426653821
8.814,381.52229238796576,,,,2415.0612438436224
8.816,367.29563147059804,,,,2416.3812585996106
8.818,355.09258554556806,,,,2417.9610612419674
8.82,345.3037641027232,,,,2419.7055811766045
8.822000000000001,337.97943178700564,,,,2421.512066029923
8.824,333.0992360056715,,,,2423.271308862698
8.826,330.7810987501473,,,,2424.873482813031
8.828,331.1120492458226,,,,2426.2190070160013
8.83,334.2855911268256,,,,2427.229648301594
8.832,340.19319639992165,,,,2427.853836954178
8.834,348.97947355382513,,,,2428.063730635733
8.836,359.60226251419664,,,,2427.8473337482437
8.838000000000001,371.32104268636175,,,,2427.203044849352
8.84,383.0101262567718,,,,2426.1432422721346
8.842,393.6318308129944,,,,2424.707468813929
8.844,402.2546829643709,,,,2422.9776612927553
8.846,408.3436170896294,,,,2421.083298301166
8.848,411.5937790853474,,,,2419.187437381324
8.85,411.83633782356173,,,,2417.454439058494
8.852,409.26132672161117,,,,2416.0109001787387
8.854000000000001,404.1194529060715,,,,2414.9162780264633
8.856,396.76521564814925,,,,2414.1559706382955
8.858,387.857016820778,,,,2413.659584732438
8.86,378.1199837235646,,,,2413.3361971299882
8.862,368.37018728516716,,,,2413.1117158446436
8.864,359.36479933116243,,,,2412.9534746464883
8.866,351.64332221017037,,,,2412.8733443088495
8.868,345.4971198534282,,,,2412.9100488997938
8.870000000000001,340.7831808772448,,,,2413.1000038105135
8.872,337.1267897183915,,,,2413.449960146478
8.874,333.9902984158592,,,,2413.922471734947
8.876,330.784270488403,,,,2414.438623075219
8.878,327.0554559576391,,,,2414.895140173704
8.88,322.4995536585237,,,,2415.187759031074
8.882,317.0592451389143,,,,2415.2313738764497
8.884,310.81053585174277,,,,2414.970735021824
8.886000000000001,303.9106564183414,,,,2414.381444418947
8.888,296.59629724767177,,,,2413.4657330774503
8.89,289.07969935503405,,,,2412.2481457889817
8.892,281.55739881005485,,,,2410.773390942571
8.894,274.19529264013033,,,,2409.105329466314
8.896,267.11782936760926,,,,2407.3249536210533
8.898,260.41456122563864,,,,2405.5263312358065
8.9,254.08904467566094,,,,2403.8111914452807
8.902000000000001,248.0858413925638,,,,2402.2835168320403
8.904,242.29310572553067,,,,2401.0447317063185
8.906,236.55739090758811,,,,2400.1886077813265
8.908,230.75182100336275,,,,2399.794058451166
8.91,224.80475797491394,,,,2399.914347962145
8.912,218.7447918029323,,,,2400.563192067755
8.914,212.6859592854503,,,,2401.7014107579253
8.916,206.8136848233261,,,,2403.2305928446954
8.918000000000001,201.3137100824237,,,,2405.00015210929
8.92,196.3294911902536,,,,2406.8299090637224
8.922,191.94188807217515,,,,2408.543485758055
8.924,188.0978987197035,,,,2410.001912752227
8.926,184.67581856491535,,,,2411.125389920199
8.928,181.492662695486,,,,2411.8956590175967
8.93,178.31918910563672,,,,2412.340045519876
8.932,174.94321769802485,,,,2412.5062027826457
8.934000000000001,171.17332987339333,,,,2412.439602835537
8.936,166.90250650837223,,,,2412.1726456526676
8.938,162.08058992558549,,,,2411.727137428691
8.94,156.69588285087278,,,,2411.124862654578
8.942,150.80692468509633,,,,2410.3975476221676
8.944,144.47333944179613,,,,2409.589039194295
8.946,137.7577207493484,,,,2408.7478815068343
8.948,130.7668006285984,,,,2407.914567160872
8.950000000000001,123.63537011484259,,,,2407.111000450576
8.952,116.56961664763864,,,,2406.338322339444
8.954,109.84456677618302,,,,2405.5843488088085
8.956,103.78031886460849,,,,2404.836653671208
8.958,98.73912943359413,,,,2404.0947015497454
8.96,94.9625029519308,,,,2403.3754231802764
8.962,92.59623465784794,,,,2402.710375798604
8.964,91.66631494880865,,,,2402.1371662449933
8.966,91.93222510575491,,,,2401.690644657942
8.968,93.04177533772419,,,,2401.398677081974
8.97,94.53161055605955,,,,2401.2833314894197
8.972,95.87809235538883,,,,2401.363541320825
8.974,96.62763685343954,,,,2401.6533011583338
8.976,96.4087925201558,,,,2402.1525035458158
8.978,95.08288817957806,,,,2402.833941350958
8.98,92.6754685498406,,,,2403.6346934181443
8.982,,,,,2404.459314090949
8.984,,,,,2405.1964539362302
8.986,,,,,2405.7431990052823
8.988,,,,,2406.0267586422783
8.99,,,,,2406.0140263770254
8.992,,,,,2405.7056143540703
8.994,,,,,2405.11900729415
8.996,,,,,2404.271368617464
8.998,,,,,2403.172827947237
9.0,,,,,2401.8351289819448
9.002,,,,,2400.291494616616
9.004,,,,,2398.6163530842487
9.006,,,,,2396.9319212439486
9.008000000000001,,,,,2395.3938272457494
9.01,,,,,2394.1578097486768
9.012,,,,,2393.3390057103356
9.014,,,,,2392.9795450432953
9.016,,,,,2393.0371943443274
9.018,,,,,2393.399371991594
9.02,,,,,2393.917294521482
9.022,,,,,2394.448353667866
9.024000000000001,,,,,2394.8926614864354
9.026,,,,,2395.2120935029184
9.028,,,,,2395.4267620436412
9.03,,,,,2395.5926434637668
9.032,,,,,2395.7709496628186
9.034,,,,,2396.0013365328014
9.036,,,,,2396.28712405386
9.038,,,,,2396.594372207476
9.040000000000001,,,,,2396.8615629673786
9.042,,,,,2397.0148108473195
9.044,,,,,2396.9845039349343
9.046,,,,,2396.7210010260114
9.048,,,,,2396.2078556561037
9.05,,,,,2395.4709045553313
9.052,,,,,2394.581145601755
9.054,,,,,2393.6493181005803
9.056000000000001,,,,,2392.8111248081564
9.058,,,,,2392.2044378709707
9.06,,,,,2391.943021658396
9.062,,,,,2392.093563945768
9.064,,,,,2392.662286332557
9.066,,,,,2393.5938272921458
9.068,,,,,2394.780387993113
9.07,,,,,2396.076116242583
9.072000000000001,,,,,2397.312089708157
9.074,,,,,2398.3105576622884
9.076,,,,,2398.900976506861
9.078,,,,,2398.9417725374437
9.08,,,,,2398.3485595107345
9.082,,,,,2397.122734712694
9.084,,,,,2395.3685302551257
9.086,,,,,2393.286556593879
9.088000000000001,,,,,2391.139052796686
9.09,,,,,2389.193586675059
9.092,,,,,2387.6622985482713
9.094,,,,,2386.657513307479
9.096,,,,,2386.179124791602
9.098,,,,,2386.136387148375
9.1,,,,,2386.392601635226
9.102,,,,,2386.8131139647844
9.104000000000001,,,,,2387.298804011438
9.106,,,,,2387.796345050225
9.108,,,,,2388.287183476419
9.11,,,,,2388.7646720725484
9.112,,,,,2389.210911930342
9.114,,,,,2389.5822422882775
9.116,,,,,2389.8074727757585
9.118,,,,,2389.7983280629933
9.120000000000001,,,,,2389.4685029329626
9.122,,,,,2388.7564853504587
9.124,,,,,2387.64705967158
9.126,,,,,2386.185943158679
9.128,,,,,2384.481713605644
9.13,,,,,2382.6912268485758
9.132,,,,,2380.9901902426136
9.134,,,,,2379.5372241546343
9.136000000000001,,,,,2378.443457393156
9.138,,,,,2377.757650360233
9.14,,,,,2377.4698975420356
9.142,,,,,2377.529156138464
9.144,,,,,2377.865202795265
9.146,,,,,2378.4056914058356
9.148,,,,,2379.083014511815
9.15,,,,,2379.8315459746373
9.152000000000001,,,,,2380.5806568832036
9.154,,,,,2381.250442330404
9.156,,,,,2381.755248542724
9.158,,,,,2382.0161174166437
9.16,,,,,2381.9787154298992
9.162,,,,,2381.630006043912
9.164,,,,,2381.006573564839
9.166,,,,,2380.190450788841
9.168000000000001,,,,,2379.2931588188326
9.17,,,,,2378.433138081834
9.172,,,,,2377.713825667827
9.174,,,,,2377.2086396566124
9.176,,,,,2376.9559107116024
9.178,,,,,2376.9628783808616
9.18,,,,,2377.214765706183
9.182,,,,,2377.6838754477144
9.184000000000001,,,,,2378.334846916741
9.186,,,,,2379.1246502297245
9.188,,,,,2379.9983979340236
9.19,,,,,2380.8841610197705
9.192,,,,,2381.69123193957
9.194,,,,,2382.315665102196
9.196,,,,,2382.6541114238653
9.198,,,,,2382.62329759722
9.200000000000001,,,,,2382.1798728718754
9.202,,,,,2381.3345915598943
9.204,,,,,2380.155811191216
9.206,,,,,2378.75990564645
9.208,,,,,2377.2901640907758
9.21,,,,,2375.8898243073672
9.212,,,,,2374.6770976219327
9.214,,,,,2373.729314270878
9.216000000000001,,,,,2373.0802421466824
9.218,,,,,2372.7305222552427
9.22,,,,,2372.667101291551
9.222,,,,,2372.8844119075084
9.224,,,,,2373.3988036220285
9.226,,,,,2374.2491196470933
9.228,,,,,2375.480599446253
9.23,,,,,2377.1157154730527
9.232,,,,,2379.1217722850784
9.234,,,,,2381.3879692086225
9.236,,,,,2383.7225164116653
9.238,,,,,2385.8740831345194
9.24,,,,,2387.5735833796216
9.242,,,,,2388.5850799753516
9.244,,,,,2388.751431632497
9.246,,,,,2388.022272520121
9.248,,,,,2386.457986523011
9.25,,,,,2384.211652338002
9.252,,,,,2381.497903943192
9.254,,,,,2378.5592819360963
9.256,,,,,2375.636969286742
9.258000000000001,,,,,2372.9478491955992
9.26,,,,,2370.6671300108737
9.262,,,,,2368.916072700316
9.264,,,,,2367.755899783356
9.266,,,,,2367.189386784461
9.268,,,,,2367.1700234740583
9.27,,,,,2367.615946897535
9.272,,,,,2368.424014666554
9.274000000000001,,,,,2369.479894751471
9.276,,,,,2370.662937089311
9.278,,,,,2371.848609329177
9.28,,,,,2372.914164231502
9.282,,,,,2373.75225064921
9.284,,,,,2374.2915910322167
9.286,,,,,2374.516876782437
9.288,,,,,2374.476968518472
9.290000000000001,,,,,2374.2741344175197
9.292,,,,,2374.0355940807463
9.294,,,,,2373.8772472928654
9.296,,,,,2373.8734640327175
9.298,,,,,2374.043909978818
9.3,,,,,2374.3600704269707
9.302,,,,,2374.7650942643154
9.304,,,,,2375.195317562429
9.306000000000001,,,,,2375.5923925303264
9.308,,,,,2375.9014242777853
9.31,,,,,2376.060192133564
9.312,,,,,2375.9911022472115
9.314,,,,,2375.6058662455207
9.316,,,,,2374.8245309329727
9.318,,,,,2373.601623540142
9.32,,,,,2371.947969733963
9.322000000000001,,,,,2369.938783720927
9.324,,,,,2367.705379195235
9.326,,,,,2365.4154936872524
9.328,,,,,2363.251306298327
9.33,,,,,2361.3923780798705
9.332,,,,,2360.004695229945
9.334,,,,,2359.231836108115
9.336,,,,,2359.184063064444
9.338000000000001,,,,,2359.9251956426992
9.34,,,,,2361.46126990791
9.342,,,,,2363.73552910254
9.344,,,,,2366.6310208038576
9.346,,,,,2369.9780105983095
9.348,,,,,2373.5619080353326
9.35,,,,,2377.129841598068
9.352,,,,,2380.398969338694
9.354000000000001,,,,,2383.0730447172004
9.356,,,,,2384.87201760978
9.358,,,,,2385.572958625949
9.36,,,,,2385.053266476722
9.362,,,,,2383.322604676725
9.364,,,,,2380.5299448018136
9.366,,,,,2376.9377224544337
9.368,,,,,2372.8669121081803
9.370000000000001,,,,,2368.630781642906
9.372,,,,,2364.48258753359
9.374,,,,,2360.5971792061955
9.376,,,,,2357.0904701363756
9.378,,,,,2354.0632483692916
9.38,,,,,2351.6462040742135
9.382,,,,,2350.0249826130967
9.384,,,,,2349.4346371689267
9.386000000000001,,,,,2350.1257445972
9.388,,,,,2352.313793254864
9.39,,,,,2356.1262912924685
9.392,,,,,2361.5593438179903
9.394,,,,,2368.4510707009135
9.396,,,,,2376.476518741642
9.398,,,,,2385.1677310321456
9.4,,,,,2393.961040289488
9.402000000000001,,,,,2402.269002772949
9.404,,,,,2409.566021500108
9.406,,,,,2415.4680093717784
9.408,,,,,2419.783908468211
9.41,,,,,2422.5240820105214
9.412,,,,,2423.864552664838
9.414,,,,,2424.080467719985
9.416,,,,,2423.471473978258
9.418000000000001,,,,,2422.3022741716313
9.42,,,,,2420.7732371897973
9.422,,,,,2419.022539571046
9.424,,,,,2417.1491690763273
9.426,,,,,2415.240285067439
9.428,,,,,2413.3887095939426
9.43,,,,,2411.6945347160295
9.432,,,,,2410.2539422952814
9.434000000000001,,,,,2409.143872057883
9.436,,,,,2408.4114187662412
9.438,,,,,2408.072366231662
9.44,,,,,2408.116754679439
9.442,,,,,2408.5149805138503
9.444,,,,,2409.218485430631
9.446,,,,,2410.15386867794
9.448,,,,,2411.214737005886
9.450000000000001,,,,,2412.258283707484
9.452,,,,,2413.1124182392223
9.454,,,,,2413.595513824715
9.456,,,,,2413.5460525487315
9.458,,,,,2412.8549963340156
9.46,,,,,2411.4915488553925
9.462,,,,,2409.5145132129333
9.464,,,,,2407.0659454548127
9.466000000000001,,,,,2404.349130579634
9.468,,,,,2401.5971430892246
9.47,,,,,2399.0398857678088
9.472,,,,,2396.8757717248727
9.474,,,,,2395.250326845464
9.476,,,,,2394.2408802213604
9.478,,,,,2393.846286441194
9.48,,,,,2393.9826201659203
9.482,,,,,2394.4876334059013
9.484,,,,,2395.1367209106966
9.486,,,,,2395.6708246124263
9.488,,,,,2395.8328814287606
9.49,,,,,2395.4057604559753
9.492,,,,,2394.2430656427405
9.494,,,,,2392.2856093106398
9.496,,,,,2389.5603035324402
9.498,,,,,2386.163338059014
9.5,,,,,2382.2342794351694
9.502,,,,,2377.9305780848854
9.504,,,,,2373.4110122558395
9.506,,,,,2368.8305033229376
9.508000000000001,,,,,2364.3401869089744
9.51,,,,,2360.082674031069
9.512,,,,,2356.1776781272115
9.514,,,,,2352.703422002874
9.516,,,,,2349.6854977792163
9.518,,,,,2347.1024416591767
9.52,,,,,2344.908453689228
9.522,,,,,2343.0638462634956
9.524000000000001,,,,,2341.5583530747567
9.526,,,,,2340.414986648895
9.528,,,,,2339.6719217255545
9.53,,,,,2339.3513160086945
9.532,,,,,2339.430465683249
9.534,,,,,2339.829187874653
9.536,,,,,2340.419565853167
9.538,,,,,2341.0544969066045
9.540000000000001,,,,,2341.6040904778183
9.542,,,,,2341.9866643444343
9.544,,,,,2342.1842942247918
9.546,,,,,2342.2394010650823
9.548,,,,,2342.235401599177
9.55,,,,,2342.268484411925
9.552,,,,,2342.4182737577503
9.554,,,,,2342.7235950913755
9.556000000000001,,,,,2343.1677339545577
9.558,,,,,2343.6761829867223
9.56,,,,,2344.1280957535564
9.562,,,,,2344.380015814433
9.564,,,,,2344.297305822721
9.566,,,,,2343.785713146347
9.568,,,,,2342.8139214290563
9.57,,,,,2341.419576931529
9.572000000000001,,,,,2339.6969391098273
9.574,,,,,2337.7720529607395
9.576,,,,,2335.7767753480075
9.578,,,,,2333.83241335067
9.58,,,,,2332.0473977549664
9.582,,,,,2330.5250374265775
9.584,,,,,2329.3714789172236
9.586,,,,,2328.693677925007
9.588000000000001,,,,,2328.5827062114045
9.59,,,,,2329.0861490065977
9.592,,,,,2330.1804245321023
9.594,,,,,2331.756129784012
9.596,,,,,2333.6257137559705
9.598,,,,,2335.554371153347
9.6,,,,,2337.305754979619
9.602,,,,,2338.688105511335
9.604000000000001,,,,,2339.586148059179
9.606,,,,,2339.9694964977507
9.608,,,,,2339.8773474639274
9.61,,,,,2339.3885000278988
9.612,,,,,2338.5906832235237
9.614,,,,,2337.5611497354753
9.616,,,,,2336.3633215767973
9.618,,,,,2335.0564176744765
9.620000000000001,,,,,2333.709802767598
9.622,,,,,2332.412484434934
9.624,,,,,2331.2707880805538
9.626,,,,,2330.392851842327
9.628,,,,,2329.865059718152
9.63,,,,,2329.7297911554665
9.632,,,,,2329.9733999105338
9.634,,,,,2330.5281799016566
9.636000000000001,,,,,2331.2853910079157
9.638,,,,,2332.112478361163
9.64,,,,,2332.8687112885636
9.642,,,,,2333.4181032908277
9.644,,,,,2333.6425019178982
9.646,,,,,2333.4575923355906
9.648,,,,,2332.8301168082767
9.65,,,,,2331.789391644822
9.652000000000001,,,,,2330.4249551258663
9.654,,,,,2328.867185366624
9.656,,,,,2327.256326471704
9.658,,,,,2325.711755398259
9.66,,,,,2324.3133195044065
9.662,,,,,2323.100279901357
9.664,,,,,2322.0844670986144
9.666,,,,,2321.2678008027847
9.668000000000001,,,,,2320.6538806742337
9.67,,,,,2320.248548690006
9.672,,,,,2320.0515935526373
9.674,,,,,2320.04689048725
9.676,,,,,2320.1986072903105
9.678,,,,,2320.456905342787
9.68,,,,,2320.7706558419395
9.682,,,,,2321.1005677233857
9.684000000000001,,,,,2321.425901516196
9.686,,,,,2321.741446849343
9.688,,,,,2322.04670483515
9.69,,,,,2322.333570079153
9.692,,,,,2322.579767285112
9.694,,,,,2322.7521234852693
9.696,,,,,2322.8186080443406
9.698,,,,,2322.7641533208016
9.700000000000001,,,,,2322.6040331339436
9.702,,,,,2322.3895852098535
9.704,,,,,2322.2034815303714
9.706,,,,,2322.145050051241
9.708,,,,,2322.30971719694
9.71,,,,,2322.768864245412
9.712,,,,,2323.555486837939
9.714,,,,,2324.6575045804743
9.716000000000001,,,,,2326.017395123599
9.718,,,,,2327.536525416797
9.72,,,,,2329.084601739525
9.722,,,,,2330.515898364978
9.724,,,,,2331.6916425557292
9.726,,,,,2332.503363115307
9.728,,,,,2332.88966398219
9.73,,,,,2332.841431183189
9.732,,,,,2332.3958767150816
9.734,,,,,2331.624160253141
9.736,,,,,2330.618384874778
9.738,,,,,2329.4815943954272
9.74,,,,,2328.320802216995
9.742,,,,,2327.2406118335857
9.744,,,,,2326.3350755371603
9.746,,,,,2325.6772673662294
9.748,,,,,2325.3079339781084
9.75,,,,,2325.2257519589093
9.752,,,,,2325.3822525119303
9.754,,,,,2325.6843794012684
9.756,,,,,2326.00671558797
9.758000000000001,,,,,2326.213465884726
9.76,,,,,2326.187214689193
9.762,,,,,2325.8577879952604
9.764,,,,,2325.222028416154
9.766,,,,,2324.346244519203
9.768,,,,,2323.3483093277673
9.77,,,,,2322.3639605418753
9.772,,,,,2321.508259123788
9.774000000000001,,,,,2320.8454074969445
9.776,,,,,2320.377185798769
9.778,,,,,2320.053199248496
9.78,,,,,2319.7977463901234
9.782,,,,,2319.5419589260864
9.784,,,,,2319.2485007669484
9.786,,,,,2318.920015223875
9.788,,,,,2318.5899259058433
9.790000000000001,,,,,2318.301616842017
9.792,,,,,2318.0860961029184
9.794,,,,,2317.9477649964074
9.796,,,,,2317.8635233372233
9.798,,,,,2317.7939537897932
9.8,,,,,2317.699845412815
9.802,,,,,2317.555803670328
9.804,,,,,2317.355416328937
9.806000000000001,,,,,2317.106898660199
9.808,,,,,2316.821774497425
9.81,,,,,2316.501238517537
9.812,,,,,2316.1255560893856
9.814,,,,,2315.6509894660203
9.816,,,,,2315.016269433136
9.818,,,,,2314.15722093757
9.82,,,,,2313.024954123878
9.822000000000001,,,,,2311.6014612258623
9.824,,,,,2309.9071306418678
9.826,,,,,2307.9970406819875
9.828,,,,,2305.9464527577984
9.83,,,,,2303.830110587007
9.832,,,,,2301.70302712154
9.834,,,,,2299.59051175998
9.836,,,,,2297.4915310907636
9.838000000000001,,,,,2295.3931172968964
9.84,,,,,2293.287734254559
9.842,,,,,2291.1841562296013
9.844,,,,,2289.1064648801416
9.846,,,,,2287.0824716812517
9.848,,,,,2285.12821450069
9.85,,,,,2283.236534832178
9.852,,,,,2281.3750756186564
9.854000000000001,,,,,2279.4942646499994
9.856,,,,,2277.541436078717
9.858,,,,,2275.475190612471
9.86,,,,,2273.275243623912
9.862,,,,,2270.946373250902
9.864,,,,,2268.5180824146787
9.866,,,,,2266.0419845804972
9.868,,,,,2263.5869372336647
9.870000000000001,,,,,2261.2299111712205
9.872,,,,,2259.0407750500603
9.874,,,,,2257.0623750953955
9.876,,,,,2255.292152647847
9.878,,,,,2253.6745407967146
9.88,,,,,2252.1109786245074
9.882,,,,,2250.4864941495275
9.884,,,,,2248.702852175327
9.886000000000001,,,,,2246.7043119789555
9.888,,,,,2244.4861080083087
9.89,,,,,2242.085214064157
9.892,,,,,2239.5615693047193
9.894,,,,,2236.98069339117
9.896,,,,,2234.404894623242
9.898,,,,,2231.8932893900756
9.9,,,,,2229.5047604383417
9.902000000000001,,,,,2227.2959609092713
9.904,,,,,2225.309853952253
9.906,,,,,2223.5572622689356
9.908,,,,,2221.9999150890485
9.91,,,,,2220.544574148447
9.912,,,,,2219.0535590188656
9.914,,,,,2217.370075966661
9.916,,,,,2215.350733511181
9.918000000000001,,,,,2212.894933017298
9.92,,,,,2209.962262043618
9.922,,,,,2206.573840077975
9.924,,,,,2202.799489921056
9.926,,,,,2198.736721995669
9.928,,,,,2194.4883136375092
9.93,,,,,2190.1435818689765
9.932,,,,,2185.766245540891
9.934000000000001,,,,,2181.390386607477
9.936,,,,,2177.0252719897253
9.938,,,,,2172.6682797852877
9.94,,,,,2168.3221330183464
9.942,,,,,2164.0096034261846
9.944,,,,,2159.7784460616526
9.946,,,,,2155.692652974502
9.948,,,,,2151.8119309626322
9.950000000000001,,,,,2148.1670597975326
9.952,,,,,2144.741838459839
9.954,,,,,2141.470954852669
9.956,,,,,2138.257194178166
9.958,,,,,2135.0029566162525
9.96,,,,,2131.644160444334
9.962,,,,,2128.173200569862
9.964,,,,,2124.642633441459
9.966000000000001,,,,,2121.149877670926
9.968,,,,,2117.810653550208
9.97,,,,,2114.7312749912485
9.972,,,,,2111.9869936397477
9.974,,,,,2109.608489690331
9.976,,,,,2107.5751793915915
9.978,,,,,2105.814316195944
9.98,,,,,2104.2075554668977
9.982000000000001,,,,,2102.607784618457
9.984,,,,,2100.86569031111
9.986,,,,,2098.859181194351
9.988,,,,,2096.5144396874525
9.99,,,,,2093.8093171232404
9.992,,,,,2090.757924102529
9.994,,,,,2087.385055841671
9.996,,,,,2083.704407713732
9.998,,,,,2079.7118235462453
10.0,,,,,2075.3959155555517
10.002,,,,,2070.758977362002
10.004,,,,,2065.836220751126
10.006,,,,,2060.702860310492
10.008000000000001,,,,,2055.4652336423287
10.01,,,,,2050.240293899372
10.012,,,,,2045.132882629609
10.014,,,,,2040.2195955918314
10.016,,,,,2035.5429908036267
10.018,,,,,2031.1142407729742
10.02,,,,,2026.9197375272215
10.022,,,,,2022.9284236592873
10.024000000000001,,,,,2019.0994868014327
10.026,,,,,2015.3915309906768
10.028,,,,,2011.773220632364
10.03,,,,,2008.2327151948343
10.032,,,,,2004.7810990116916
10.034,,,,,2001.4453806203198
10.036,,,,,1998.2501018841735
10.038,,,,,1995.1919281600237
10.040000000000001,,,,,1992.2162252300539
10.042,,,,,1989.205883060283
10.044,,,,,1985.9892348229332
10.046,,,,,1982.3669185068184
10.048,,,,,1978.15010559932
10.05,,,,,1973.1984150948674
10.052,,,,,1967.4470783232584
10.054,,,,,1960.9185066627035
10.056000000000001,,,,,1953.720105103232
10.058,,,,,1946.0344527686839
10.06,,,,,1938.1078154175032
10.062,,,,,1930.2388720065867
10.064,,,,,1922.7641769428035
10.066,,,,,1916.0336287478303
10.068,,,,,1910.3707764508047
10.07,,,,,1906.0193883434788
10.072000000000001,,,,,1903.0860554396
10.074,,,,,1901.4939089182271
10.076,,,,,1900.9624018985364
10.078,,,,,1901.0237336958578
10.08,,,,,1901.0796953633956
10.082,,,,,1900.493565865609
10.084,,,,,1898.7004488580894
10.086,,,,,1895.3095527722603
10.088000000000001,,,,,1890.1695434403816
10.09,,,,,1883.3774620117993
10.092,,,,,1875.230278005536
10.094,,,,,1866.1374278147964
10.096,,,,,1856.5239954111682
10.098,,,,,1846.7534366415557
10.1,,,,,1837.0876782796752
10.102,,,,,1827.6870685392123
10.104000000000001,,,,,1818.6396475475256
10.106,,,,,1810.0025178403464
10.108,,,,,1801.8384825133912
10.11,,,,,1794.2369311813263
10.112,,,,,1787.3157976042914
10.114,,,,,1781.2073814565524
10.116,,,,,1776.032821506994
10.118,,,,,1771.8690574609568
10.120000000000001,,,,,1768.7113766628077
10.122,,,,,1766.4370117196797
10.124,,,,,1764.7809137421957
10.126,,,,,1763.3401408343825
10.128,,,,,1761.6224829331545
10.13,,,,,1759.1433627000877
10.132,,,,,1755.5531976783677
10.134,,,,,1750.754341291039
10.136000000000001,,,,,1744.9575859699469
10.138,,,,,1738.6435252891547
10.14,,,,,1732.4301636944203
10.142,,,,,1726.8882712425923
10.144,,,,,1722.3701664608186
10.146,,,,,1718.913662839433
10.148,,,,,1716.2526701109784
10.15,,,,,1713.9239688923242
10.152000000000001,,,,,1711.425126089579
10.154,,,,,1708.3654894111398
10.156,,,,,1704.5636717748064
10.158,,,,,1700.0722503415059
10.16,,,,,1695.1387494016788
10.162,,,,,1690.1289653065226
10.164,,,,,1685.4401855410626
10.166,,,,,1681.4222888867255
10.168000000000001,,,,,1678.3134861390652
10.17,,,,,1676.1925482277863
10.172,,,,,1674.9517792380357
10.174,,,,,1674.2993056674873
10.176,,,,,1673.7992409324586
10.178,,,,,1672.9509678114373
10.18,,,,,1671.2953159038018
10.182,,,,,1668.5211486040191
10.184000000000001,,,,,1664.5390387297743
10.186,,,,,1659.4955118469404
10.188,,,,,1653.7205375774247
10.19,,,,,1647.6243876158026
10.192,,,,,1641.5785727741138
10.194,,,,,1635.8228961987325
10.196,,,,,1630.432751548208
10.198,,,,,1625.357849099786
10.200000000000001,,,,,1620.5129222627113
10.202,,,,,1615.8759944887947
10.204,,,,,1611.5433344105206
10.206,,,,,1607.7073390621008
10.208,,,,,1604.5584442848788
10.21,,,,,1602.1499973375971
10.212,,,,,1600.2879719940995
10.214,,,,,1598.5032469823307
10.216000000000001,,,,,1596.1334779773929
10.218,,,,,1592.4974133832852
10.22,,,,,1587.1051322054734
10.222,,,,,1579.8282210414084
10.224,,,,,1570.961837970269
10.226,,,,,1561.1455875043825
10.228,,,,,1551.1630292050575
10.23,,,,,1541.690827246999
10.232000000000001,,,,,1533.0935609860069
10.234,,,,,1525.343871887892
10.236,,,,,1518.0946939135886
10.238,,,,,1510.8639579887051
10.24,,,,,1503.243535675546
10.242,,,,,1495.0383442531368
10.244,,,,,1486.283247597056
10.246,,,,,1477.1529877479438
10.248,,,,,1467.8358494216754
10.25,,,,,1458.4532701044725
10.252,,,,,1449.0694313487827
10.254,,,,,1439.7711225279625
10.256,,,,,1430.7486041624425
10.258000000000001,,,,,1422.3046782023976
10.26,,,,,1414.7656477931735
10.262,,,,,1408.3356258359706
10.264,,,,,1402.980326620156
10.266,,,,,1398.4176952642238
10.268,,,,,1394.2344634545645
10.27,,,,,1390.0742614357862
10.272,,,,,1385.7970480536253
10.274000000000001,,,,,1381.518781829955
10.276,,,,,1377.5019303690524
10.278,,,,,1373.9491105680595
10.28,,,,,1370.8081218766379
10.282,,,,,1367.694866926109
10.284,,,,,1363.9824754960148
10.286,,,,,1359.0225431264573
10.288,,,,,1352.4004148371948
10.290000000000001,,,,,1344.1117294241683
10.292,,,,,1334.58760055135
10.294,,,,,1324.5689123854133
10.296,,,,,1314.8970021711987
10.298,,,,,1306.3136066300212
10.3,,,,,1299.3374907773532
10.302,,,,,1294.2275146179327
10.304,,,,,1290.9864899848449
10.306000000000001,,,,,1289.339119279452
10.308,,,,,1288.6447564720497
10.31,,,,,1287.7682263354018
10.312,,,,,1284.992685398054
10.314,,,,,1278.0784476307192
10.316,,,,,1264.5340015468628
10.318,,,,,1242.0849777599956
10.32,,,,,1209.239808738768
10.322000000000001,,,,,1165.7955744661856
10.324,,,,,1113.1280330170962
10.326,,,,,1054.1660904067812
10.328,,,,,993.0388601201707
10.33,,,,,934.4676962764318
10.332,,,,,883.0294816095438
10.334,,,,,842.4342726517268
10.336,,,,,814.9483436734624
10.338000000000001,,,,,801.0633344850783
10.34,,,,,799.4699431490653
10.342,,,,,807.3440698611155
10.344,,,,,820.8989972181859
10.346,,,,,836.1053599307631
10.348,,,,,849.4393319666322
10.35,,,,,858.4998242574138
10.352,,,,,862.3513242900236
10.354000000000001,,,,,861.5079460617271
10.356,,,,,857.5658490622869
10.358,,,,,852.5861563803725
10.36,,,,,848.3952326181849
10.362,,,,,845.9839568905785
10.364,,,,,845.1544791808363
10.366,,,,,844.4984445768508
10.368,,,,,841.7126887105678
10.370000000000001,,,,,834.1798631140217
10.372,,,,,819.6746295931265
10.374,,,,,797.0188015359303
10.376,,,,,766.5198908626196
10.378,,,,,730.0902151902508
10.38,,,,,691.0347280967281
10.382,,,,,653.5758226694597
10.384,,,,,622.2240533077319
10.386000000000001,,,,,601.1048298865652
10.388,,,,,593.3322575363089
10.39,,,,,600.5006506850222
10.392,,,,,622.3484134190494
10.394,,,,,656.6363417127823
10.396,,,,,699.2691008670128
10.398,,,,,744.6705832401317
10.4,,,,,786.3970725671642
10.402000000000001,,,,,817.9339911423048
10.404,,,,,833.5744590740567
10.406,,,,,829.2345481714165
10.408,,,,,803.0491820613439
10.41,,,,,755.6374260104214
10.412,,,,,690.0138139240545
10.414,,,,,611.206067286277
10.416,,,,,525.678033857567
10.418000000000001,,,,,440.6481047400639
10.42,,,,,363.36700242860866
10.422,,,,,300.40543397009833
10.424,,,,,257.0137707881691
10.426,,,,,236.639390265438
10.428,,,,,240.68920680078134
10.43,,,,,268.5770229655962
10.432,,,,,318.00806611709385
10.434000000000001,,,,,385.3775066077556
10.436,,,,,466.14444241745923
10.438,,,,,555.0915610845543
10.44,,,,,646.4584128836204
10.442,,,,,734.005826315173
10.444,,,,,811.1110434046675
10.446,,,,,871.0022953515257
10.448,,,,,907.2194089346877
10.450000000000001,,,,,914.3370271478772
10.452,,,,,888.909821260368
10.454,,,,,830.4962494148173
10.456,,,,,742.509620767112
10.458,,,,,632.5873399458532
10.46,,,,,512.2232167486005
10.462,,,,,395.57724773042065
10.464,,,,,297.5867673711042
10.466000000000001,,,,,231.6682618525411
10.468,,,,,207.40012327598345
10.47,,,,,228.63207431189616
10.472,,,,,292.45941989873717
10.474,,,,,389.37284660617007
10.476,,,,,504.6321328753996
10.478,,,,,620.59756014429
10.48,,,,,719.5286651579687
10.482000000000001,,,,,786.3137756243897
10.484,,,,,810.6776855325726
10.486,,,,,788.5363196376338
10.488,,,,,722.3196392867769
10.49,,,,,620.2914068521169
10.492,,,,,495.09348895825974
10.494,,,,,361.8376366529648
10.496,,,,,236.04980426009593
10.498,,,,,131.7089720493554
10.5,,,,,59.57118194215022
10.502,,,,,25.94843837351583
10.504,,,,,32.10806112710485
10.506,,,,,74.41610992392756
10.508000000000001,,,,,145.21652872859275
10.51,,,,,234.252513854441
10.512,,,,,330.30900693290545
10.514,,,,,422.7537235422609
10.516,,,,,502.7512170901556
10.518,,,,,564.0527722698628
10.52,,,,,603.3759655112071
10.522,,,,,620.4508104082063
10.524000000000001,,,,,617.8139049068823
10.526,,,,,600.3968276136062
10.528,,,,,574.9083068338509
10.53,,,,,548.9811107900374
10.532,,,,,530.0921378439452
10.534,,,,,524.3791267876093
10.536,,,,,535.5832611798996
10.538,,,,,564.3479441455908
10.540000000000001,,,,,608.0122851013798
10.542,,,,,660.9325202389382
10.544,,,,,715.2864930608663
10.546,,,,,762.249995006992
10.548,,,,,793.360471350281
10.55,,,,,801.8439702675945
10.552,,,,,783.7192514331906
10.554,,,,,738.549003375262
10.556000000000001,,,,,669.7282811117058
10.558,,,,,584.2415658671291
10.56,,,,,491.9101011441347
10.562,,,,,404.2189045310985
10.564,,,,,332.8291299653563
10.566,,,,,287.8897652678098
10.568,,,,,276.2961570376769
10.57,,,,,300.1086872341977
10.572000000000001,,,,,355.4337995888382
10.574,,,,,432.1448217834643
10.576,,,,,514.804484945674
10.578,,,,,584.9571571123108
10.58,,,,,624.5808116379271
10.582,,,,,620.0609975099267
10.584,,,,,565.7570153870968
10.586,,,,,466.1878033041063
10.588000000000001,,,,,336.10770568867633
10.59,,,,,198.23658095923156
10.592,,,,,79.00616465246246
10.594,,,,,3.1821440916625754
