0.0,1239.2984593449858
0.002,1524.8606215193768
0.004,1791.778819885165
0.006,2040.650519234997
0.008,2272.0731843615195
0.01,2486.6442800573777
0.012,2684.9612711152195
0.014,2867.6216223276897
0.016,3035.222798487436
0.018000000000000002,3188.362264387104
0.02,3327.63748481934
0.022,3453.645924576792
0.024,3566.985048452103
0.026000000000000002,3668.252321237923
0.028,3758.0452077268965
0.03,3836.96117271167
0.032,3905.597680984889
0.034,3964.5521973392024
0.036000000000000004,4014.4221865672534
0.038,4055.8051134616917
0.04,4089.2984428151613
0.042,4115.49963942031
0.044,4135.006168069782
0.046,4148.4154935562265
0.048,4156.325080672287
0.05,4159.332394210518
0.052000000000000005,4152.495652608318
0.054,4141.966391735979
0.056,4130.473354052844
0.058,4120.431221531748
0.06,4113.6340321960215
0.062,4111.070226881897
0.064,4112.870990573793
0.066,4118.331036765605
0.068,4126.271925872724
0.07,4135.291785437351
0.07200000000000001,4144.055242676679
0.074,4151.625038529521
0.076,4157.518438425579
0.078,4161.72067047962
0.08,4164.5487392539
0.082,4166.492993347623
0.084,4168.067523961928
0.08600000000000001,4169.659503349642
0.088,4171.4921833320495
0.09,4173.610938113798
0.092,4175.93579407845
0.094,4178.319789972113
0.096,4180.573844277342
0.098,4182.565524511091
0.1,4184.21287795513
0.10200000000000001,4185.51589256343
0.10400000000000001,4186.561464161513
0.106,4187.50826198549
0.108,4188.564251983452
0.11,4189.927452308721
0.112,4191.73845667425
0.114,4194.006515198542
0.116,4196.692403469224
0.11800000000000001,4199.617912525748
0.12,4202.537939995541
0.122,4205.220959542244
0.124,4207.8311576944825
0.126,4210.283900453145
0.128,4212.516045081771
0.13,4214.500063372678
0.132,4216.067293303727
0.134,4217.777342891993
0.136,4219.717575216673
0.138,4221.867955811799
0.14,4224.113075467358
0.14200000000000002,4226.279306675784
0.14400000000000002,4228.186836092285
0.146,4229.711432327892
0.148,4230.8161670889995
0.15,4231.564405118197
0.152,4232.0903724588015
0.154,4232.556766688065
0.156,4233.104546303115
0.158,4233.8103887747475
0.16,4234.676736469298
0.162,4235.642477869768
0.164,4236.623786674251
0.166,4237.550166701515
0.168,4238.3931733202235
0.17,4239.170502679017
0.17200000000000001,4239.926834129884
0.17400000000000002,4240.703725185397
0.176,4241.506508946937
0.178,4242.294705146284
0.18,4242.989789264931
0.182,4243.508270068037
0.184,4243.7942407959845
0.186,4243.844678468579
0.188,4243.7106947642715
0.19,4243.476290981676
0.192,4243.224117854519
0.194,4242.999181216597
0.196,4242.7935090828905
0.198,4242.55038637768
0.2,4242.196311722968
0.202,4241.674736385765
0.20400000000000001,4240.976538907651
0.20600000000000002,4240.144766597379
0.20800000000000002,4239.272783015538
0.21,4238.459880432089
0.212,4237.770261142296
0.214,4237.220821053845
0.216,4236.7759892053955
0.218,4236.368842691564
0.22,4235.929478382165
0.222,4235.412704090716
0.224,4234.814389274831
0.226,4234.166762491977
0.228,4233.5209956270055
0.23,4232.9198141624065
0.232,4232.378582588939
0.234,4231.876231773553
0.23600000000000002,4231.363212841317
0.23800000000000002,4230.778353540699
0.24,4230.069439329385
0.242,4229.210685874482
0.244,4228.208156259738
0.246,4227.096596825027
0.248,4225.925632740171
0.25,4224.7468195706815
0.252,4223.602270571054
0.254,4222.519116540443
0.256,4221.510102114846
0.258,4220.57724474349
0.26,4219.71753678657
0.262,4218.925031460861
0.264,4218.190958800049
0.266,4217.500799149866
0.268,4216.8322565958
0.27,4216.155013483761
0.272,4215.435510976355
0.274,4214.642454727478
0.276,4213.755410880141
0.278,4212.77517906694
0.28,4211.721671844836
0.28200000000000003,4210.632742078525
0.28400000000000003,4209.55262198143
0.28600000000000003,4208.519184610968
0.28800000000000003,4207.552364573992
0.29,4206.647995003538
0.292,4205.780212601493
0.294,4204.911394463031
0.296,4204.004166982932
0.298,4203.033796016717
0.3,4201.99526611855
0.302,4200.902807115266
0.304,4199.7841200449275
0.306,4198.67133719671
0.308,4197.595425849455
0.31,4196.570410489458
0.312,4195.601509970931
0.314,4194.693724132244
0.316,4193.846289989574
0.318,4193.05326154189
0.32,4192.301088224232
0.322,4191.565573055582
0.324,4190.811318708506
0.326,4189.996708986945
0.328,4189.082894417441
0.33,4188.045334014713
0.332,4186.883143319649
0.334,4185.622053626
0.336,4184.309386444705
0.338,4183.000031008675
0.34,4181.741895714208
0.342,4180.5620524115575
0.34400000000000003,4179.461663845507
0.34600000000000003,4178.41969525237
0.34800000000000003,4177.404264629061
0.35000000000000003,4176.3884433198655
0.352,4175.360615682774
0.354,4174.329619413475
0.356,4173.318305942414
0.358,4172.353183397209
0.36,4171.450462789027
0.362,4170.605643423946
0.364,4169.792357925501
0.366,4168.968320990043
0.368,4168.0901873190405
0.37,4167.127501067772
0.372,4166.0747199033685
0.374,4164.953368890868
0.376,4163.807278187301
0.378,4162.689187730903
0.38,4161.6405589130245
0.382,4160.6808960036915
0.384,4159.796471854887
0.386,4158.943187950993
0.388,4158.057680541345
0.39,4157.073916919877
0.392,4155.942344828056
0.394,4154.642659065436
0.396,4153.189649580021
0.398,4151.630971915953
0.4,4150.035624443899
0.402,4148.478696129231
0.404,4147.02489210767
0.406,4145.717254732888
0.40800000000000003,4144.57024792076
0.41000000000000003,4143.570747815589
0.41200000000000003,4142.683830029112
0.41400000000000003,4141.862331332748
0.41600000000000004,4141.057859144069
0.418,4140.2289624128625
0.42,4139.347947053383
0.422,4138.4035471605
0.424,4137.401111166983
0.426,4136.3599912714835
0.428,4135.308190863917
0.43,4134.276873785204
0.432,4133.293711962215
0.434,4132.376388738517
0.436,4131.528367616236
0.438,4130.7373355863465
0.44,4129.976092546013
0.442,4129.215354300115
0.444,4128.426502555035
0.446,4127.59099198567
0.448,4126.705333402612
0.45,4125.782054334306
0.452,4124.844069881321
0.454,4123.9178604123235
0.456,4123.021925604085
0.458,4122.160239091003
0.46,4121.318764767007
0.462,4120.4680591203905
0.464,4119.572922910944
0.466,4118.600664499806
0.468,4117.532936563893
0.47000000000000003,4116.370042282237
0.47200000000000003,4115.130537730273
0.47400000000000003,4113.84437491892
0.47600000000000003,4112.542226014793
0.47800000000000004,4111.246073423338
0.48,4109.961378522931
0.482,4108.676724641997
0.484,4107.368584845272
0.486,4106.01080774576
0.488,4104.586342678199
0.49,4103.094968394552
0.492,4101.55757228459
0.494,4100.011951674835
0.496,4098.5049679267795
0.498,4097.080007306622
0.5,4095.7647884961
0.502,4094.5636848802637
0.504,4093.454803317783
0.506,4092.3951308973546
0.508,4091.3335801370526
0.51,4090.2127893425964
0.512,4088.9953756609443
0.514,4087.6679372308135
0.516,4086.244731836933
0.518,4084.7630989916634
0.52,4083.2748071350943
0.522,4081.833168823703
0.524,4080.480804727408
0.526,4079.2415389992934
0.528,4078.1161821756345
0.53,4077.0854929578854
0.532,4076.1167461103005
0.534,4075.172519236454
0.536,4074.220646792127
0.538,4073.2397803370163
0.54,4072.2221752862774
0.542,4071.1746302355264
0.544,4070.1067034851453
0.546,4069.0303065062526
0.548,4067.9545228877614
0.55,4066.8833636007275
0.552,4065.815274893847
0.554,4064.744915703358
0.556,4063.6640166693846
0.558,4062.564869468157
0.56,4061.4409383965544
0.562,4060.287545292167
0.5640000000000001,4059.102514999877
0.5660000000000001,4057.885626241202
0.5680000000000001,4056.6407033100418
0.5700000000000001,4055.374253646103
0.5720000000000001,4054.0958040407195
0.5740000000000001,4052.8167777720005
0.5760000000000001,4051.5487941652755
0.578,4050.3004483729464
0.58,4049.0745226683644
0.582,4047.866287834877
0.584,4046.6636113967993
0.586,4045.4487449202097
0.588,4044.2024982060702
0.59,4042.908970705027
0.592,4041.559538108493
0.594,4040.154923703716
0.596,4038.704494939704
0.598,4037.2226414704433
0.6,4035.723961127466
0.602,4034.2188585878193
0.604,4032.7116880017497
0.606,4031.201788225271
0.608,4029.6877573067554
0.61,4028.1681382755824
0.612,4026.65863814396
0.614,4025.1806752503085
0.616,4023.762313991259
0.618,4022.431809086204
0.62,4021.2097130482916
0.622,4020.102354384227
0.624,4019.098446988069
0.626,4018.1709492427653
0.628,4017.2824013908603
0.63,4016.3937706969236
0.632,4015.4730998050886
0.634,4014.501151109349
0.636,4013.4748875820665
0.638,4012.404693615885
0.64,4011.3098538366153
0.642,4010.2124181553636
0.644,4009.131592495128
0.646,4008.080296251146
0.648,4007.063254057059
0.65,4006.0778527521056
0.652,4005.117203715114
0.654,4004.170862372894
0.656,4003.2276249679326
0.658,4002.276300335722
0.66,4001.306354459861
0.662,4000.308696779118
0.664,3999.2767700149216
0.666,3998.2079269067667
0.668,3997.1049102509655
0.67,3995.9807220871417
0.672,3994.8386184673536
0.674,3993.688430526327
0.676,3992.5360201101557
0.678,3991.3795442159662
0.68,3990.2079987635457
0.682,3989.002226615938
0.684,3987.7400348691176
0.686,3986.402835558165
0.6880000000000001,3984.9820518261645
0.6900000000000001,3983.4841494388875
0.6920000000000001,3981.930667429594
0.6940000000000001,3980.354972372775
0.6960000000000001,3978.7939959263936
0.6980000000000001,3977.279578408758
0.7000000000000001,3975.8307519189602
0.7020000000000001,3974.449979971312
0.704,3973.1235145821283
0.706,3971.8265011314406
0.708,3970.530842062643
0.71,3969.213275007194
0.712,3967.860983479527
0.714,3966.474002846874
0.716,3965.0629951855626
0.718,3963.644271742836
0.72,3962.2323368691923
0.722,3960.8340231710176
0.724,3959.445282473119
0.726,3958.0518021942657
0.728,3956.633956962166
0.73,3955.1730000657726
0.732,3953.65890747336
0.734,3952.0946607426276
0.736,3950.497489638572
0.738,3948.895747203398
0.74,3947.322068544255
0.742,3945.8065421936967
0.744,3944.3682718559635
0.746,3943.0116997029563
0.748,3941.7260930337297
0.75,3940.489229518895
0.752,3939.2741467480073
0.754,3938.0543171139016
0.756,3936.811927358703
0.758,3935.5397738040533
0.76,3934.2415465300587
0.762,3932.9289303020996
0.764,3931.6161487985955
0.766,3930.314400612477
0.768,3929.0262915414482
0.77,3927.7429090541473
0.772,3926.437792935154
0.774,3925.0903217121727
0.776,3923.673193127314
0.778,3922.164050624255
0.78,3920.5523397581824
0.782,3918.8427371799853
0.784,3917.0563213573046
0.786,3915.2271507384344
0.788,3913.3961776652836
0.79,3911.6041954477473
0.792,3909.882672137856
0.794,3908.2481798954736
0.796,3906.699024419383
0.798,3905.2161442861075
0.8,3903.767434912763
0.802,3902.3143582763564
0.804,3900.8200566732103
0.806,3899.2569752668214
0.808,3897.6110307437907
0.81,3895.884186856401
0.812,3894.0923110546173
0.8140000000000001,3892.2610804283004
0.8160000000000001,3890.4180904948385
0.8180000000000001,3888.5935007028766
0.8200000000000001,3886.8027501245792
0.8220000000000001,3885.0506425315443
0.8240000000000001,3883.3324579182895
0.8260000000000001,3881.6382007026587
0.8280000000000001,3879.959232487846
0.8300000000000001,3878.29314651933
0.8320000000000001,3876.645658585153
0.834,3875.0306848530145
0.836,3873.4658304741465
0.838,3871.966846830483
0.84,3870.5410683270707
0.842,3869.184056129076
0.844,3867.8785329778943
0.846,3866.5984815881943
0.848,3865.3153500183607
0.85,3864.0046947262467
0.852,3862.6528297864147
0.854,3861.259733833787
0.856,3859.837983934045
0.858,3858.4073709629743
0.86,3856.9884708775244
0.862,3855.5961462667706
0.864,3854.2335934844587
0.866,3852.8916629273594
0.868,3851.5514935329325
0.87,3850.190603880154
0.872,3848.790110313239
0.874,3847.3408943391937
0.876,3845.8477879155125
0.878,3844.328763884142
0.88,3842.811485458364
0.882,3841.325471606698
0.884,3839.8951235578534
0.886,3838.5331561059884
0.888,3837.236838660689
0.89,3835.988772257611
0.892,3834.7601779155534
0.894,3833.517998029717
0.896,3832.2320356348114
0.898,3830.880820387715
0.9,3829.4560553286237
0.902,3827.9631618256494
0.904,3826.420037963911
0.906,3824.852819741492
0.908,3823.291341888914
0.91,3821.7648362297623
0.912,3820.2974460122773
0.914,3818.9058595508563
0.916,3817.5980052499426
0.918,3816.3743424349473
0.92,3815.22083730639
0.922,3814.123177383021
0.924,3813.064265655147
0.926,3812.027500125598
0.928,3810.9987827500972
0.93,3809.9676242343407
0.932,3808.9272485026695
0.934,3807.875068545113
0.936,3806.8103824705727
0.9380000000000001,3805.733221936466
0.9400000000000001,3804.6432169141613
0.9420000000000001,3803.5397111215643
0.9440000000000001,3802.4224265804087
0.9460000000000001,3801.292752217554
0.9480000000000001,3800.1551925486906
0.9500000000000001,3799.0178459721715
0.9520000000000001,3797.8921155697653
0.9540000000000001,3796.7913020961473
0.9560000000000001,3795.727566510933
0.9580000000000001,3794.70999648844
0.96,3793.7421755356863
0.962,3792.820927360591
0.964,3791.9365117843126
0.966,3791.074289885225
0.968,3790.217330777212
0.97,3789.3485676407977
0.972,3788.453790875789
0.974,3787.5231117497083
0.976,3786.5517083170334
0.978,3785.5393748326437
0.98,3784.488990512165
0.982,3783.404620635194
0.984,3782.2898406967893
0.986,3781.1463732911197
0.988,3779.9743322279255
0.99,3778.773359246813
0.992,3777.544697646021
0.994,3776.2922710258276
0.996,3775.0250941649206
0.998,3773.7559019307246
1.0,3772.500216092889
1.002,3771.273232316382
1.004,3770.087464684464
1.006,3768.950503287136
1.008,3767.8637439922622
1.01,3766.8225261097923
1.012,3765.817615534732
1.014,3764.8369040436505
1.016,3763.8690297984517
1.018,3762.8967873336837
1.02,3761.906730826214
1.022,3760.8875521303785
1.024,3759.8311755567233
1.026,3758.734821860288
1.028,3757.601921394487
1.03,3756.4427785864
1.032,3755.2729783175087
1.034,3754.1107385676864
1.036,3752.973757212837
1.038,3751.874831346849
1.04,3750.8201061118684
1.042,3749.8085039645966
1.044,3748.8329362408413
1.046,3747.8834634846994
1.048,3746.9504739724975
1.05,3746.028156352486
1.052,3745.1157435794394
1.054,3744.217493200082
1.056,3743.3404171779857
1.058,3742.4909278932914
1.06,3741.6711182257145
1.062,3740.8756875951844
1.064,3740.090375984375
1.066,3739.2939116014913
1.068,3738.4645368697747
1.07,3737.57114835765
1.072,3736.598453707054
1.074,3735.5445874122042
1.076,3734.4217666858763
1.078,3733.2548162301264
1.08,3732.0752618482265
1.082,3730.9151277840497
1.084,3729.800685819764
1.086,3728.747979760919
1.088,3727.7620892510545
1.09,3726.838611248013
1.092,3725.9683613495163
1.094,3725.1411772223664
1.096,3724.3501027229654
1.098,3723.5917940238382
1.1,3722.8662328336964
1.102,3722.1742633081117
1.104,3721.514487517044
1.106,3720.88133305591
1.108,3720.264339274076
1.11,3719.6489762080278
1.112,3719.0192352799795
1.114,3718.3598266107556
1.116,3717.659382682558
1.118,3716.909480567822
1.12,3716.1138217020593
1.122,3715.2801270941904
1.124,3714.420061149319
1.1260000000000001,3713.5465583290566
1.1280000000000001,3712.669638260202
1.1300000000000001,3711.7936340257297
1.1320000000000001,3710.9151062225646
1.1340000000000001,3710.0231213838106
1.1360000000000001,3709.101925988744
1.1380000000000001,3708.1348346551767
1.1400000000000001,3707.110002352542
1.1420000000000001,3706.024250117885
1.1440000000000001,3704.885416039343
1.1460000000000001,3703.712258158219
1.1480000000000001,3702.531130906049
1.1500000000000001,3701.371154244984
1.1520000000000001,3700.2572513401415
1.154,3699.2051436988695
1.156,3698.2174067599035
1.158,3697.28220652248
1.16,3696.375567723818
1.162,3695.468782438632
1.164,3694.52524586682
1.166,3693.519259356569
1.168,3692.436641865529
1.17,3691.2752600196627
1.172,3690.0600066308143
1.174,3688.82047818703
1.176,3687.588958011465
1.178,3686.3931323975853
1.18,3685.2488673057064
1.182,3684.158153658669
1.184,3683.1075533312196
1.186,3682.0736113802877
1.188,3681.0291935883424
1.19,3679.949599004193
1.192,3678.817797563735
1.194,3677.6258272463433
1.196,3676.373506569813
1.198,3675.0645757762913
1.2,3673.701167977765
1.202,3672.2804271111218
1.204,3670.7921730355038
1.206,3669.220069429129
1.208,3667.5446791041686
1.21,3665.7476005955577
1.212,3663.815989861375
1.214,3661.746430097846
1.216,3659.5382724653628
1.218,3657.2044212862106
1.22,3654.75397860234
1.222,3652.1953604854907
1.224,3649.5310724800984
1.226,3646.756108339385
1.228,3643.8587500635954
1.23,3640.8243381538646
1.232,3637.639875076235
1.234,3634.299136492162
1.236,3630.8067809735553
1.238,3627.179565183459
1.24,3623.4454349079424
1.242,3619.6391326799962
1.244,3615.797326615411
1.246,3611.952292132525
1.248,3608.127018831961
1.25,3604.3327626903833
1.252,3600.5683912840395
1.254,3596.8229206285428
1.256,3593.0789119915403
1.258,3589.3162773315325
1.26,3585.51600473276
1.262,3581.6621614699925
1.264,3577.7393911208796
1.266,3573.7438617346584
1.268,3569.6717125889163
1.27,3565.521664346843
1.272,3561.293605237694
1.274,3556.9878381947406
1.276,3552.6046163926135
1.278,3548.143911372287
1.28,3543.6062359586595
1.282,3538.993611521163
1.284,3534.3086091472424
1.286,3529.5573298059094
1.288,3524.7471142237587
1.29,3519.8858127332173
1.292,3514.9806729174866
1.294,3509.758353206198
1.296,3504.262995788629
1.298,3498.533351197678
1.3,3492.602485419116
1.302,3486.499443893691
1.304,3480.2509645516234
1.306,3473.8839708024016
1.308,3467.4274470526234
1.31,3460.9126688510123
1.312,3454.3724472316367
1.314,3447.8389896572835
1.316,3441.339660554214
1.318,3434.9031309866323
1.32,3428.5448412505752
1.322,3422.2811465036816
1.324,3416.1247574992262
1.326,3410.088599910612
1.328,3404.188882251365
1.33,3398.447110555354
1.332,3392.890676434596
1.334,3387.552042666151
1.336,3382.46641744925
1.338,3377.668463725109
1.34,3373.1891006946958
1.342,3369.052345991056
1.344,3365.273786046345
1.346,3361.8594612525144
1.348,3358.8068173897077
1.35,3356.1063420003584
1.352,3353.7430919869835
1.354,3351.698740355431
1.356,3349.952970386078
1.358,3348.4843280207288
1.36,3347.2712625260947
1.362,3346.293000840288
1.364,3345.5307520270158
1.366,3344.9687041434267
1.368,3344.5944986906975
1.37,3339.4287718434553
1.372,3335.4912997621464
1.374,3332.737634221645
1.3760000000000001,3331.1176230683204
1.3780000000000001,3330.5700452987394
1.3800000000000001,3331.0198133418603
1.3820000000000001,3332.377133646915
1.3840000000000001,3334.5402644378764
1.3860000000000001,3337.400163862586
1.3880000000000001,3340.8443691143393
1.3900000000000001,3344.7616827998186
1.3920000000000001,3349.043955193332
1.3940000000000001,3353.5853868437393
1.3960000000000001,3358.6180752319447
1.3980000000000001,3364.1117692724447
1.4000000000000001,3370.0354814994967
1.4020000000000001,3376.355181525452
1.4040000000000001,3383.033052754873
1.4060000000000001,3390.0278248586555
1.408,3397.2958105611838
1.41,3404.792336761958
1.412,3412.472721587892
1.414,3420.2928848736674
1.416,3428.2089412987366
1.418,3436.176410094678
1.42,3444.1488264096747
1.422,3452.0762844934493
1.424,3459.905759754248
1.426,3467.581203899696
1.428,3475.0463686954718
1.43,3482.247474928021
1.432,3489.137049396823
1.434,3495.6766927085855
1.436,3501.8377304939672
1.438,3507.600437809557
1.44,3512.9506600271484
1.442,3517.8754580128143
1.444,3522.3580620389844
1.446,3526.373708491074
1.448,3529.887411521631
1.45,3532.85306219416
1.452,3535.2149790026942
1.454,3536.9107927786595
1.456,3537.8752637093817
1.458,3538.044170566515
1.46,3537.3572905935425
1.462,3535.7602072238305
1.464,3533.2043295173144
1.466,3529.6458569704982
1.468,3525.0437148802444
1.47,3519.3576434997267
1.472,3518.595072936583
1.474,3517.761157408185
1.476,3516.8412422824968
1.478,3515.8214765966018
1.48,3514.6944732895754
1.482,3513.4633050508032
1.484,3512.143337019635
1.486,3510.760918912057
1.488,3509.3489569942126
1.49,3507.9416709330726
1.492,3506.56807527891
1.494,3505.247528336067
1.496,3503.9875832646103
1.498,3502.7845237414913
1.5,3501.6267472695263
1.502,3500.498694314817
1.504,3499.3861976229387
1.506,3498.2802086089205
1.508,3497.1783477635604
1.51,3496.0844913660217
1.512,3495.00590370548
1.514,3493.9498693701194
1.516,3492.919659273156
1.518,3491.912283846228
1.52,3490.9183596755915
1.522,3489.9242427025006
1.524,3488.916904237093
1.526,3487.8881497193565
1.528,3486.839826213374
1.53,3485.785137708379
1.532,3484.747669499304
1.534,3483.756303257515
1.536,3482.839201434788
1.538,3482.0167090111645
1.54,3481.2963008465504
1.542,3480.670223534779
1.544,3480.1160340871797
1.546,3479.601344083481
1.548,3479.0899513251366
1.55,3478.5481198261446
1.552,3477.950692815914
1.554,3477.2843073402314
1.556,3476.5481749671153
1.558,3475.7515457170493
1.56,3474.909317809282
1.562,3474.037292618857
1.564,3473.1471769533723
1.566,3472.2443391412753
1.568,3471.3273448048008
1.57,3470.390253773916
1.572,3469.426269686287
1.574,3468.431238626539
1.576,3467.406949339351
1.578,3466.361546175759
1.58,3465.308356916119
1.582,3464.2625964019626
1.584,3463.23740805526
1.586,3462.2407950235292
1.588,3461.2707176219724
1.59,3460.3252275219397
1.592,3459.395022797478
1.594,3458.470417826915
1.596,3457.545061501674
1.598,3456.6184823837752
1.6,3455.697147709347
1.602,3454.7932064605884
1.604,3453.922164724695
1.606,3453.098920610595
1.608,3452.3344948568492
1.61,3451.632934137536
1.612,3450.9908163168484
1.614,3450.397828261818
1.616,3449.8384743050556
1.618,3449.2952697887213
1.62,3448.7519492794286
1.622,3448.195997893685
1.624,3447.6208261605966
1.6260000000000001,3447.025962713836
1.6280000000000001,3446.4162068716587
1.6300000000000001,3445.799387465885
1.6320000000000001,3445.1834693094106
1.6340000000000001,3444.574167415799
1.6360000000000001,3443.9734518571313
1.6380000000000001,3443.3784493975413
1.6400000000000001,3442.783102905111
1.6420000000000001,3442.179728876313
1.6440000000000001,3441.5619972087734
1.6460000000000001,3440.927772305437
1.6480000000000001,3440.2803270333134
1.6500000000000001,3439.628375344218
1.6520000000000001,3438.984365170849
1.6540000000000001,3438.361356640134
1.6560000000000001,3437.769633952391
1.6580000000000001,3437.2136614062
1.6600000000000001,3436.6904932553016
1.6620000000000001,3436.189915723786
1.6640000000000001,3435.695956988884
1.666,3435.1901042900313
1.668,3434.6545106755
1.67,3434.0766417164386
1.672,3433.444878505713
1.674,3432.7581471488006
1.676,3432.0217892243454
1.678,3431.2453494594693
1.68,3430.4406753981766
1.682,3429.620267084196
1.684,3428.7959580692495
1.686,3427.9785598469957
1.688,3427.1777397801334
1.69,3426.405775561189
1.692,3425.667384452918
1.694,3424.968251460972
1.696,3424.3115523534348
1.698,3423.697052419256
1.7,3423.120412699526
1.702,3422.572849438736
1.704,3422.041904915343
1.706,3421.512773497827
1.708,3420.9705006559097
1.71,3420.401705823552
1.712,3419.7966570968706
1.714,3419.149391907067
1.716,3418.456953453488
1.718,3417.7195942294156
1.72,3416.938272164029
1.722,3416.114926242928
1.724,3415.2511310515506
1.726,3414.3480806947973
1.728,3413.406256340249
1.73,3412.4250742422228
1.732,3411.4019263524924
1.734,3410.33180945178
1.736,3409.2068314008447
1.738,3408.0171871881084
1.74,3406.752552426006
1.742,3405.403638743948
1.744,3403.965259917997
1.746,3402.437173573897
1.748,3400.8243817256925
1.75,3399.1372915648008
1.752,3397.390121353185
1.754,3395.599893257715
1.756,3393.7850002893315
1.758,3391.9640336290427
1.76,3390.155001975406
1.762,3388.373128876626
1.764,3386.630078179047
1.766,3384.9331570406753
1.768,3383.2844670187224
1.77,3381.6822326843608
1.772,3380.120348527334
1.774,3378.598190519881
1.776,3377.1136833474907
1.778,3375.6671465023687
1.78,3374.261772731613
1.782,3372.901818084909
1.784,3371.590624701187
1.786,3370.329343513473
1.788,3369.1159350843686
1.79,3367.94634920119
1.792,3366.816152811257
1.794,3365.7224387173987
1.796,3364.6649968527
1.798,3363.6462087327336
1.8,3362.670062759068
1.802,3361.74082455287
1.804,3360.861305798669
1.806,3360.032306959889
1.808,3359.252173305018
1.81,3358.5167995820307
1.812,3357.8197931283958
1.814,3357.1525409431924
1.816,3356.5051391537204
1.818,3355.8669063967563
1.82,3355.227722114466
1.822,3354.579874996336
1.824,3353.9172548587194
1.826,3353.236204726402
1.828,3352.5339719761996
1.83,3351.8076802601677
1.832,3351.053450788402
1.834,3350.266337406487
1.836,3349.4414104383877
1.838,3348.5756885261985
1.84,3347.669907581942
1.842,3346.729764593585
1.844,3345.7666087858724
1.846,3344.7956180351093
1.848,3343.834370585978
1.85,3342.901242671876
1.852,3342.012630502087
1.854,3341.1820028868865
1.856,3340.41857856583
1.858,3339.726317874396
1.86,3339.103360294219
1.862,3338.541268927394
1.864,3338.026416064464
1.866,3337.5505579863047
1.868,3337.0840683097526
1.87,3336.6084898071686
1.872,3336.1100984060945
1.874,3335.5816059278186
1.8760000000000001,3335.021555006715
1.8780000000000001,3334.4320683026685
1.8800000000000001,3333.8164703105026
1.8820000000000001,3333.176533583425
1.8840000000000001,3332.5123485837844
1.8860000000000001,3331.823706267255
1.8880000000000001,3331.112179832888
1.8900000000000001,3330.3838080577357
1.8920000000000001,3329.6495902868123
1.8940000000000001,3328.9244753333764
1.8960000000000001,3328.224126671024
1.8980000000000001,3327.562179002814
1.9000000000000001,3326.9454037052647
1.9020000000000001,3326.3733937156135
1.9040000000000001,3325.8372406206645
1.9060000000000001,3325.322802031706
1.9080000000000001,3324.813166601232
1.9100000000000001,3324.2919436222064
1.9120000000000001,3323.7464997511797
1.9140000000000001,3323.1694074208053
1.9160000000000001,3322.559358756309
1.9180000000000001,3321.920065500921
1.92,3321.2594129132176
1.922,3320.585870818816
1.924,3319.9065027360225
1.926,3319.225358798354
1.928,3318.542351904864
1.93,3317.8539312407597
1.932,3317.154675666141
1.934,3316.439577051331
1.936,3315.7068103839547
1.938,3314.959136582248
1.94,3314.204572813259
1.942,3313.454948264545
1.944,3312.7241104103177
1.946,3312.0257485109987
1.948,3311.370740497675
1.95,3310.7663409264514
1.952,3310.215574348498
1.954,3309.717416038213
1.956,3309.267046100173
1.958,3308.855598855239
1.96,3308.470468323805
1.962,3308.095318431523
1.964,3307.710902379482
1.966,3307.2976908305427
1.968,3306.827030615819
1.97,3306.2944698787946
1.972,3305.6955983755092
1.974,3305.032737535678
1.976,3304.313546070816
1.978,3303.5482731236184
1.98,3302.748015628895
1.982,3301.923817404003
1.984,3301.086624590843
1.986,3300.247935069749
1.988,3299.420084494814
1.99,3298.6168217951686
1.992,3297.8477597630035
1.994,3297.119296769553
1.996,3296.4314751619754
1.998,3295.7773047656474
2.0,3295.141944118462
2.0020000000000002,3294.5067861147318
2.004,3293.851415491549
2.0060000000000002,3293.158435696286
2.008,3292.416281881224
2.0100000000000002,3291.621141976862
2.012,3290.777533313338
2.0140000000000002,3289.896618554852
2.016,3288.9938807257226
2.0180000000000002,3288.0862081027126
2.02,3287.1880711143976
2.0220000000000002,3286.309544631742
2.024,3285.455059322363
2.0260000000000002,3284.6237111471974
2.028,3283.811340281127
2.0300000000000002,3283.0132387537187
2.032,3282.2272088528716
2.0340000000000003,3281.455019195637
2.036,3280.7024878639063
2.0380000000000003,3279.9779440144052
2.04,3279.28952953883
2.0420000000000003,3278.6423333661082
2.044,3278.036582132119
2.0460000000000003,3277.466891032445
2.048,3276.922668384648
2.05,3276.390094611702
2.052,3275.8537618171795
2.054,3275.298421882011
2.056,3274.7104536710317
2.058,3274.078792586583
2.06,3273.3977475792294
2.062,3272.6610824546256
2.064,3271.8709167857223
2.066,3271.0348125247187
2.068,3270.1650285548576
2.07,3269.2768704391224
2.072,3268.386792514737
2.074,3267.509376821922
2.076,3266.6555444359806
2.078,3265.831315733197
2.08,3265.0381658014003
2.082,3264.2735294247445
2.084,3263.5323587872076
2.086,3262.8088808817856
2.088,3262.09801270804
2.09,3261.3961855840744
2.092,3260.6998130197026
2.094,3260.0088442468514
2.096,3259.3227300879676
2.098,3258.6403575558934
2.1,3257.959909433162
2.102,3257.2796380367845
2.104,3256.599432598404
2.106,3255.9224490345605
2.108,3255.256334818349
2.11,3254.612650131838
2.112,3254.0049646447396
2.114,3253.4456061144106
2.116,3252.9436877308294
2.118,3252.497058354248
2.12,3252.097372196772
2.122,3251.7299259707684
2.124,3251.376647449904
2.126,3251.019899772265
2.128,3250.6460683424143
2.13,3250.2469181910833
2.132,3249.819794913382
2.134,3249.36618853339
2.136,3248.890017772722
2.138,3248.396331600177
2.14,3247.890461505939
2.142,3247.377970175904
2.144,3246.8647880718577
2.146,3246.357084119339
2.148,3245.860982374811
2.15,3245.38153562801
2.152,3244.9220831964576
2.154,3244.483942593095
2.156,3244.06640153812
2.158,3243.667265392222
2.16,3243.283627742017
2.162,3242.9101302832273
2.164,3242.546227437642
2.166,3242.1881122530176
2.168,3241.8309028934304
2.17,3241.468314051668
2.172,3241.093083382985
2.174,3240.6978130635034
2.176,3240.2764227129114
2.178,3239.8253421935697
2.18,3239.344956780621
2.182,3238.8400989657716
2.184,3238.3204625630024
2.186,3237.7997212923674
2.188,3237.2932526345417
2.19,3236.8154562853147
2.192,3236.3765237295775
2.194,3235.979781240183
2.196,3235.62075601962
2.198,3235.288072639956
2.2,3234.9665656382567
2.202,3234.6411926203114
2.204,3234.301056613237
2.206,3233.9418820620535
2.208,3233.566276944734
2.21,3233.181755333897
2.212,3232.796920208567
2.214,3232.4179898332577
2.216,3232.045825737745
2.218,3231.6727672092147
2.22,3231.2894833812256
2.222,3230.881335875783
2.224,3230.4331714682075
2.226,3229.9318841490212
2.228,3229.3689856478354
2.23,3228.742412319316
2.232,3228.057074384769
2.234,3227.324654372643
2.236,3226.5617219532132
2.238,3225.7872871856985
2.24,3225.0194573144836
2.242,3224.2720928097247
2.244,3223.5530009000927
2.246,3222.863110342499
2.248,3222.1977191093406
2.25,3221.548436933536
2.2520000000000002,3220.9061121419904
2.254,3220.2631642470215
2.2560000000000002,3219.6141646861734
2.258,3218.9558901407017
2.2600000000000002,3218.2866427552285
2.262,3217.6046473295096
2.2640000000000002,3216.9076518613438
2.266,3216.1956954725542
2.2680000000000002,3215.4630175859083
2.27,3214.7089264780757
2.2720000000000002,3213.9353335658543
2.274,3213.147415590128
2.2760000000000002,3212.353779393039
2.278,3211.565728511414
2.2800000000000002,3210.7964443038077
2.282,3210.0595131372493
2.2840000000000003,3209.367090446218
2.286,3208.7283742780837
2.2880000000000003,3208.148028521041
2.29,3207.625745155087
2.2920000000000003,3207.15658200985
2.294,3206.732207722377
2.2960000000000003,3206.343159930844
2.298,3205.9809035359017
2.3000000000000003,3205.639433669843
2.302,3205.3157065540076
2.3040000000000003,3205.008843936313
2.306,3204.718147230332
2.308,3204.4406324786064
2.31,3204.1687293105124
2.312,3203.889237373017
2.314,3203.584472942777
2.316,3203.2338715354085
2.318,3202.8182401151084
2.32,3202.3242389713705
2.322,3201.7478026389526
2.324,3201.0970878845505
2.326,3200.392288854801
2.328,3199.6637697443366
2.33,3198.9472526124564
2.332,3198.276986414294
2.334,3197.680535650884
2.336,3197.1730732342494
2.338,3196.7554173321478
2.34,3196.4152844761406
2.342,3196.1312532469583
2.344,3195.8793507456526
2.346,3195.6386503060667
2.348,3195.3965597334386
2.35,3195.1507436030497
2.352,3194.907915026751
2.354,3194.6803996244535
2.356,3194.4811212049935
2.358,3194.320063468592
2.36,3194.2012542615817
2.362,3194.12177686374
2.364,3194.0733084320027
2.366,3194.04323903236
2.368,3194.0131215945794
2.37,3193.969546066577
2.372,3193.8961747507706
2.374,3193.777769831332
2.376,3193.6011338105945
2.378,3193.3566912739384
2.38,3193.0395323395082
2.382,3192.6494540448257
2.384,3192.1909210992853
2.386,3191.67200512219
2.388,3191.102971350607
2.39,3190.495183153926
2.392,3189.8600741904024
2.394,3189.2084971450354
2.396,3188.549695879587
2.398,3187.89012937235
2.4,3187.232391544748
2.402,3186.5737045659253
2.404,3185.9054736407725
2.406,3185.213978543846
2.408,3184.4824594872266
2.41,3183.694426331926
2.412,3182.8372638307037
2.414,3181.9057108656707
2.416,3180.903398548248
2.418,3179.843475356214
2.42,3178.7469521827493
2.422,3177.639859268443
2.424,3176.5499720264647
2.426,3175.502996045173
2.428,3174.518852843006
2.43,3173.6093067646057
2.432,3172.7759346251805
2.434,3172.010726601857
2.436,3171.2971980106263
2.438,3170.614423000507
2.44,3169.9410653800933
2.442,3169.2600223028708
2.444,3168.562944530573
2.446,3167.8511150148847
2.448,3167.1347250575536
2.45,3166.429214886756
2.452,3165.7502759239887
2.454,3165.1095140090565
2.456,3164.5107112503965
2.458,3163.9491246953094
2.46,3163.4123478613124
2.462,3162.8829228190352
2.464,3162.3415766743065
2.466,3161.769529339622
2.468,3161.1510795606046
2.47,3160.4751899966354
2.472,3159.73673962942
2.474,3158.9377365278747
2.476,3158.0873799041606
2.478,3157.2017682826977
2.48,3156.30142833226
2.482,3155.407973444937
2.484,3154.5424035561005
2.486,3153.71705786249
2.488,3152.940191392425
2.49,3152.2139863899106
2.492,3151.53635990556
2.494,3150.902720463614
2.496,3150.306770340409
2.498,3149.741340013814
2.5,3149.198183940186
2.5020000000000002,3148.667832088586
2.504,3148.1400853136015
2.5060000000000002,3147.605457574902
2.508,3147.0564126808936
2.5100000000000002,3146.4887958077516
2.512,3145.9022926205025
2.5140000000000002,3145.300312072585
2.516,3144.689086262401
2.5180000000000002,3144.0766805624853
2.52,3143.472207633265
2.5220000000000002,3142.8853280124304
2.524,3142.325304149248
2.5260000000000002,3141.8000536855907
2.528,3141.314372884078
2.5300000000000002,3140.8688197695933
2.532,3140.4585067355815
2.5340000000000003,3140.073689102362
2.536,3139.7015015613733
2.5380000000000003,3139.328812499036
2.54,3138.945113633007
2.5420000000000003,3138.5454930829924
2.544,3138.1313724847882
2.5460000000000003,3137.708818229971
2.548,3137.2864654542173
2.5500000000000003,3136.872629898833
2.552,3136.4726681278576
2.5540000000000003,3136.0876644530663
2.556,3135.7139620682888
2.5580000000000003,3135.3443961753796
2.56,3134.9696727196956
2.562,3134.579738094933
2.564,3134.1657262193185
2.566,3133.720969945558
2.568,3133.241841001126
2.57,3132.7283260252443
2.572,3132.1836952092463
2.574,3131.6139086866783
2.576,3131.0259966453336
2.578,3130.4264696050845
2.58,3129.820075783704
2.582,3129.2088960236465
2.584,3128.592968555182
2.586,3127.970129804309
2.588,3127.342990256369
2.59,3126.7150657062325
2.592,3126.093087599903
2.594,3125.4855833373977
2.596,3124.900782842804
2.598,3124.3440902484895
2.6,3123.8157249258834
2.602,3123.309995930658
2.604,3122.815430215632
2.606,3122.318011000449
2.608,3121.803477187911
2.61,3121.261485935444
2.612,3120.688836690619
2.614,3120.0907684671774
2.616,3119.480534787119
2.618,3118.878182987734
2.62,3118.3054374237317
2.622,3117.7812794819915
2.624,3117.3181144432324
2.626,3116.9199887175346
2.628,3116.5824676468665
2.63,3116.294011543662
2.632,3116.0392773382673
2.634,3115.801917516852
2.636,3115.56736858521
2.638,3115.324053384189
2.64,3115.0636164814114
2.642,3114.7804878896422
2.644,3114.4708269315324
2.646,3114.131649812287
2.648,3113.7594524996966
2.65,3113.34927389649
2.652,3112.8941108355643
2.654,3112.384369358369
2.656,3111.8087142281
2.658,3111.15559161946
2.66,3110.4150542236353
2.662,3109.5806138739094
2.664,3108.650570384768
2.666,3107.627321566208
2.668,3106.5162655704457
2.67,3105.32433031024
2.672,3104.0570796191805
2.674,3102.717512251447
2.676,3101.305435797663
2.678,3099.815885448851
2.68,3098.23972340611
2.682,3096.5630506833327
2.684,3094.768090427208
2.686,3092.8343582210573
2.688,3090.7402670213028
2.69,3088.4665555841852
2.692,3085.9986730974665
2.694,3083.3286565309613
2.696,3080.4565881344374
2.698,3077.3898022598864
2.7,3074.1420548871833
2.702,3070.7315883586734
2.704,3067.180151020774
2.706,3063.513112521152
2.708,3059.756520790068
2.71,3055.9365446732795
2.712,3052.076664826056
2.714,3048.1920843833173
2.716,3044.2870249393477
2.718,3040.3533656053255
2.72,3036.3702532144653
2.722,3032.310278628557
2.724,3028.1468070018964
2.726,3023.860898024856
2.728,3019.1729968209715
2.73,3014.120484368988
2.732,3008.7441186938395
2.734,3003.086671828967
2.736,2997.1914262806195
2.738,2991.1006987840274
2.74,2984.854970440679
2.742,2978.4924550006454
2.744,2972.0490884905566
2.746,2965.558518206374
2.748,2959.051958632211
2.75,2952.5586474623246
2.7520000000000002,2946.1062400863825
2.754,2939.7214090675097
2.7560000000000002,2933.430888733002
2.758,2927.261657102243
2.7600000000000002,2921.240565864713
2.762,2915.393439025819
2.7640000000000002,2909.743696527563
2.766,2904.3109437810303
2.7680000000000002,2899.1106633951194
2.77,2894.154181452384
2.7720000000000002,2889.4488355358926
2.774,2884.9992037247844
2.7760000000000002,2880.8074065112314
2.778,2870.772957350417
2.7800000000000002,2862.330933180675
2.782,2855.412857527689
2.7840000000000003,2849.953836131402
2.786,2845.8946836569435
2.7880000000000003,2843.178920127328
2.79,2841.760976246858
2.7920000000000003,2841.597388308075
2.794,2842.6514008047225
2.7960000000000003,2844.8816847846147
2.798,2848.2440286186165
2.8000000000000003,2852.6869150488824
2.802,2858.149262160386
2.8040000000000003,2864.558532167071
2.806,2871.830368429699
2.8080000000000003,2879.8669420204747
2.81,2888.2845605523057
2.8120000000000003,2897.0005316140778
2.814,2905.927607016526
2.816,2914.9773848894856
2.818,2924.062041543448
2.82,2933.0960446647982
2.822,2941.9967467081515
2.824,2950.6820544361176
2.826,2959.066126100757
2.828,2967.053670690405
2.83,2974.866466904382
2.832,2982.4682609655265
2.834,2989.822799096677
2.836,2996.893827520672
2.838,3003.645092460349
2.84,3010.0403401385465
2.842,3016.043316778103
2.844,3021.617768601857
2.846,3026.727441832646
2.848,3031.336082693308
2.85,3035.407437406682
2.852,3038.905252195606
2.854,3041.7932732829186
2.856,3044.0352468914566
2.858,3045.59491924406
2.86,3046.4360365635653
2.862,3046.5223450728117
2.864,3045.8175909946376
2.866,3044.285520551881
2.868,3041.8898799673793
2.87,3038.594415463972
2.872,3034.3628732644966
2.874,3029.1589995917916
2.876,3022.9465406686945
2.878,3015.6892427180446
2.88,3014.7735412966313
2.882,3014.035040310847
2.884,3013.4753670079294
2.886,3013.093802927932
2.888,3012.8860951964057
2.89,3012.8487178114897
2.892,3012.9705710575436
2.894,3013.238909504007
2.896,3013.6309679783244
2.898,3014.120683770702
2.9,3014.672105514466
2.902,3015.2399625007633
2.904,3015.768919128249
2.906,3016.1951334337346
2.908,3016.4469323565054
2.91,3016.4469323565054
2.912,3016.4469323565054
2.914,3016.4469323565054
2.916,3016.4469323565054
2.918,3016.4469323565054
2.92,3016.4469323565054
2.922,3016.4469323565054
2.924,3016.4469323565054
2.926,3016.4469323565054
2.928,3016.4469323565054
2.93,3016.4469323565054
2.932,3016.4469323565054
2.934,3016.4469323565054
2.936,3016.4469323565054
2.938,3016.4469323565054
2.94,3016.4469323565054
2.942,3016.4469323565054
2.944,3016.4469323565054
2.946,3016.4469323565054
2.948,3016.4469323565054
2.95,3016.4469323565054
2.952,3016.4469323565054
2.954,3016.4469323565054
2.956,3016.4469323565054
2.958,3016.4469323565054
2.96,3016.4469323565054
2.962,3016.4469323565054
2.964,3016.4469323565054
2.966,3016.4469323565054
2.968,3016.4469323565054
2.97,3016.4469323565054
2.972,3016.4469323565054
2.974,3016.4469323565054
2.976,3016.4469323565054
2.978,3016.4469323565054
2.98,3016.4469323565054
2.982,3016.4469323565054
2.984,3016.4469323565054
2.986,3016.4469323565054
2.988,3016.4469323565054
2.99,3016.4469323565054
2.992,3016.4469323565054
2.994,3014.3709557624875
2.996,3012.7327552449665
2.998,3011.5242113460395
3.0,3010.7340684580718
3.0020000000000002,3010.34695108362
3.004,3010.34303843217
3.0060000000000002,3010.698284419288
3.008,3011.3853614840373
3.0100000000000002,3012.374913210479
3.012,3013.637131615305
3.0140000000000002,3015.1434572884
3.016,3016.867675032989
3.0180000000000002,3018.7867853807456
3.02,3020.881243991707
3.0220000000000002,3023.1345700201555
3.024,3025.532718385585
3.0260000000000002,3028.0632308504587
3.028,3030.714696699042
3.0300000000000002,3033.47623064034
3.032,3036.3368672894517
3.0340000000000003,3039.2850913717666
3.036,3042.308030911913
3.0380000000000003,3045.3910333312447
3.04,3048.5157180992014
3.0420000000000003,3051.6628439260967
3.044,3054.8106488700205
3.0460000000000003,3057.936401315122
3.048,3061.017961493162
3.0500000000000003,3064.034229378069
3.052,3066.9652745821504
3.0540000000000003,3069.792179371038
3.056,3072.4965210178666
3.0580000000000003,3075.0597651893463
3.06,3077.4630213234423
3.0620000000000003,3079.6871299345526
3.064,3081.713111512915
3.0660000000000003,3083.522948001149
3.068,3085.100361092177
3.0700000000000003,3086.4312668991215
3.072,3087.503943753201
3.074,3088.308681600131
3.076,3088.8371254497647
3.078,3089.081501181075
3.08,3089.0338287984173
3.082,3088.685526600979
3.084,3088.026908912002
3.086,3087.0468970300285
3.088,3085.732954992482
3.09,3084.0706303629636
3.092,3082.0431955441445
3.094,3079.631276406209
3.096,3079.3387475944046
3.098,3079.0760722942678
3.1,3078.820172935106
3.102,3078.5464550453994
3.104,3078.2322627648286
3.106,3077.8598672240755
3.108,3077.4191034447194
3.11,3076.9084723187293
3.112,3076.334948466494
3.114,3075.712519441165
3.116,3075.059529157554
3.118,3074.3960639892284
3.12,3073.7412547958975
3.122,3073.1121323503776
3.124,3072.520866262065
3.126,3071.975245158268
3.128,3071.478790052518
3.13,3071.0308156068368
3.132,3070.6264318268304
3.134,3070.256926608227
3.136,3069.9103948166457
3.138,3069.5731387653195
3.14,3069.2312188141386
3.142,3068.874116483487
3.144,3068.4934349801365
3.146,3068.085777609058
3.148,3067.6521968770944
3.15,3067.196971532505
3.152,3066.7267954319204
3.154,3066.2508470602656
3.156,3065.776426780992
3.158,3065.3120321594984
3.16,3064.8652481576332
3.162,3064.442277418414
3.164,3064.047708127891
3.166,3063.684469042299
3.168,3063.353730340468
3.17,3063.0549123814176
3.172,3062.7858082885823
3.174,3062.54274534252
3.176,3062.3208849503844
3.178,3062.1145236174075
3.18,3061.9174511425404
3.182,3061.723296891396
3.184,3061.525654200292
3.186,3061.3183190156897
3.188,3061.095369004959
3.19,3060.8510985085436
3.192,3060.5801346701655
3.194,3060.2777060869244
3.196,3059.9402262139106
3.198,3059.5660000375788
3.2,3059.1557694996964
3.202,3058.712998945952
3.204,3058.2433981046843
3.206,3057.7540487222564
3.208,3057.252275971737
3.21,3056.744609834681
3.212,3056.2361142296495
3.214,3055.7296581985684
3.216,3055.227493505851
3.218,3054.729237655175
3.22,3054.230442278781
3.222,3053.7378015398535
3.224,3053.249084465337
3.226,3052.7626312779644
3.228,3052.276090138897
3.23,3051.786807980124
3.232,3051.2921876859705
3.234,3050.7902090524635
3.236,3050.280314813924
3.238,3049.7640673146752
3.24,3049.246027063005
3.242,3048.734155402154
3.244,3048.239975347079
3.246,3047.7783190176224
3.248,3047.3662205151077
3.25,3047.021728581648
3.2520000000000002,3046.7607846210026
3.254,3046.5943341087777
3.2560000000000002,3046.5246348820997
3.258,3046.54552872028
3.2600000000000002,3046.6380936771056
3.262,3046.7726889951887
3.2640000000000002,3046.911392013276
3.266,3047.0124237611262
3.2680000000000002,3047.0343567726914
3.27,3046.941877727309
3.2720000000000002,3046.709268379269
3.274,3046.321925892935
3.2760000000000002,3045.7776547025283
3.278,3045.0848198165577
3.2800000000000002,3044.260039258207
3.282,3043.325210340503
3.2840000000000003,3042.3042458850728
3.286,3041.220549312104
3.2880000000000003,3040.0938020046783
3.29,3038.9383416146616
3.2920000000000003,3037.762315918045
3.294,3036.567160437881
3.2960000000000003,3035.348713534713
3.298,3034.0986059086513
3.3000000000000003,3032.806374869118
3.302,3031.4616669803568
3.3040000000000003,3030.0560865499706
3.306,3028.5852750549243
3.3080000000000003,3027.0497421345704
3.31,3025.455154491017
3.3120000000000003,3023.8119365267153
3.314,3022.133799698153
3.3160000000000003,3020.436537933932
3.318,3018.7344250406168
3.3200000000000003,3017.0407928384366
3.322,3015.369666067605
3.3240000000000003,3013.7187167243383
3.326,3012.0880104466532
3.3280000000000003,3010.4747431846095
3.33,3008.8753005028825
3.332,3007.2867877186227
3.334,3005.7082768117507
3.336,3004.1424036330545
3.338,3002.5961422695855
3.34,3001.0811982055216
3.342,2999.613983833978
3.344,2998.214292696558
3.346,2996.9029584297678
3.348,2995.6985353623118
3.35,2994.6137149481324
3.352,2993.651924182688
3.354,2992.8057347579957
3.356,2992.0569701467434
3.358,2991.3783048079713
3.36,2990.737537738418
3.362,2990.102103859765
3.364,2989.4437838867016
3.366,2988.742854440209
3.368,2987.9903207551497
3.37,2987.1891083267565
3.372,2986.352140708759
3.374,2985.499602012143
3.376,2984.6558336996595
3.378,2983.844470887046
3.38,2983.0852226732377
3.382,2982.3913537040003
3.384,2981.768019496757
3.386,2981.2122918511955
3.388,2980.7134457311076
3.39,2980.254775200459
3.392,2979.815229169161
3.394,2979.3703868698617
3.396,2978.8952922396065
3.398,2978.3673762734365
3.4,2977.7662013522518
3.402,2977.0822723583583
3.404,2976.314959191091
3.406,2975.4782329224627
3.408,2974.5983823167153
3.41,2973.7116590632713
3.412,2972.8604435552993
3.414,2972.0858768257235
3.416,2971.4225637187787
3.418,2970.895217838919
3.42,2970.515570684862
3.422,2970.284655053139
3.424,2970.1961208056346
3.426,2970.2396551913844
3.428,2970.4050969858145
3.43,2970.685131549336
3.432,2971.076882749103
3.434,2971.582759223863
3.436,2972.210975314607
3.438,2972.9742286030933
3.44,2973.887960067152
3.442,2974.9680605526555
3.444,2976.2252325385575
3.446,2977.661321597173
3.448,2979.2660524292537
3.45,2981.0143643275796
3.452,2982.867968349082
3.454,2984.777700354934
3.456,2986.6892904264373
3.458,2988.5483854363183
3.46,2990.3043571788917
3.462,2991.915813814348
3.464,2993.351941904449
3.466,2994.593226811554
3.468,2995.6321381671833
3.47,2996.47080753963
3.472,2997.118571871444
3.474,2997.5874194646653
3.476,2997.8876084754947
3.478,2998.024460877039
3.48,2997.9955960093375
3.482,2997.7921884793172
3.484,2997.4016254193775
3.486,2996.8106957291902
3.488,2996.0086170112722
3.49,2994.988182805729
3.492,2993.7458886163818
3.494,2992.281563701735
3.496,2990.598394949673
3.498,2988.7051029390946
3.5,2986.616448533974
3.5020000000000002,2984.357281202087
3.504,2981.959197873846
3.5060000000000002,2979.462561999509
3.508,2976.90967669351
3.5100000000000002,2974.344755836881
3.512,2971.8104091340197
3.5140000000000002,2969.346091220796
3.516,2966.98871182729
3.5180000000000002,2964.7730129569914
3.52,2962.732797436297
3.5220000000000002,2960.9011374791485
3.524,2959.3109122381425
3.5260000000000002,2957.995324819331
3.528,2956.9852934378578
3.5300000000000002,2956.3085103580975
3.532,2955.987290213459
3.5340000000000003,2956.033344111979
3.536,2956.445075964963
3.5380000000000003,2957.2041989890754
3.54,2958.274342488641
3.5420000000000003,2959.602400727033
3.544,2961.1205609257227
3.5460000000000003,2962.753416355059
3.548,2964.422774645643
3.5500000000000003,2966.052187780287
3.552,2967.573591071216
3.5540000000000003,2968.929335905304
3.556,2970.073853981025
3.5580000000000003,2970.9753464391933
3.56,2971.615005507576
3.5620000000000003,2971.986446986964
3.564,2972.0955729663206
3.5660000000000003,2971.9594796635897
3.568,2971.6056651138997
3.5700000000000003,2971.070995521107
3.572,2970.399175213515
3.5740000000000003,2969.6379400118094
3.576,2968.834089412616
3.5780000000000003,2968.03301406768
3.58,2967.27118390597
3.5820000000000003,2966.5782071300637
3.584,2965.973429870297
3.586,2965.465174816292
3.588,2965.050009437342
3.59,2964.7134867248433
3.592,2964.4313629040716
3.594,2964.172526631697
3.596,2963.9034995419843
3.598,2963.59435213773
3.6,2963.2234803421343
3.602,2962.7817303607853
3.604,2962.2758896992673
3.606,2961.727217458011
3.608,2961.1699325496133
3.61,2960.648137662298
3.612,2960.2094365600833
3.614,2959.9006997249294
3.616,2959.763466895239
3.618,2959.8313377063378
3.62,2960.128806620155
3.622,2960.669591228297
3.624,2961.458227967948
3.626,2962.4890113733936
3.628,2963.743903423439
3.63,2965.1937604748923
3.632,2966.7974021540936
3.634,2968.502112996276
3.636,2970.2485875332536
3.638,2971.9744930676925
3.64,2973.619349207436
3.642,2975.1296132640005
3.644,2976.461243305067
3.646,2977.581809405947
3.648,2978.47001317961
3.65,2979.1152865524177
3.652,2979.5176929291947
3.654,2979.6859918898926
3.656,2979.6371688576364
3.658,2979.3964087150603
3.66,2978.9942614100246
3.662,2978.466176655684
3.664,2977.852446881037
3.666,2977.194861340202
3.668,2976.5358530099447
3.67,2975.9163451325708
3.672,2975.3711045391983
3.674,2974.9259548066384
3.676,2974.5943556939155
3.678,2974.3779698022117
3.68,2974.2646312856486
3.682,2974.2355620415306
3.684,2974.2660475360776
3.686,2974.330407536658
3.688,2974.403906400747
3.69,2974.464292914306
3.692,2974.4914410759047
3.694,2974.4678962753756
3.696,2974.3799012507875
3.698,2974.218441103001
3.7,2973.9805018960433
3.702,2973.6687899087574
3.704,2973.29130169016
3.706,2972.860084535021
3.708,2972.3888880636814
3.71,2971.8919185824207
3.712,2971.382405747935
3.714,2970.871252220829
3.716,2970.3661902607205
3.718,2969.8708693070193
3.72,2969.384774571087
3.722,2968.9036329463543
3.724,2968.42064358603
3.726,2967.929212356254
3.728,2967.4250849402056
3.73,2966.908435236642
3.732,2966.385149670659
3.734,2965.866298438536
3.736,2965.366895069019
3.738,2964.9026067913724
3.74,2964.4873866238063
3.742,2964.1311285326688
3.744,2963.836369986074
3.746,2963.597741876002
3.748,2963.4013637292846
3.75,2963.2251428441555
3.7520000000000002,2963.0407766670282
3.754,2962.815856133437
3.7560000000000002,2962.517779548026
3.758,2962.1161869631137
3.7600000000000002,2961.5853445546545
3.762,2960.9070391871833
3.7640000000000002,2960.0720773879643
3.766,2959.081230556481
3.7680000000000002,2957.945998031637
3.77,2956.687859849962
3.7720000000000002,2955.3368017933344
3.774,2953.9278393226596
3.7760000000000002,2952.497082163442
3.778,2951.077531914805
3.7800000000000002,2949.695656892558
3.782,2948.370634451556
3.7840000000000003,2947.114223802355
3.786,2945.930954871266
3.7880000000000003,2944.8185738595384
3.79,2943.766886533588
3.7920000000000003,2942.756769331058
3.794,2941.760500361826
3.7960000000000003,2940.744098905777
3.798,2939.672999057032
3.8000000000000003,2938.5174408193816
3.802,2937.2580529518013
3.8040000000000003,2935.889173957119
3.806,2934.4177059396848
3.8080000000000003,2932.8605589792974
3.81,2931.2407925140315
3.8120000000000003,2929.5841720630488
3.814,2927.9175711893777
3.8160000000000003,2926.268470083706
3.818,2924.6653365763173
3.8200000000000003,2923.137031177982
3.822,2921.7104579331317
3.8240000000000003,2920.408462054265
3.826,2919.2472433181574
3.8280000000000003,2918.2351248310865
3.83,2917.3734795925297
3.8320000000000003,2916.65854953838
3.834,2916.0837984281047
3.8360000000000003,2915.6406076566145
3.838,2915.3172263778547
3.84,2915.0971936069964
3.842,2914.956990712332
3.844,2914.864993402407
3.846,2914.784361520835
3.848,2914.676829903419
3.85,2914.508547939071
3.852,2914.256154263549
3.854,2913.910019308224
3.856,2913.4766154412127
3.858,2912.9770983075123
3.86,2912.445461310368
3.862,2911.9256607796083
3.864,2911.465830261658
3.866,2911.1134077987704
3.868,2910.908717509648
3.87,2910.877694211864
3.872,2911.027931551603
3.874,2911.3457399166614
3.876,2911.798124066004
3.878,2912.337589724148
3.88,2912.9094589599003
3.882,2913.460288862813
3.884,2913.941974335316
3.886,2914.3144231513475
3.888,2914.546191505838
3.89,2914.612726734988
3.892,2914.496515002633
3.894,2914.188307759098
3.896,2913.688362181749
3.898,2913.0072730037305
3.9,2912.1639005376696
3.902,2911.182363867577
3.904,2910.0876353323215
3.906,2908.9022135419996
3.908,2907.6457850662596
3.91,2906.3370971733902
3.912,2904.9973964639307
3.914,2903.652246003203
3.916,2902.3312702553917
3.918,2901.0648612978703
3.92,2899.879783614238
3.922,2898.7957015670117
3.924,2897.8170855621534
3.926,2896.965213828196
3.928,2896.243800299248
3.93,2895.6591334606574
3.932,2895.2208505698677
3.934,2894.93891207127
3.936,2894.818824468659
3.938,2894.857846961051
3.94,2895.043789386163
3.942,2895.3589694200236
3.944,2895.786112445281
3.946,2896.314874627567
3.948,2896.946745309495
3.95,2897.6965647363318
3.952,2898.5903237517155
3.954,2899.659312959373
3.956,2900.9350127052226
3.958,2902.441449826325
3.96,2904.1886515583933
3.962,2906.168806077599
3.964,2908.3519384769697
3.966,2910.6863734147796
3.968,2913.101285600508
3.97,2915.5125284087403
3.972,2917.831719201422
3.974,2919.9727029368537
3.976,2921.8589556507586
3.978,2923.427638967982
3.98,2924.629841332588
3.982,2925.4323464660138
3.984,2925.8177962573695
3.986,2925.784943087924
3.988,2925.3513547699818
3.99,2924.553502042552
3.992,2923.4456063250436
3.994,2922.095982926788
3.996,2920.580374191158
3.998,2918.976944655934
4.0,2917.3589440114843
4.002,2915.789523933632
4.0040000000000004,2914.3206723052444
4.006,2912.9894120451927
4.008,2911.815685628554
4.01,2910.801969360874
4.0120000000000005,2909.931547409758
4.014,2909.1699680738566
4.016,2908.468467299391
4.018,2907.771982395374
4.0200000000000005,2907.0292963465
4.022,2906.2001707424765
4.024,2905.263700365178
4.026,2904.230448940716
4.0280000000000005,2903.1074591562383
4.03,2901.9309215480193
4.032,2900.7453704660775
4.034,2899.5975140407
4.0360000000000005,2898.5315947509266
4.038,2897.5866886481076
4.04,2896.7965594819393
4.042,2896.1893818361896
4.0440000000000005,2895.7875160386325
4.046,2895.6080275820163
4.048,2895.6628247237186
4.05,2895.958532208477
4.0520000000000005,2896.4961731001126
4.054,2897.2696794985977
4.056,2898.2641075606566
4.058,2899.453118683434
4.0600000000000005,2900.7972562583122
4.062,2902.2440597820523
4.064,2903.7294316839
4.066,2905.182354786638
4.0680000000000005,2906.5307255829357
4.07,2907.7065424880357
4.072,2908.6510395857113
4.074,2909.317277809635
4.0760000000000005,2909.671703292067
4.078,2909.695004027754
4.08,2909.3829341562273
4.082,2908.7486242774453
4.0840000000000005,2907.8237890515943
4.086,2906.6586711786404
4.088,2905.320330543867
4.09,2903.8867399832056
4.0920000000000005,2902.43867468276
4.094,2901.0501689215866
4.096,2899.77985990545
4.098,2898.665581566648
4.1,2897.721175794718
4.102,2896.9389781198233
4.104,2896.2940380339505
4.106,2895.7534169748455
4.108,2895.277934406121
4.11,2894.8326834301297
4.112,2894.391495201221
4.114,2893.9400759273676
4.116,2893.476085778452
4.118,2893.009377123115
4.12,2892.5592677593745
4.122,2892.1392247085814
4.124,2891.763799815428
4.126,2891.440785099782
4.128,2891.17050146232
4.13,2890.9467819781134
4.132,2890.7600071537795
4.134,2890.5994578666755
4.136,2890.4540866752122
4.138,2890.314634657184
4.14,2890.174111150664
4.142,2890.0275261204515
4.144,2889.8736827947823
4.146,2889.7156674108733
4.148,2889.5600226443685
4.15,2889.4161825410774
4.152,2889.2940352971573
4.154,2889.2008803271888
4.156,2889.1392581854816
4.158,2889.105346467454
4.16,2889.0881049517952
4.162,2889.068713988602
4.164,2889.0213055963623
4.166,2888.913915342587
4.168,2888.7096207499085
4.17,2888.3690945016415
4.172,2887.853206958418
4.174,2887.126526530944
4.176,2886.16036202266
4.178,2884.9362310417973
4.18,2883.4508192108437
4.182,2881.7194229066936
4.184,2879.779468151353
4.186,2877.6913316945693
4.188,2875.533891035146
4.19,2873.3979971727163
4.192,2871.3749327222968
4.194,2869.5461682569094
4.196,2867.9770647494242
4.198,2866.71355202867
4.2,2865.7849866625093
4.202,2865.2084090788035
4.204,2864.992591978188
4.206,2865.1413389650725
4.208,2865.647957269207
4.21,2866.4989363151517
4.212,2867.6687487040836
4.214,2869.1203751079306
4.216,2870.8071730287847
4.218,2872.676816650194
4.22,2874.674718456162
4.222,2876.7431196378925
4.224,2878.833755921111
4.226,2880.8996465889727
4.228,2882.8982334397583
4.23,2884.7914782848848
4.232,2886.545271011416
4.234,2888.1283250597085
4.236,2889.5112613241376
4.238,2890.666174525558
4.24,2891.568802701839
4.242,2892.2013875430553
4.244,2892.5559991638743
4.246,2892.6386886414907
4.248,2892.470281499019
4.25,2892.0849813219693
4.252,2891.526072703805
4.2540000000000004,2890.8395373080625
4.256,2890.0677066882126
4.258,2889.2432611925196
4.26,2888.386594647353
4.2620000000000005,2887.505668584503
4.264,2886.599497924863
4.266,2885.6632886498383
4.268,2884.6938617466235
4.2700000000000005,2883.6942998856107
4.272,2882.6759768789784
4.274,2881.6598463363134
4.276,2880.6737285725294
4.2780000000000005,2879.750299431756
4.28,2878.926177850772
4.282,2878.2678595183247
4.284,2877.771856326762
4.2860000000000005,2877.458399111298
4.288,2877.331437205672
4.29,2877.3825833188403
4.292,2877.5886342328267
4.2940000000000005,2877.918044755675
4.296,2878.3376642823705
4.298,2878.8180434004007
4.3,2879.3398365219246
4.3020000000000005,2879.891309678823
4.304,2880.4685304499794
4.306,2881.0711776142007
4.308,2881.6981122960055
4.3100000000000005,2882.3434223364147
4.312,2882.995373044246
4.314,2883.6348275931136
4.316,2884.2335001426854
4.3180000000000005,2884.755780177001
4.32,2885.160014419764
4.322,2885.401258077095
4.324,2885.4379442541826
4.3260000000000005,2885.236412141883
4.328,2884.775140216225
4.33,2884.046013884426
4.332,2883.0524875313254
4.3340000000000005,2881.80735950906
4.336,2880.327921894532
4.338,2878.6349113055903
4.34,2876.75402198998
4.3420000000000005,2874.7175014794175
4.344,2872.5665613827505
4.346,2870.3523292702707
4.348,2868.1326553185677
4.3500000000000005,2865.967102345797
4.352,2863.911709932694
4.354,2862.01414077213
4.356,2860.3126863786138
4.358,2858.8377488303554
4.36,2857.6150440140937
4.362,2856.6688793368603
4.364,2856.0237981981454
4.366,2855.703291003956
4.368,2855.727781192329
4.37,2856.1117634077286
4.372,2856.859622533761
4.374,2857.963885519095
4.376,2859.403073707096
4.378,2861.1396078918224
4.38,2863.119785814329
4.382,2865.2733612635675
4.384,2867.479326705594
4.386,2869.673734273662
4.388,2871.765232694416
4.39,2873.674713358414
4.392,2875.335416323875
4.394,2876.6987103184656
4.396,2877.7365144659525
4.398,2878.438958295222
4.4,2878.8129624667154
4.402,2878.8812965431057
4.404,2878.6829767852946
4.406,2878.269019839799
4.408,2877.698299807081
4.41,2877.032295401913
4.412,2876.3308225379615
4.414,2875.643941220303
4.416,2875.010661003565
4.418,2874.4597924001096
4.42,2874.0074115988477
4.422,2873.6595816940776
4.424,2873.413099343566
4.426,2873.2530324639292
4.428,2873.1538801719444
4.43,2873.079862496317
4.432,2872.9898575472153
4.434,2872.8429072516965
4.436,2872.604018313407
4.438,2872.252625314657
4.44,2871.7845583585213
4.442,2871.212354262072
4.444,2870.561731223517
4.446,2869.8656676582164
4.448,2869.158953237564
4.45,2868.4717618463183
4.452,2867.826978912659
4.454,2867.2386950510167
4.456,2866.7117138891413
4.458,2866.2424937007595
4.46,2865.8190013721187
4.462,2865.423064951193
4.464,2865.031239749047
4.466,2864.6146706180793
4.468,2864.1427101804743
4.47,2863.5883200927706
4.472,2862.9199544313265
4.474,2862.1126530647584
4.476,2861.147005498587
4.478,2860.0100656878626
4.48,2858.7017726667987
4.482,2857.2383639478066
4.484,2855.648022273569
4.486,2853.9708683207364
4.488,2852.257267001476
4.49,2850.5662315072627
4.492,2848.957416969931
4.494,2847.4899624469995
4.496,2846.2210797565804
4.498,2845.1991567630184
4.5,2844.4632591381555
4.502,2844.040562426941
4.5040000000000004,2843.941416963397
4.506,2844.1589502228576
4.508,2844.667991456017
4.51,2845.42934885624
4.5120000000000005,2846.39317849785
4.514,2847.5016229651133
4.516,2848.696909761014
4.518,2849.9222399153264
4.5200000000000005,2851.1226425485424
4.522,2852.250516744297
4.524,2853.2663921276217
4.526,2854.1417268662967
4.5280000000000005,2854.862607177607
4.53,2855.429649573154
4.532,2855.8573784118403
4.534,2856.1679120709846
4.5360000000000005,2856.3856090427794
4.538,2856.5319192020947
4.54,2856.6182521143187
4.542,2856.644864670627
4.5440000000000005,2856.600509410684
4.546,2856.4633398129777
4.548,2856.2035035821095
4.55,2855.785017356633
4.5520000000000005,2855.170315956838
4.554,2854.323409990229
4.556,2853.21408306382
4.558,2851.824899260382
4.5600000000000005,2850.1545076038738
4.562,2848.2213694742245
4.564,2846.064306193453
4.566,2843.7404570440603
4.5680000000000005,2841.3234373152936
4.57,2838.898415096862
4.572,2836.553231323391
4.574,2834.383609263254
4.5760000000000005,2832.480142650403
4.578,2830.9257937068714
4.58,2829.7918839944687
4.582,2829.128630832466
4.5840000000000005,2828.9595064288837
4.586,2829.284872596755
4.588,2830.0807421438085
4.59,2831.3012022043877
4.5920000000000005,2832.8804339644685
4.594,2834.738104952044
4.596,2836.782160353311
4.598,2838.912899650686
4.6000000000000005,2841.0314250386295
4.602,2843.044570866478
4.604,2844.8709795023706
4.606,2846.4474954701705
4.6080000000000005,2847.730236031702
4.61,2848.695075393115
4.612,2849.336820252956
4.614,2849.667260850841
4.616,2849.71463658836
4.618,2849.522413324636
4.62,2849.1479407991096
4.622,2848.6597188634296
4.624,2848.129082690763
4.626,2847.6226747536684
4.628,2847.1934174120825
4.63,2846.8708542690492
4.632,2846.6588387519278
4.634,2846.5356900491497
4.636,2846.4593132711902
4.638,2846.3748999690074
4.64,2846.2228071421073
4.642,2845.948114354869
4.644,2845.506528744012
4.646,2844.869265519283
4.648,2844.0272386249258
4.65,2842.990496129002
4.652,2841.787707037879
4.654,2840.459990092028
4.656,2839.056453646722
4.658,2837.630767390682
4.66,2836.2331264294758
4.662,2834.910660450464
4.664,2833.7055691735654
4.666,2832.653689914841
4.668,2831.7841063388146
4.67,2831.117419038135
4.672,2830.6647217258524
4.674,2830.4261141098796
4.676,2830.389820223592
4.678,2830.5344417806114
4.68,2830.829687391847
4.682,2831.238006864274
4.684,2831.7185593459085
4.686,2832.2277514367524
4.688,2832.720585145048
4.69,2833.153718865539
4.692,2833.4865603531794
4.694,2833.6836757165474
4.696,2833.716875574411
4.698,2833.5665850952723
4.7,2833.223035944822
4.702,2832.6851378136785
4.704,2831.960825227599
4.706,2831.0673705853437
4.708,2830.029816018402
4.71,2828.8818075118393
4.712,2827.665411617843
4.714,2826.4274606765102
4.716,2825.216579609794
4.718,2824.077938081658
4.72,2823.0469498503594
4.722,2822.1449622412856
4.724,2821.3759809994117
4.726,2820.728507822539
4.728,2820.177653902383
4.73,2819.689357058128
4.732,2819.228564508484
4.734,2818.763581955921
4.736,2818.2717596450657
4.738,2817.7445158721057
4.74,2817.189399539409
4.742,2816.631348474429
4.744,2816.1092495830267
4.746,2815.6720163208847
4.748,2815.3726220408016
4.75,2815.259079182079
4.752,2815.3702744358116
4.7540000000000004,2815.7305861012887
4.756,2816.3484713988655
4.758,2817.2173499513588
4.76,2818.3148945972516
4.7620000000000005,2819.6070720037005
4.764,2821.048554310197
4.766,2822.585531354218
4.768,2824.1599921986444
4.7700000000000005,2825.7139257641165
4.772,2827.1947396439555
4.774,2828.560548116131
4.776,2829.7826248593583
4.7780000000000005,2830.84700409774
4.78,2831.753696591967
4.782,2832.5141848071194
4.784,2833.148086640768
4.7860000000000005,2833.67852196799
4.788,2834.1279816376123
4.79,2834.513443472906
4.792,2834.8418237632654
4.7940000000000005,2835.1072232267356
4.796,2835.2896368408997
4.798,2835.3575565186306
4.8,2835.27217730267
4.8020000000000005,2834.9946969670013
4.804,2834.4954008023597
4.806,2833.759388227123
4.808,2832.7914448581164
4.8100000000000005,2831.6165873889486
4.812,2830.276958009146
4.814,2828.82696797273
4.816,2827.3263063516265
4.8180000000000005,2825.835976734763
4.82,2824.4138818953043
4.822,2823.1100328525117
4.824,2821.9649727967944
4.8260000000000005,2821.007342518251
4.828,2820.2452852558763
4.83,2819.675953220011
4.832,2819.2830168951887
4.8340000000000005,2819.0400043163186
4.836,2818.917036305205
4.838,2818.8944300464973
4.84,2818.9530789231762
4.8420000000000005,2819.0809098723594
4.844,2819.2683711588284
4.846,2819.5058851393164
4.848,2819.7813903910555
4.8500000000000005,2820.0806122279487
4.852,2820.388370854785
4.854,2820.6877535282156
4.856,2820.9599080482176
4.8580000000000005,2821.183866985857
4.86,2821.33573864543
4.862,2821.390415278155
4.864,2821.3249621485643
4.866,2821.1221789951746
4.868,2820.7736146593647
4.87,2820.279929645621
4.872,2819.6501771656685
4.874,2818.899080278464
4.876,2818.043476833175
4.878,2817.100890760152
4.88,2816.088263610117
4.882,2815.020920271851
4.884,2813.911723494401
4.886,2812.7691583054716
4.888,2811.5956457713555
4.89,2810.38617279842
4.892,2809.129072036821
4.894,2807.809654012974
4.896,2806.415037455701
4.898,2804.9405553353845
4.9,2803.394463603874
4.902,2801.801137353645
4.904,2800.201221820671
4.906,2798.6475894211944
4.908,2797.201333909296
4.91,2795.925647060951
4.912,2794.8796236121175
4.914,2794.1135379558423
4.916,2793.663315390087
4.918,2793.5471115946934
4.92,2793.762051711781
4.922,2794.282425130903
4.924,2795.062406597549
4.926,2796.0393065178346
4.928,2797.1387344291425
4.93,2798.2895776818027
4.932,2799.4217561598884
4.934,2800.4764947485937
4.936,2801.4119636883615
4.938,2802.2040269498466
4.94,2802.836665789718
4.942,2803.311916800204
4.944,2803.6415637146856
4.946,2803.8468808729394
4.948,2803.955846477964
4.95,2804.000159828143
4.952,2804.0101944873336
4.954,2804.0105082019145
4.956,2804.016974964269
4.958,2804.0353542522066
4.96,2804.0625661406466
4.962,2804.0892187892696
4.964,2804.1028274717337
4.966,2804.090680599248
4.968,2804.041636334296
4.97,2803.9476653676297
4.972,2803.8047061385023
4.974,2803.61325611822
4.976,2803.3785793779475
4.978,2803.110008511952
4.98,2802.819920178901
4.982,2802.521157304711
4.984,2802.224298980911
4.986,2801.9355937937753
4.988,2801.655142365352
4.99,2801.3767249542066
4.992,2801.088706492491
4.994,2800.7758567526953
4.996,2800.4218544829364
4.998,2800.011547156723
5.0,2799.5337605295344
5.002,2798.9836956516197
5.0040000000000004,2798.364915236576
5.006,2797.6904802796485
5.008,2796.9838817345735
5.01,2796.2772131083825
5.0120000000000005,2795.608720823173
5.014,2795.0159623672853
5.016,2794.5408872881076
5.018,2794.2097304934305
5.0200000000000005,2794.0451668487626
5.022,2794.058487942925
5.024,2794.2520093986495
5.026,2794.6216166987806
5.0280000000000005,2795.159160204253
5.03,2795.851756223257
5.032,2796.682109967001
5.034,2797.628606596706
5.0360000000000005,2798.66434604397
5.038,2799.758275635661
5.04,2800.8771511511827
5.042,2801.988303012166
5.0440000000000005,2803.0618561565648
5.046,2804.0720957453464
5.048,2804.999123764728
5.05,2805.828702233103
5.0520000000000005,2806.5515552375214
5.054,2807.1635897379633
5.056,2807.664951606804
5.058,2808.0589077974773
5.0600000000000005,2808.3509515296914
5.062,2808.5475414600583
5.064,2808.655206125924
5.066,2808.68007691275
5.0680000000000005,2808.6278724973663
5.07,2808.5039998144503
5.072,2808.313227668338
5.074,2808.058939404305
5.0760000000000005,2807.742308075738
5.078,2807.3614314790007
5.08,2806.9114914062916
5.082,2806.3855640477022
5.0840000000000005,2805.7754500648953
5.086,2805.072529035778
5.088,2804.2675992752047
5.09,2803.3497058150356
5.0920000000000005,2802.3052790771776
5.094,2801.117559822023
5.096,2799.7683670887586
5.098,2798.2413622829
5.1000000000000005,2796.5261225626937
5.102,2794.6247360351554
5.104,2792.556076965785
5.106,2790.358351000498
5.1080000000000005,2788.091581968951
5.11,2785.833562891778
5.112,2783.675073518524
5.114,2781.711038709645
5.1160000000000005,2780.034170289434
5.118,2778.716543949363
5.12,2777.817728246062
5.122,2777.367938648865
5.124,2777.3738936741074
5.126,2777.8170760552607
5.128,2778.6563164647437
5.13,2779.830614480446
5.132,2781.2651049714095
5.134,2782.877897888726
5.136,2784.587051839895
5.138,2786.318660592395
5.14,2788.0112714281095
5.142,2789.617959696977
5.144,2791.105334243421
5.146,2792.450580967507
5.148,2793.638395991065
5.15,2794.6579375837623
5.152,2795.501049586219
5.154,2796.1607490157658
5.156,2796.6315182575136
5.158,2796.909846805452
5.16,2796.9953194609902
5.162,2796.894642309195
5.164,2796.623980172947
5.166,2796.2103429146805
5.168,2795.690746457246
5.17,2795.1078581540482
5.172,2794.5053265857127
5.174,2793.911263352741
5.176,2793.3772396381814
5.178,2792.934795447411
5.18,2792.5864136865926
5.182,2792.331004547407
5.184,2792.1597765606693
5.186,2792.053670622374
5.188,2791.9824544625376
5.19,2791.906486369702
5.192,2791.7747867170174
5.194,2791.541638362994
5.196,2791.165799732012
5.198,2790.6247858608767
5.2,2789.9166938505896
5.202,2789.062070581408
5.204,2788.1012700838455
5.206,2787.0890232736956
5.208,2786.089082526582
5.21,2785.165475434457
5.212,2784.3757514055733
5.214,2783.7647185586484
5.216,2783.3593423988536
5.218,2783.1672588459714
5.22,2783.1760311764865
5.222,2783.357298016068
5.224,2783.670957239763
5.226,2784.0681870340036
5.228,2784.4976549709554
5.23,2784.9084956414226
5.232,2785.252456193575
5.234,2785.487572276605
5.236,2785.5793044241996
5.238,2785.501704903191
5.24,2785.237673919988
5.242,2784.7778919907455
5.244,2784.120220812704
5.246,2783.267905257538
5.248,2782.2291410462244
5.25,2781.0181305312944
5.252,2779.6553994007004
5.2540000000000004,2778.1693508233707
5.256,2776.5982844150594
5.258,2774.988669178791
5.26,2773.3933436636435
5.2620000000000005,2771.868767790149
5.264,2770.4678763159627
5.266,2769.2354876471154
5.268,2768.2039908744487
5.2700000000000005,2767.3905215125314
5.272,2766.7973011423733
5.274,2766.4114274883354
5.276,2766.220767287302
5.2780000000000005,2766.1694810223394
5.28,2766.197046913531
5.282,2766.2588078378585
5.284,2766.308532559198
5.2860000000000005,2766.3066862099545
5.288,2766.2300814522646
5.29,2766.075183755212
5.292,2765.85875302167
5.2940000000000005,2765.621547844819
5.296,2765.4123675142205
5.298,2765.2908624718816
5.3,2765.3096958047936
5.3020000000000005,2765.511480533
5.304,2765.925734233143
5.306,2766.562395986949
5.308,2767.4135432522075
5.3100000000000005,2768.454095350645
5.312,2769.644119555651
5.314,2770.9341322220225
5.316,2772.2695527084948
5.3180000000000005,2773.5989720835473
5.32,2774.8777833102167
5.322,2776.069867371589
5.324,2777.149999440641
5.3260000000000005,2778.1014520926715
5.328,2778.9144609096725
5.33,2779.585858849327
5.332,2780.1180075863795
5.3340000000000005,2780.5186349250916
5.336,2780.798675451431
5.338,2780.969993027959
5.34,2781.0430749578163
5.3420000000000005,2781.0238432733745
5.344,2780.914017135991
5.346,2780.712791887221
5.348,2780.419488934531
5.3500000000000005,2780.0362695328463
5.352,2779.5688803766525
5.354,2779.025468107668
5.356,2778.413784658193
5.3580000000000005,2777.7381965135796
5.36,2776.998361854645
5.362,2776.1893236835035
5.364,2775.302757517953
5.3660000000000005,2774.3292976779576
5.368,2773.259712393638
5.37,2772.08554969397
5.372,2770.800061593715
5.3740000000000006,2769.39910127913
5.376,2767.8836347502306
5.378,2766.2633667822356
5.38,2764.559330006849
5.382,2762.806248009038
5.384,2761.049181050619
5.386,2759.3399161029047
5.388,2757.7314824452083
5.39,2756.269535033564
5.392,2754.98744049977
5.394,2753.901440044085
5.396,2753.0099015911514
5.398,2752.294223657548
5.4,2751.719959132317
5.402,2751.2447711805567
5.404,2750.8227198632517
5.406,2750.40893227995
5.408,2749.9681305103454
5.41,2749.4770022022317
5.412,2748.926506603419
5.414,2748.321427894773
5.416,2747.6771404304677
5.418,2747.016466834763
5.42,2746.362602973107
5.422,2745.736054667612
5.424,2745.1529017777334
5.426,2744.6223923286584
5.428,2744.148616806536
5.43,2743.7318884295482
5.432,2743.369835146556
5.434,2743.0587596708915
5.436,2742.7942082673167
5.438,2742.572071678625
5.44,2742.389068359372
5.442,2742.2431413002446
5.444,2742.134200913172
5.446,2742.0638971146977
5.448,2742.034895387587
5.45,2742.049732630779
5.452,2742.109428881066
5.454,2742.212340898814
5.456,2742.353502689354
5.458,2742.5246418688143
5.46,2742.7146300433324
5.462,2742.910514105868
5.464,2743.0984873008288
5.466,2743.264862942562
5.468,2743.397808053808
5.47,2743.488221873871
5.472,2743.5307481215655
5.474,2743.5244379024857
5.476,2743.472663068214
5.478,2743.383131703842
5.48,2743.265878963176
5.482,2743.1326324790884
5.484,2742.995959618634
5.486,2742.867779302241
5.488,2742.758587603188
5.49,2742.67619275445
5.492,2742.6237960617145
5.494,2742.599391963478
5.496,2742.595691684362
5.498,2742.601170969176
5.5,2742.602316456539
5.502,2742.586016488145
5.5040000000000004,2742.5414788316702
5.506,2742.4609534936385
5.508,2742.3393363793875
5.51,2742.173283971767
5.5120000000000005,2741.9601820283847
5.514,2741.697620601052
5.516,2741.384206121767
5.518,2741.020116501803
5.5200000000000005,2740.6080651002653
5.522,2740.1543039964267
5.524,2739.6688467098397
5.526,2739.165484308796
5.5280000000000005,2738.660782245352
5.53,2738.1727649193663
5.532,2737.7188448095617
5.534,2737.3128341613974
5.5360000000000005,2736.9627167824888
5.538,2736.6688840396296
5.54,2736.4242009061168
5.542,2736.2155293385126
5.5440000000000005,2736.026186943369
5.546,2735.839423625986
5.548,2735.640145453095
5.55,2735.4159292601603
5.5520000000000005,2735.157355189703
5.554,2734.858102387106
5.556,2734.513891443336
5.558,2734.1250537590886
5.5600000000000005,2733.695570747112
5.562,2733.2344435427667
5.564,2732.755239760797
5.566,2732.275733845138
5.5680000000000005,2731.8166204205027
5.57,2731.399307774209
5.572,2731.0445721280144
5.574,2730.770619762592
5.5760000000000005,2730.590852096424
5.578,2730.5122975895874
5.58,2730.5339540949
5.582,2730.6461872969385
5.5840000000000005,2730.830769081073
5.586,2731.061750199326
5.588,2731.3081538661713
5.59,2731.536068234105
5.5920000000000005,2731.711563149023
5.594,2731.8045336138193
5.596,2731.791115554867
5.598,2731.6564871226633
5.6000000000000005,2731.396704622124
5.602,2731.0189898143453
5.604,2730.5410411861926
5.606,2729.988151330443
5.6080000000000005,2729.390282092969
5.61,2728.778533738821
5.612,2728.181290935676
5.614,2727.622308928711
5.6160000000000005,2727.1190563656924
5.618,2726.6816562032263
5.62,2726.3131351371426
5.622,2726.009701436893
5.6240000000000006,2725.7619116572673
5.626,2725.555936175292
5.628,2725.375004302223
5.63,2725.2015668468066
5.632,2725.0183148196766
5.634,2724.809480021674
5.636,2724.562250644092
5.638,2724.2674695252554
5.64,2723.9208033770483
5.642,2723.5232785276103
5.644,2723.0814742868774
5.646,2722.6072849231546
5.648,2722.116411879321
5.65,2721.627135291755
5.652,2721.1585266109473
5.654,2720.7283342009487
5.656,2720.350802455777
5.658,2720.0362648751825
5.66,2719.787972459004
5.662,2719.603711732514
5.664,2719.4760767743205
5.666,2719.394351916082
5.668,2719.3460651297705
5.67,2719.3184742574563
5.672,2719.2994900731537
5.674,2719.277610889643
5.676,2719.2420646664027
5.678,2719.1832945651613
5.68,2719.093825652424
5.682,2718.9695571807256
5.684,2718.8107004200965
5.686,2718.6221581211844
5.688,2718.4130456179905
5.69,2718.195402188571
5.692,2717.9830695123387
5.694,2717.790477158094
5.696,2717.6312671377905
5.698,2717.5175582427146
5.7,2717.4586272271913
5.702,2717.459311577659
5.704,2717.519085964079
5.706,2717.631246319543
5.708,2717.783392558375
5.71,2717.958434626864
5.712,2718.1363398909252
5.714,2718.296322358488
5.716,2718.4179704487483
5.718,2718.4825135845476
5.72,2718.4740684660323
5.722,2718.3804471723242
5.724,2718.1944549154664
5.726,2717.914923452839
5.728,2717.547016763152
5.73,2717.101950539677
5.732,2716.595594834947
5.734,2716.0471574805624
5.736,2715.476891469437
5.738,2714.90444841175
5.74,2714.3468674312758
5.742,2713.8171395032678
5.744,2713.323163767518
5.746,2712.867597677079
5.748,2712.4480370958827
5.75,2712.0580450314283
5.752,2711.6882794338944
5.7540000000000004,2711.327939068976
5.756,2710.966311580787
5.758,2710.5939507747394
5.76,2710.204135654672
5.7620000000000005,2709.7941953165173
5.764,2709.3662524765914
5.766,2708.9274300091924
5.768,2708.4889654145168
5.7700000000000005,2708.0643240542076
5.772,2707.6668316153223
5.774,2707.307327616665
5.776,2706.992654626104
5.7780000000000005,2706.725030721151
5.78,2706.5024675965956
5.782,2706.3214722518583
5.784,2706.1736252109094
5.7860000000000005,2706.051778996807
5.788,2705.9498878411064
5.79,2705.864125102811
5.792,2705.793639909857
5.7940000000000005,2705.7406678270736
5.796,2705.710017134032
5.798,2705.7078469776143
5.8,2705.739973514219
5.8020000000000005,2705.8101056691953
5.804,2705.918549801602
5.806,2706.0615144779676
5.808,2706.2310121454248
5.8100000000000005,2706.4154600669053
5.812,2706.6007166756804
5.814,2706.771512780101
5.816,2706.9132137782017
5.8180000000000005,2707.013674344867
5.82,2707.0653327695145
5.822,2707.066525972762
5.824,2707.0219107174203
5.8260000000000005,2706.941909908052
5.828,2706.840825634107
5.83,2706.734679016438
5.832,2706.6385977928603
5.8340000000000005,2706.5644696953505
5.836,2706.51919270121
5.838,2706.503952553662
5.84,2706.5138652116216
5.8420000000000005,2706.5398074117165
5.844,2706.5701758974237
5.846,2706.5930753697
5.848,2706.5979096301667
5.8500000000000005,2706.5759893774584
5.852,2706.5201655464093
5.854,2706.42400054682
5.856,2706.281207287718
5.8580000000000005,2706.085868633209
5.86,2705.8332875560386
5.862,2705.5212998362995
5.864,2705.151041704531
5.8660000000000005,2704.726844946202
5.868,2704.2552853379507
5.87,2703.7437520264016
5.872,2703.1992901158555
5.8740000000000006,2702.62796016215
5.876,2702.0349412199043
5.878,2701.4249934067198
5.88,2700.8030258349168
5.882000000000001,2700.17450288968
5.884,2699.543761781888
5.886,2698.91921681311
5.888,2698.308965706275
5.89,2697.7216643366723
5.892,2697.1656750287543
5.894,2696.6476247121795
5.896,2696.1707481001135
5.898,2695.7334850824354
5.9,2695.3291217378423
5.902,2694.946548288691
5.904,2694.572417897478
5.906,2694.193849192573
5.908,2693.8007410959467
5.91,2693.387527621023
5.912,2692.953671508343
5.914,2692.5035164605533
5.916,2692.0450507531104
5.918,2691.58886382765
5.92,2691.1470068600875
5.922,2690.7313357787543
5.924,2690.352126653996
5.926,2690.0170388803103
5.928,2689.7302017862394
5.93,2689.4920140302556
5.932,2689.2992046007203
5.934,2689.1456886108895
5.936,2689.0234992140686
5.938,2688.923590317959
5.94,2688.837011557448
5.942,2688.755603835577
5.944,2688.672240527837
5.946,2688.580741686476
5.948,2688.475593939563
5.95,2688.3516438246475
5.952,2688.2041669846562
5.954,2688.029458919833
5.956,2687.825833134913
5.958,2687.5944721477867
5.96,2687.3397593918094
5.962,2687.0691324216746
5.964,2686.79182365815
5.966,2686.517341543407
5.968,2686.253903928511
5.97,2686.007097928593
5.972,2685.779164064828
5.974,2685.5686253327262
5.976,2685.370822436114
5.978,2685.1786988586177
5.98,2684.9838995211067
5.982,2684.778638154557
5.984,2684.5514908603345
5.986,2684.3072186674876
5.988,2684.047693957507
5.99,2683.7776618972835
5.992,2683.5035197685047
5.994,2683.2312981639207
5.996,2682.9652793467326
5.998,2682.707464332416
6.0,2682.457515944773
6.002,2682.213618239933
6.0040000000000004,2681.97346310838
6.006,2681.734973873213
6.008,2681.4967952259562
6.01,2681.2584346829835
6.0120000000000005,2681.020662690476
6.014,2680.7858129789133
6.016,2680.5578224555684
6.018,2680.342643101331
6.0200000000000005,2680.1474608164435
6.022,2679.979912183906
6.024,2679.846799405552
6.026,2679.753060554841
6.0280000000000005,2679.7011921428557
6.03,2679.690765974389
6.032,2679.718526514756
6.034,2679.7786275790795
6.0360000000000005,2679.8626785360766
6.038,2679.960043130372
6.04,2680.0582614613677
6.042,2680.143981762131
6.0440000000000005,2680.204304655177
6.046,2680.228126162241
6.048,2680.2078987026
6.05,2680.140459462647
6.0520000000000005,2680.0270972484077
6.054,2679.87307468515
6.056,2679.6862909964266
6.058,2679.4757714293473
6.0600000000000005,2679.249925770516
6.062,2679.0151025903424
6.064,2678.7746018941816
6.066,2678.5281931401682
6.0680000000000005,2678.2725298450328
6.07,2678.0021516821553
6.072,2677.7109908455295
6.074,2677.3938521031764
6.0760000000000005,2677.0476119507052
6.078,2676.6719911732553
6.08,2676.2695265741568
6.082,2675.846982582572
6.0840000000000005,2675.4131292378906
6.086,2674.986574176253
6.088,2674.5745437823903
6.09,2674.1891208177103
6.0920000000000005,2673.839971856675
6.094,2673.5327237363194
6.096,2673.2671111444856
6.098,2673.0379437932165
6.1000000000000005,2672.836386443865
6.102,2672.652383483585
6.104,2672.4771825130997
6.106,2672.309732064269
6.1080000000000005,2672.1417093687915
6.11,2671.975592206537
6.112,2671.8166218798115
6.114,2671.671357766694
6.1160000000000005,2671.5458693644255
6.118,2671.444313112578
6.12,2671.3681755163116
6.122,2671.315912009547
6.1240000000000006,2671.2831256505315
6.126,2671.2634816840055
6.128,2671.249681200919
6.13,2671.234445815702
6.132000000000001,2671.211303152971
6.134,2671.175102928601
6.136,2671.1225312896267
6.138,2671.0520082888297
6.140000000000001,2670.9639842971546
6.142,2670.861187433472
6.144,2670.7480938891413
6.146,2670.6305254580793
6.148,2670.5145928855613
6.15,2670.405206758606
6.152,2670.3046058440814
6.154,2670.2110173335827
6.156,2670.1182780210524
6.158,2670.0159348467732
6.16,2669.89017436265
6.162,2669.7261532288358
6.164,2669.5102894660313
6.166,2669.2324559688127
6.168,2668.888266868447
6.17,2668.479731625972
6.172,2668.0151378116225
6.174,2667.508112310798
6.176,2666.9759191355947
6.178,2666.438040654537
6.18,2665.9142504849005
6.182,2665.423623922653
6.184,2664.9818464006626
6.186,2664.6013831285204
6.188,2664.2892147952234
6.19,2664.046447769639
6.192,2663.8687927496358
6.194,2663.748043259182
6.196,2663.6737842173347
6.198,2663.636121291582
6.2,2663.626521005389
6.202,2663.6385069478797
6.204,2663.667226683644
6.206,2663.7091373869566
6.208,2663.7561163065875
6.21,2663.812617600474
6.212,2663.8783656479613
6.214,2663.9540643624823
6.216,2664.0412048754424
6.218,2664.141980384264
6.22,2664.259419337845
6.222,2664.3973993754717
6.224,2664.560842701913
6.226,2664.75563078561
6.228,2664.987630582177
6.23,2665.2614511018896
6.232,2665.578742843769
6.234,2665.9364985496622
6.236,2666.326252511812
6.238,2666.7337396635653
6.24,2667.140368585099
6.242,2667.524859902904
6.244,2667.865096869776
6.246,2668.141126455333
6.248,2668.3365179315156
6.25,2668.4394852865635
6.252,2668.443761308535
6.2540000000000004,2668.3484035577526
6.256,2668.1578890878027
6.258,2667.8814201172013
6.26,2667.53243018922
6.2620000000000005,2667.1279700104433
6.264,2666.6867331025314
6.266,2666.227450710261
6.268,2665.7675635280307
6.2700000000000005,2665.321194414095
6.272,2664.8981986739764
6.274,2664.5043365565557
6.276,2664.1400579896895
6.2780000000000005,2663.8019710476615
6.28,2663.483365585888
6.282,2663.175847756809
6.284,2662.8710993755967
6.2860000000000005,2662.562601855904
6.288,2662.2476140800286
6.29,2661.927528222743
6.292,2661.607358860102
6.2940000000000005,2661.294544443594
6.296,2660.9969056220757
6.298,2660.7207468400875
6.3,2660.4700335532057
6.3020000000000005,2660.246136458794
6.304,2660.048233032437
6.306,2659.874336762167
6.308,2659.7219655219887
6.3100000000000005,2659.5886662053585
6.312,2659.4720962871947
6.314,2659.3701037622664
6.316,2659.280851972519
6.3180000000000005,2659.202895454268
6.32,2659.135247047764
6.322,2659.077340924166
6.324,2659.0287648133694
6.3260000000000005,2658.988910050643
6.328,2658.9565463614013
6.33,2658.929696549228
6.332,2658.9056432751136
6.3340000000000005,2658.8810479850376
6.336,2658.8523403922463
6.338,2658.8163154766758
6.34,2658.7710449955507
6.3420000000000005,2658.716262098185
6.344,2658.654075609272
6.346,2658.589269001085
6.348,2658.528211167417
6.3500000000000005,2658.4779049222557
6.352,2658.444785904428
6.354,2658.433386247336
6.356,2658.4458282434957
6.3580000000000005,2658.481573700907
6.36,2658.5376590082888
6.362,2658.608859295536
6.364,2658.687680289666
6.3660000000000005,2658.7646599712775
6.368,2658.828742945983
6.37,2658.8675462293786
6.372,2658.8683223217754
6.3740000000000006,2658.8191244473983
6.376,2658.7090746373274
6.378,2658.5303852642433
6.38,2658.278180405752
6.382000000000001,2657.951132665943
6.384,2657.5519211053247
6.386,2657.0871485819043
6.388,2656.5671461756
6.390000000000001,2656.005354595649
6.392,2655.41713142433
6.394,2654.818307387164
6.396,2654.2235446851464
6.398000000000001,2653.6450581624526
6.4,2653.0918803214986
6.402,2652.5697924521833
6.404,2652.081863841318
6.406,2651.629233674456
6.408,2651.2117280123784
6.41,2650.828306390368
6.412,2650.4771773699445
6.414,2650.155552439834
6.416,2649.85977811957
6.418,2649.585635932184
6.42,2649.3288374272734
6.422,2649.0857469179928
6.424,2648.8537356833444
6.426,2648.6315992448617
6.428,2648.419291156548
6.43,2648.2174433680575
6.432,2648.027641541456
6.434,2647.8516611260416
6.436,2647.690878137396
6.438,2647.5464613136483
6.44,2647.418794657617
6.442,2647.3078747335708
6.444,2647.2136948593534
6.446,2647.1430199396214
6.448,2647.103539011796
6.45,2647.109697479519
6.452,2647.181885873577
6.454,2647.3463149561835
6.456,2647.6278825217546
6.458,2648.048467711836
6.46,2648.6236417512573
6.462,2649.360448544506
6.464,2650.257914281597
6.466,2651.3078973643205
6.468,2652.496747946406
6.47,2653.8069937006157
6.472,2655.2182554622464
6.474,2656.7081207482165
6.476,2658.252605437906
6.478,2659.8272052762177
6.48,2661.4083659212192
6.482,2662.974890960125
6.484,2664.5096452848015
6.486,2666.0003601945996
6.488,2667.4398705089557
6.49,2668.825453141652
6.492,2670.156891899883
6.494,2671.4346016922686
6.496,2672.6576437427493
6.498,2673.822378786046
6.5,2674.922079594683
6.502,2675.947361961487
6.5040000000000004,2676.8876826617056
6.506,2677.7323681043185
6.508,2678.4716452830044
6.51,2679.097450110574
6.5120000000000005,2679.603152378084
6.514,2679.9833074463572
6.516,2680.2332001234704
6.518,2680.348903142571
6.5200000000000005,2680.327473744329
6.522,2680.1669653554936
6.524,2679.8673453971232
6.526,2679.430885767569
6.5280000000000005,2678.8621911206365
6.53,2678.1685752544
6.532,2677.3603032880683
6.534,2676.450752609302
6.5360000000000005,2675.456730102975
6.538,2674.3991571383276
6.54,2673.3030600741263
6.542,2672.1972720389067
6.5440000000000005,2671.1133526308045
6.546,2670.0845596678587
6.548,2669.137438418886
6.55,2668.2963913727313
6.5520000000000005,2667.577040377042
6.554,2666.9853705053943
6.556,2666.516067307006
6.558,2666.158432670065
6.5600000000000005,2665.8980131307767
6.562,2665.72026905468
6.564,2665.6133196564742
6.566,2665.5681079437973
6.5680000000000005,2665.5772954843465
6.57,2665.632634756286
6.572,2665.7227788197856
6.574,2665.831991230948
6.5760000000000005,2665.94045890708
6.578,2666.026643591999
6.58,2666.07026515603
6.582,2666.0555996337916
6.5840000000000005,2665.9738109312707
6.586,2665.82406355801
6.588,2665.6130960688756
6.59,2665.353130735576
6.5920000000000005,2665.059203111903
6.594,2664.7463668656883
6.596,2664.4276687636857
6.598,2664.1133454648966
6.6000000000000005,2663.8110114282886
6.602,2663.526917529185
6.604,2663.267125609134
6.606,2663.037632798862
6.6080000000000005,2662.844268796185
6.61,2662.690951991167
6.612,2662.5771338786853
6.614,2662.4960519926076
6.6160000000000005,2662.4332661449034
6.618,2662.3675074484554
6.62,2662.27299111759
6.622,2662.1215072480113
6.6240000000000006,2661.889826287233
6.626,2661.561181340728
6.628,2661.1298601300914
6.63,2660.600780155366
6.632000000000001,2659.9898381720745
6.634,2659.3206512763195
6.636,2658.6197030819358
6.638,2657.9123042445776
6.640000000000001,2657.218061534816
6.642,2656.54804919661
6.644,2655.9045880288672
6.646,2655.2823557329484
6.648000000000001,2654.671633949123
6.65,2654.0617177358745
6.652,2653.4447557322883
6.654,2652.818711209062
6.656000000000001,2652.1890142260777
6.658,2651.5692960677306
6.66,2650.9799401661257
6.662,2650.4455771998564
6.664,2649.9904983260117
6.666,2649.6337395877226
6.668,2649.385288393514
6.67,2649.243178166031
6.672,2649.194123804347
6.674,2649.2161184420515
6.676,2649.282745174522
6.678,2649.368277023235
6.68,2649.451423690362
6.682,2649.5184908612614
6.684,2649.5643540486603
6.686,2649.591906847908
6.688,2649.6108104082673
6.69,2649.6347350888564
6.692,2649.6785855918365
6.694,2649.755639975212
6.696,2649.875029946113
6.698,2650.040376156262
6.7,2650.248927979421
6.702,2650.4918871433565
6.704,2650.755156477166
6.706,2651.0201946286625
6.708,2651.2653716265067
6.71,2651.4667760598527
6.712,2651.6002021692807
6.714,2651.6440803791093
6.716,2651.582307069387
6.718,2651.407771248235
6.72,2651.12413546167
6.722,2650.745656347345
6.724,2650.2966396482366
6.726,2649.8046540626638
6.728,2649.2981780309206
6.73,2648.8003544584044
6.732,2648.3274275742856
6.734,2647.8864550590597
6.736,2647.476323284335
6.738,2647.09038145147
6.74,2646.7192354930053
6.742,2646.3540762292073
6.744,2645.989344196061
6.746,2645.6241169393043
6.748,2645.2629372287747
6.75,2644.9153413942618
6.752,2644.5950046609364
6.7540000000000004,2644.317909438751
6.756,2644.0999943674565
6.758,2643.955202348827
6.76,2643.892573660364
6.7620000000000005,2643.9140428208643
6.764,2644.0134365146087
6.766,2644.1755922903585
6.768,2644.3769657071252
6.7700000000000005,2644.587444377988
6.772,2644.771819144702
6.774,2644.8915341078223
6.776,2644.9064160273374
6.7780000000000005,2644.775424274669
6.78,2644.457934249794
6.782,2643.915358864747
6.784,2643.1131562890323
6.7860000000000005,2642.022994852436
6.788,2640.623602416938
6.79,2638.901395004354
6.792,2636.849468538532
6.7940000000000005,2634.4653427721605
6.796,2631.749777405544
6.798,2628.7059662081915
6.8,2625.339788033796
6.8020000000000005,2621.662181587083
6.804,2617.688145218912
6.806,2613.4339496281036
6.808,2608.9301419174476
6.8100000000000005,2604.204366813175
6.812,2599.2861591239357
6.814,2594.205149168783
6.816,2588.988517266144
6.8180000000000005,2583.3850822638133
6.82,2577.448173126257
6.822,2571.227387141521
6.824,2564.76832354006
6.8260000000000005,2558.1133335880736
6.828,2551.302620233571
6.83,2544.375068865177
6.832,2537.369624606918
6.8340000000000005,2530.3262057395996
6.836,2523.286060768045
6.838,2516.2918276162063
6.84,2509.386804080778
6.8420000000000005,2502.613709909178
6.844,2496.0133228966306
6.846,2489.6233044039536
6.848,2483.477493586468
6.8500000000000005,2477.6057423692273
6.852,2472.0340737708266
6.854,2466.784772312788
6.856,2461.8762834540034
6.8580000000000005,2457.3228438409164
6.86,2453.1334780628245
6.862,2449.3113163071944
6.864,2445.8531913570655
6.8660000000000005,2442.748508940214
6.868,2439.9798228613067
6.87,2437.5236944368935
6.872,2435.3507766779085
6.8740000000000006,2433.4283396843566
6.876,2431.72287026602
6.878,2430.2026832356737
6.88,2428.8419374408354
6.882000000000001,2427.623248104734
6.884,2426.5394731377696
6.886,2425.5928659370475
6.888,2424.791985219523
6.890000000000001,2424.1487844917824
6.892,2423.673821421847
6.894,2423.373164676168
6.896,2423.2474626463268
6.898000000000001,2423.2911139792354
6.9,2423.4926601994316
6.902,2423.834779110663
6.904,2424.292618380423
6.906000000000001,2424.8352329817935
6.908,2425.4292150356455
6.91,2426.0240400862954
6.912,2426.567103110641
6.914,2426.9986439085724
6.916,2427.2514627412697
6.918,2427.2514627412697
6.92,2427.2514627412697
6.922,2427.2514627412697
6.924,2427.2514627412697
6.926,2427.2514627412697
6.928,2427.2514627412697
6.93,2427.2514627412697
6.932,2427.2514627412697
6.934,2427.2514627412697
6.936,2427.2514627412697
6.938,2427.2514627412697
6.94,2427.2514627412697
6.942,2427.2514627412697
6.944,2427.2514627412697
6.946,2427.2514627412697
6.948,2427.2514627412697
6.95,2427.2514627412697
6.952,2427.2514627412697
6.954,2427.2514627412697
6.956,2427.2514627412697
6.958,2427.2514627412697
6.96,2427.2514627412697
6.962,2427.2514627412697
6.964,2427.2514627412697
6.966,2427.2514627412697
6.968,2427.2514627412697
6.97,2427.2514627412697
6.972,2427.2514627412697
6.974,2427.2514627412697
6.976,2427.2514627412697
6.978,2427.2514627412697
6.98,2427.2514627412697
6.982,2427.2514627412697
6.984,2427.2514627412697
6.986,2427.2514627412697
6.988,2427.2514627412697
6.99,2427.2514627412697
6.992,2427.2514627412697
6.994,2427.2514627412697
6.996,2427.2514627412697
6.998,2427.2514627412697
7.0,2427.2514627412697
7.002,2427.2514627412697
7.0040000000000004,2427.2514627412697
7.006,2427.2514627412697
7.008,2427.2514627412697
7.01,2427.2514627412697
7.0120000000000005,2427.2514627412697
7.014,2427.2514627412697
7.016,2427.2514627412697
7.018,2427.2514627412697
7.0200000000000005,2427.2514627412697
7.022,2427.2514627412697
7.024,2427.2514627412697
7.026,2427.2514627412697
7.0280000000000005,2427.2514627412697
7.03,2427.2514627412697
7.032,2427.2514627412697
7.034,2427.2514627412697
7.0360000000000005,2427.2514627412697
7.038,2427.2514627412697
7.04,2427.2514627412697
7.042,2427.2514627412697
7.0440000000000005,2427.2514627412697
7.046,2427.2514627412697
7.048,2427.2514627412697
7.05,2427.2514627412697
7.0520000000000005,2427.2514627412697
7.054,2427.2514627412697
7.056,2427.2514627412697
7.058,2427.2514627412697
7.0600000000000005,2427.2514627412697
7.062,2427.2514627412697
7.064,2427.2514627412697
7.066,2427.2514627412697
7.0680000000000005,2427.2514627412697
7.07,2427.2514627412697
7.072,2427.2514627412697
7.074,2427.2514627412697
7.0760000000000005,2427.2514627412697
7.078,2427.2514627412697
7.08,2427.2514627412697
7.082,2427.2514627412697
7.0840000000000005,2427.2514627412697
7.086,2427.2514627412697
7.088,2427.2514627412697
7.09,2427.2514627412697
7.0920000000000005,2427.2514627412697
7.094,2427.2514627412697
7.096,2427.2514627412697
7.098,2427.2514627412697
7.1000000000000005,2427.2514627412697
7.102,2427.2514627412697
7.104,2427.2514627412697
7.106,2427.2514627412697
7.1080000000000005,2427.2514627412697
7.11,2427.2514627412697
7.112,2427.2514627412697
7.114,2427.2514627412697
7.1160000000000005,2427.2514627412697
7.118,2427.2514627412697
7.12,2427.2514627412697
7.122,2427.2514627412697
7.1240000000000006,2427.2514627412697
7.126,2427.2514627412697
7.128,2427.2514627412697
7.13,2427.2514627412697
7.132000000000001,2427.2514627412697
7.134,2427.2514627412697
7.136,2427.2514627412697
7.138,2427.2514627412697
7.140000000000001,2427.2514627412697
7.142,2427.2514627412697
7.144,2427.2514627412697
7.146,2427.2514627412697
7.148000000000001,2427.2514627412697
7.15,2427.2514627412697
7.152,2427.2514627412697
7.154,2427.2514627412697
7.156000000000001,2427.2514627412697
7.158,2427.2514627412697
7.16,2427.2514627412697
7.162,2427.2514627412697
7.164000000000001,2427.2514627412697
7.166,2427.2514627412697
7.168,2427.2514627412697
7.17,2427.2514627412697
7.172,2427.2514627412697
7.174,2427.2514627412697
7.176,2427.2514627412697
7.178,2427.2514627412697
7.18,2427.2514627412697
7.182,2427.2514627412697
7.184,2427.2514627412697
7.186,2427.2514627412697
7.188,2427.2514627412697
7.19,2427.2514627412697
7.192,2427.2514627412697
7.194,2427.2514627412697
7.196,2427.2514627412697
7.198,2427.2514627412697
7.2,2427.2514627412697
7.202,2427.2514627412697
7.204,2427.2514627412697
7.206,2427.2514627412697
7.208,2427.2514627412697
7.21,2427.2514627412697
7.212,2427.2514627412697
7.214,2427.2514627412697
7.216,2427.2514627412697
7.218,2427.2514627412697
7.22,2427.2514627412697
7.222,2427.2514627412697
7.224,2427.2514627412697
7.226,2427.2514627412697
7.228,2427.2514627412697
7.23,2427.2514627412697
7.232,2427.2514627412697
7.234,2427.2514627412697
7.236,2427.2514627412697
7.238,2427.2514627412697
7.24,2427.2514627412697
7.242,2427.2514627412697
7.244,2427.2514627412697
7.246,2427.2514627412697
7.248,2427.2514627412697
7.25,2427.2514627412697
7.252,2427.2514627412697
7.2540000000000004,2427.2514627412697
7.256,2427.2514627412697
7.258,2427.2514627412697
7.26,2427.2514627412697
7.2620000000000005,2427.2514627412697
7.264,2427.2514627412697
7.266,2427.2514627412697
7.268,2427.2514627412697
7.2700000000000005,2427.2514627412697
7.272,2427.2514627412697
7.274,2427.2514627412697
7.276,2427.2514627412697
7.2780000000000005,2427.2514627412697
7.28,2427.2514627412697
7.282,2427.2514627412697
7.284,2427.2514627412697
7.2860000000000005,2427.2514627412697
7.288,2427.2514627412697
7.29,2427.2514627412697
7.292,2427.2514627412697
7.2940000000000005,2427.2514627412697
7.296,2427.2514627412697
7.298,2427.2514627412697
7.3,2427.2514627412697
7.3020000000000005,2427.2514627412697
7.304,2427.2514627412697
7.306,2427.2514627412697
7.308,2427.2514627412697
7.3100000000000005,2427.2514627412697
7.312,2427.2514627412697
7.314,2427.2514627412697
7.316,2427.2514627412697
7.3180000000000005,2427.2514627412697
7.32,2427.2514627412697
7.322,2427.2514627412697
7.324,2427.2514627412697
7.3260000000000005,2427.2514627412697
7.328,2427.2514627412697
7.33,2427.2514627412697
7.332,2427.2514627412697
7.3340000000000005,2427.2514627412697
7.336,2427.2514627412697
7.338,2427.2514627412697
7.34,2427.2514627412697
7.3420000000000005,2427.2514627412697
7.344,2427.2514627412697
7.346,2427.2514627412697
7.348,2427.2514627412697
7.3500000000000005,2427.2514627412697
7.352,2427.2514627412697
7.354,2427.2514627412697
7.356,2427.2514627412697
7.3580000000000005,2427.2514627412697
7.36,2427.2514627412697
7.362,2427.2514627412697
7.364,2427.2514627412697
7.3660000000000005,2427.2514627412697
7.368,2427.2514627412697
7.37,2427.2514627412697
7.372,2427.2514627412697
7.3740000000000006,2427.2514627412697
7.376,2427.2514627412697
7.378,2427.2514627412697
7.38,2427.2514627412697
7.382000000000001,2427.2514627412697
7.384,2427.2514627412697
7.386,2427.2514627412697
7.388,2427.2514627412697
7.390000000000001,2427.2514627412697
7.392,2427.2514627412697
7.394,2427.2514627412697
7.396,2427.2514627412697
7.398000000000001,2427.2514627412697
7.4,2427.2514627412697
7.402,2427.2514627412697
7.404,2427.2514627412697
7.406000000000001,2427.2514627412697
7.408,2427.2514627412697
7.41,2427.2514627412697
7.412,2427.2514627412697
7.414000000000001,2427.2514627412697
7.416,2427.2514627412697
7.418,2427.2514627412697
7.42,2427.2514627412697
7.422000000000001,2427.2514627412697
7.424,2427.2514627412697
7.426,2427.2514627412697
7.428,2427.2514627412697
7.43,2427.2514627412697
7.432,2427.2514627412697
7.434,2427.2514627412697
7.436,2427.2514627412697
7.438,2427.2514627412697
7.44,2427.2514627412697
7.442,2427.2514627412697
7.444,2427.2514627412697
7.446,2427.2514627412697
7.448,2427.2514627412697
7.45,2427.2514627412697
7.452,2427.2514627412697
7.454,2427.2514627412697
7.456,2427.2514627412697
7.458,2427.2514627412697
7.46,2427.2514627412697
7.462,2427.2514627412697
7.464,2427.2514627412697
7.466,2427.2514627412697
7.468,2427.2514627412697
7.47,2427.2514627412697
7.472,2427.2514627412697
7.474,2427.2514627412697
7.476,2427.2514627412697
7.478,2427.2514627412697
7.48,2427.2514627412697
7.482,2427.2514627412697
7.484,2427.2514627412697
7.486,2427.2514627412697
7.488,2427.2514627412697
7.49,2427.2514627412697
7.492,2427.2514627412697
7.494,2427.2514627412697
7.496,2427.2514627412697
7.498,2427.2514627412697
7.5,2427.2514627412697
7.502,2427.2514627412697
7.5040000000000004,2427.2514627412697
7.506,2427.2514627412697
7.508,2427.2514627412697
7.51,2427.2514627412697
7.5120000000000005,2427.2514627412697
7.514,2427.2514627412697
7.516,2427.2514627412697
7.518,2427.2514627412697
7.5200000000000005,2427.2514627412697
7.522,2427.2514627412697
7.524,2427.2514627412697
7.526,2427.2514627412697
7.5280000000000005,2427.2514627412697
7.53,2427.2514627412697
7.532,2427.2514627412697
7.534,2427.2514627412697
7.5360000000000005,2427.2514627412697
7.538,2427.2514627412697
7.54,2427.2514627412697
7.542,2427.2514627412697
7.5440000000000005,2427.2514627412697
7.546,2427.2514627412697
7.548,2427.2514627412697
7.55,2427.2514627412697
7.5520000000000005,2427.2514627412697
7.554,2427.2514627412697
7.556,2427.2514627412697
7.558,2427.2514627412697
7.5600000000000005,2427.2514627412697
7.562,2427.2514627412697
7.564,2427.2514627412697
7.566,2427.2514627412697
7.5680000000000005,2427.2514627412697
7.57,2427.2514627412697
7.572,2427.2514627412697
7.574,2427.2514627412697
7.5760000000000005,2427.2514627412697
7.578,2427.2514627412697
7.58,2427.2514627412697
7.582,2427.2514627412697
7.5840000000000005,2427.2514627412697
7.586,2427.2514627412697
7.588,2427.2514627412697
7.59,2427.2514627412697
7.5920000000000005,2427.2514627412697
7.594,2427.2514627412697
7.596,2427.2514627412697
7.598,2427.2514627412697
7.6000000000000005,2427.2514627412697
7.602,2427.2514627412697
7.604,2427.2514627412697
7.606,2427.2514627412697
7.6080000000000005,2427.2514627412697
7.61,2427.2514627412697
7.612,2427.2514627412697
7.614,2427.2514627412697
7.6160000000000005,2427.2514627412697
7.618,2427.2514627412697
7.62,2427.2514627412697
7.622,2427.2514627412697
7.6240000000000006,2427.2514627412697
7.626,2427.2514627412697
7.628,2427.2514627412697
7.63,2427.2514627412697
7.632000000000001,2427.2514627412697
7.634,2427.2514627412697
7.636,2427.2514627412697
7.638,2427.2514627412697
7.640000000000001,2427.2514627412697
7.642,2427.2514627412697
7.644,2427.2514627412697
7.646,2427.2514627412697
7.648000000000001,2427.2514627412697
7.65,2427.2514627412697
7.652,2427.2514627412697
7.654,2427.2514627412697
7.656000000000001,2427.2514627412697
7.658,2427.2514627412697
7.66,2427.2514627412697
7.662,2427.2514627412697
7.664000000000001,2427.2514627412697
7.666,2427.2514627412697
7.668,2427.2514627412697
7.67,2427.2514627412697
7.672000000000001,2427.2514627412697
7.674,2427.2514627412697
7.676,2427.2514627412697
7.678,2427.2514627412697
7.68,2427.2514627412697
7.682,2427.2514627412697
7.684,2427.2514627412697
7.686,2427.2514627412697
7.688,2427.2514627412697
7.69,2427.2514627412697
7.692,2427.2514627412697
7.694,2427.2514627412697
7.696,2427.2514627412697
7.698,2427.2514627412697
7.7,2427.2514627412697
7.702,2427.2514627412697
7.704,2427.2514627412697
7.706,2427.2514627412697
7.708,2427.2514627412697
7.71,2427.2514627412697
7.712,2427.2514627412697
7.714,2427.2514627412697
7.716,2427.2514627412697
7.718,2427.2514627412697
7.72,2427.2514627412697
7.722,2427.2514627412697
7.724,2427.2514627412697
7.726,2427.2514627412697
7.728,2427.2514627412697
7.73,2427.2514627412697
7.732,2427.2514627412697
7.734,2427.2514627412697
7.736,2427.2514627412697
7.738,2427.2514627412697
7.74,2427.2514627412697
7.742,2427.2514627412697
7.744,2427.2514627412697
7.746,2427.2514627412697
7.748,2427.2514627412697
7.75,2427.2514627412697
7.752,2427.2514627412697
7.7540000000000004,2427.2514627412697
7.756,2427.2514627412697
7.758,2427.2514627412697
7.76,2427.2514627412697
7.7620000000000005,2427.2514627412697
7.764,2427.2514627412697
7.766,2427.2514627412697
7.768,2427.2514627412697
7.7700000000000005,2427.2514627412697
7.772,2427.2514627412697
7.774,2427.2514627412697
7.776,2427.2514627412697
7.7780000000000005,2427.2514627412697
7.78,2427.2514627412697
7.782,2427.2514627412697
7.784,2427.2514627412697
7.7860000000000005,2427.2514627412697
7.788,2427.2514627412697
7.79,2427.2514627412697
7.792,2427.2514627412697
7.7940000000000005,2427.2514627412697
7.796,2427.2514627412697
7.798,2427.2514627412697
7.8,2427.2514627412697
7.8020000000000005,2427.2514627412697
7.804,2427.2514627412697
7.806,2427.2514627412697
7.808,2427.2514627412697
7.8100000000000005,2427.2514627412697
7.812,2427.2514627412697
7.814,2427.2514627412697
7.816,2427.2514627412697
7.8180000000000005,2427.2514627412697
7.82,2427.2514627412697
7.822,2427.2514627412697
7.824,2427.2514627412697
7.8260000000000005,2427.2514627412697
7.828,2427.2514627412697
7.83,2427.2514627412697
7.832,2427.2514627412697
7.8340000000000005,2427.2514627412697
7.836,2427.2514627412697
7.838,2427.2514627412697
7.84,2427.2514627412697
7.8420000000000005,2427.2514627412697
7.844,2427.2514627412697
7.846,2427.2514627412697
7.848,2427.2514627412697
7.8500000000000005,2427.2514627412697
7.852,2427.2514627412697
7.854,2427.2514627412697
7.856,2427.2514627412697
7.8580000000000005,2427.2514627412697
7.86,2427.2514627412697
7.862,2427.2514627412697
7.864,2427.2514627412697
7.8660000000000005,2427.2514627412697
7.868,2427.2514627412697
7.87,2427.2514627412697
7.872,2427.2514627412697
7.8740000000000006,2427.2514627412697
7.876,2427.2514627412697
7.878,2427.2514627412697
7.88,2427.2514627412697
7.882000000000001,2427.2514627412697
7.884,2427.2514627412697
7.886,2427.2514627412697
7.888,2427.2514627412697
7.890000000000001,2427.2514627412697
7.892,2427.2514627412697
7.894,2427.2514627412697
7.896,2427.2514627412697
7.898000000000001,2427.2514627412697
7.9,2427.2514627412697
7.902,2427.2514627412697
7.904,2427.2514627412697
7.906000000000001,2427.2514627412697
7.908,2427.2514627412697
7.91,2427.2514627412697
7.912,2427.2514627412697
7.914000000000001,2427.2514627412697
7.916,2427.2514627412697
7.918,2427.2514627412697
7.92,2427.2514627412697
7.922000000000001,2427.2514627412697
7.924,2427.2514627412697
7.926,2427.2514627412697
7.928,2427.2514627412697
7.930000000000001,2427.2514627412697
7.932,2427.2514627412697
7.934,2427.2514627412697
7.936,2427.2514627412697
7.938,2427.2514627412697
7.94,2427.2514627412697
7.942,2427.2514627412697
7.944,2427.2514627412697
7.946,2427.2514627412697
7.948,2427.2514627412697
7.95,2427.2514627412697
7.952,2427.2514627412697
7.954,2427.2514627412697
7.956,2427.2514627412697
7.958,2427.2514627412697
7.96,2427.2514627412697
7.962,2427.2514627412697
7.964,2427.2514627412697
7.966,2427.2514627412697
7.968,2427.2514627412697
7.97,2427.2514627412697
7.972,2427.2514627412697
7.974,2427.2514627412697
7.976,2427.2514627412697
7.978,2427.2514627412697
7.98,2427.2514627412697
7.982,2427.2514627412697
7.984,2427.2514627412697
7.986,2427.2514627412697
7.988,2427.2514627412697
7.99,2427.2514627412697
7.992,2427.2514627412697
7.994,2427.2514627412697
7.996,2427.2514627412697
7.998,2427.2514627412697
8.0,2427.2514627412697
8.002,2427.2514627412697
8.004,2427.2514627412697
8.006,2427.2514627412697
8.008000000000001,2427.2514627412697
8.01,2427.2514627412697
8.012,2427.2514627412697
8.014,2427.2514627412697
8.016,2427.2514627412697
8.018,2427.2514627412697
8.02,2427.2514627412697
8.022,2427.2514627412697
8.024000000000001,2427.2514627412697
8.026,2427.2514627412697
8.028,2427.2514627412697
8.03,2427.2514627412697
8.032,2427.2514627412697
8.034,2427.2514627412697
8.036,2427.2514627412697
8.038,2427.2514627412697
8.040000000000001,2427.2514627412697
8.042,2427.2514627412697
8.044,2427.2514627412697
8.046,2427.2514627412697
8.048,2427.2514627412697
8.05,2427.2514627412697
8.052,2427.2514627412697
8.054,2427.2514627412697
8.056000000000001,2427.2514627412697
8.058,2427.2514627412697
8.06,2427.2514627412697
8.062,2427.2514627412697
8.064,2427.2514627412697
8.066,2427.2514627412697
8.068,2427.2514627412697
8.07,2427.2514627412697
8.072000000000001,2427.2514627412697
8.074,2427.2514627412697
8.076,2427.2514627412697
8.078,2427.2514627412697
8.08,2427.2514627412697
8.082,2427.2514627412697
8.084,2427.2514627412697
8.086,2427.2514627412697
8.088000000000001,2427.2514627412697
8.09,2427.2514627412697
8.092,2427.2514627412697
8.094,2427.2514627412697
8.096,2427.2514627412697
8.098,2427.2514627412697
8.1,2427.2514627412697
8.102,2427.2514627412697
8.104000000000001,2427.2514627412697
8.106,2427.2514627412697
8.108,2427.2514627412697
8.11,2427.2514627412697
8.112,2427.2514627412697
8.114,2427.2514627412697
8.116,2427.2514627412697
8.118,2427.2514627412697
8.120000000000001,2427.2514627412697
8.122,2427.2514627412697
8.124,2427.2514627412697
8.126,2427.2514627412697
8.128,2427.2514627412697
8.13,2427.2514627412697
8.132,2427.2514627412697
8.134,2427.2514627412697
8.136000000000001,2427.2514627412697
8.138,2427.2514627412697
8.14,2427.2514627412697
8.142,2427.2514627412697
8.144,2427.2514627412697
8.146,2427.2514627412697
8.148,2427.2514627412697
8.15,2427.2514627412697
8.152000000000001,2427.2514627412697
8.154,2427.2514627412697
8.156,2427.2514627412697
8.158,2427.2514627412697
8.16,2427.2514627412697
8.162,2427.2514627412697
8.164,2427.2514627412697
8.166,2427.2514627412697
8.168000000000001,2427.2514627412697
8.17,2427.2514627412697
8.172,2427.2514627412697
8.174,2427.2514627412697
8.176,2427.2514627412697
8.178,2427.2514627412697
8.18,2427.2514627412697
8.182,2427.2514627412697
8.184000000000001,2427.2514627412697
8.186,2427.2514627412697
8.188,2427.2514627412697
8.19,2427.2514627412697
8.192,2427.2514627412697
8.194,2427.2514627412697
8.196,2427.2514627412697
8.198,2427.2514627412697
8.2,2427.2514627412697
8.202,2427.2514627412697
8.204,2427.2514627412697
8.206,2427.2514627412697
8.208,2427.2514627412697
8.21,2427.2514627412697
8.212,2427.2514627412697
8.214,2427.2514627412697
8.216,2427.2514627412697
8.218,2427.2514627412697
8.22,2427.2514627412697
8.222,2427.2514627412697
8.224,2427.2514627412697
8.226,2427.2514627412697
8.228,2427.2514627412697
8.23,2427.2514627412697
8.232,2427.2514627412697
8.234,2427.2514627412697
8.236,2427.2514627412697
8.238,2427.2514627412697
8.24,2427.2514627412697
8.242,2427.2514627412697
8.244,2427.2514627412697
8.246,2427.2514627412697
8.248,2427.2514627412697
8.25,2427.2514627412697
8.252,2427.2514627412697
8.254,2427.2514627412697
8.256,2427.2514627412697
8.258000000000001,2427.2514627412697
8.26,2427.2514627412697
8.262,2427.2514627412697
8.264,2427.2514627412697
8.266,2427.2514627412697
8.268,2427.2514627412697
8.27,2427.2514627412697
8.272,2427.2514627412697
8.274000000000001,2427.2514627412697
8.276,2427.2514627412697
8.278,2427.2514627412697
8.28,2427.2514627412697
8.282,2427.2514627412697
8.284,2427.2514627412697
8.286,2427.2514627412697
8.288,2427.2514627412697
8.290000000000001,2427.2514627412697
8.292,2427.2514627412697
8.294,2427.2514627412697
8.296,2427.2514627412697
8.298,2427.2514627412697
8.3,2427.2514627412697
8.302,2427.2514627412697
8.304,2427.2514627412697
8.306000000000001,2427.2514627412697
8.308,2427.2514627412697
8.31,2427.2514627412697
8.312,2427.2514627412697
8.314,2427.2514627412697
8.316,2427.2514627412697
8.318,2427.2514627412697
8.32,2427.2514627412697
8.322000000000001,2427.2514627412697
8.324,2427.2514627412697
8.326,2427.2514627412697
8.328,2427.2514627412697
8.33,2427.2514627412697
8.332,2427.2514627412697
8.334,2427.2514627412697
8.336,2427.2514627412697
8.338000000000001,2427.2514627412697
8.34,2427.2514627412697
8.342,2427.2514627412697
8.344,2427.2514627412697
8.346,2427.2514627412697
8.348,2427.2514627412697
8.35,2427.2514627412697
8.352,2427.2514627412697
8.354000000000001,2427.2514627412697
8.356,2427.2514627412697
8.358,2427.2514627412697
8.36,2427.2514627412697
8.362,2427.2514627412697
8.364,2427.2514627412697
8.366,2427.2514627412697
8.368,2427.2514627412697
8.370000000000001,2427.2514627412697
8.372,2427.2514627412697
8.374,2427.2514627412697
8.376,2427.2514627412697
8.378,2427.2514627412697
8.38,2427.2514627412697
8.382,2427.2514627412697
8.384,2427.2514627412697
8.386000000000001,2427.2514627412697
8.388,2427.2514627412697
8.39,2427.2514627412697
8.392,2427.2514627412697
8.394,2427.2514627412697
8.396,2427.2514627412697
8.398,2427.2514627412697
8.4,2427.2514627412697
8.402000000000001,2427.2514627412697
8.404,2427.2514627412697
8.406,2427.2514627412697
8.408,2427.2514627412697
8.41,2427.2514627412697
8.412,2427.2514627412697
8.414,2427.2514627412697
8.416,2427.2514627412697
8.418000000000001,2427.2514627412697
8.42,2427.2514627412697
8.422,2427.2514627412697
8.424,2427.2514627412697
8.426,2427.2514627412697
8.428,2427.2514627412697
8.43,2427.2514627412697
8.432,2427.2514627412697
8.434000000000001,2427.2514627412697
8.436,2427.2514627412697
8.438,2427.2514627412697
8.44,2427.2514627412697
8.442,2427.2514627412697
8.444,2427.2514627412697
8.446,2427.2514627412697
8.448,2427.2514627412697
8.45,2427.2514627412697
8.452,2427.2514627412697
8.454,2427.2514627412697
8.456,2427.2514627412697
8.458,2427.2514627412697
8.46,2427.2514627412697
8.462,2427.2514627412697
8.464,2427.2514627412697
8.466,2427.2514627412697
8.468,2427.2514627412697
8.47,2427.2514627412697
8.472,2427.2514627412697
8.474,2427.2514627412697
8.476,2427.2514627412697
8.478,2427.2514627412697
8.48,2427.2514627412697
8.482,2427.2514627412697
8.484,2427.2514627412697
8.486,2427.2514627412697
8.488,2427.2514627412697
8.49,2427.2514627412697
8.492,2427.2514627412697
8.494,2427.2514627412697
8.496,2427.2514627412697
8.498,2427.2514627412697
8.5,2427.2514627412697
8.502,2427.2514627412697
8.504,2427.2514627412697
8.506,2427.2514627412697
8.508000000000001,2427.2514627412697
8.51,2427.2514627412697
8.512,2427.2514627412697
8.514,2427.2514627412697
8.516,2427.2514627412697
8.518,2427.2514627412697
8.52,2427.2514627412697
8.522,2427.2514627412697
8.524000000000001,2427.2514627412697
8.526,2427.2514627412697
8.528,2427.2514627412697
8.53,2427.2514627412697
8.532,2427.2514627412697
8.534,2427.2514627412697
8.536,2427.2514627412697
8.538,2427.2514627412697
8.540000000000001,2427.2514627412697
8.542,2427.2514627412697
8.544,2427.2514627412697
8.546,2427.2514627412697
8.548,2427.2514627412697
8.55,2427.2514627412697
8.552,2427.2514627412697
8.554,2427.2514627412697
8.556000000000001,2427.2514627412697
8.558,2427.2514627412697
8.56,2427.2514627412697
8.562,2427.2514627412697
8.564,2427.2514627412697
8.566,2427.2514627412697
8.568,2427.2514627412697
8.57,2427.2514627412697
8.572000000000001,2427.2514627412697
8.574,2427.2514627412697
8.576,2427.2514627412697
8.578,2427.2514627412697
8.58,2427.2514627412697
8.582,2427.2514627412697
8.584,2427.2514627412697
8.586,2427.2514627412697
8.588000000000001,2427.2514627412697
8.59,2427.2514627412697
8.592,2427.2514627412697
8.594,2427.2514627412697
8.596,2427.2514627412697
8.598,2427.2514627412697
8.6,2427.2514627412697
8.602,2427.2514627412697
8.604000000000001,2427.2514627412697
8.606,2427.2514627412697
8.608,2427.2514627412697
8.61,2427.2514627412697
8.612,2427.2514627412697
8.614,2427.2514627412697
8.616,2427.2514627412697
8.618,2427.2514627412697
8.620000000000001,2427.2514627412697
8.622,2427.2514627412697
8.624,2427.2514627412697
8.626,2427.2514627412697
8.628,2427.2514627412697
8.63,2427.2514627412697
8.632,2427.2514627412697
8.634,2427.2514627412697
8.636000000000001,2427.2514627412697
8.638,2427.2514627412697
8.64,2427.2514627412697
8.642,2427.2514627412697
8.644,2427.2514627412697
8.646,2427.2514627412697
8.648,2427.2514627412697
8.65,2427.2514627412697
8.652000000000001,2427.2514627412697
8.654,2427.2514627412697
8.656,2427.2514627412697
8.658,2427.2514627412697
8.66,2427.2514627412697
8.662,2427.2514627412697
8.664,2427.2514627412697
8.666,2427.2514627412697
8.668000000000001,2427.2514627412697
8.67,2427.2514627412697
8.672,2427.2514627412697
8.674,2427.2514627412697
8.676,2427.2514627412697
8.678,2427.2514627412697
8.68,2427.2514627412697
8.682,2427.2514627412697
8.684000000000001,2427.2514627412697
8.686,2427.2514627412697
8.688,2427.2514627412697
8.69,2427.2514627412697
8.692,2427.2514627412697
8.694,2427.2514627412697
8.696,2427.2514627412697
8.698,2427.2514627412697
8.700000000000001,2427.2514627412697
8.702,2427.2514627412697
8.704,2427.2514627412697
8.706,2427.2514627412697
8.708,2427.2514627412697
8.71,2427.2514627412697
8.712,2427.2514627412697
8.714,2427.2514627412697
8.716,2427.2514627412697
8.718,2427.2514627412697
8.72,2427.2514627412697
8.722,2427.2514627412697
8.724,2427.2514627412697
8.726,2427.2514627412697
8.728,2427.2514627412697
8.73,2427.2514627412697
8.732,2427.2514627412697
8.734,2427.2514627412697
8.736,2427.2514627412697
8.738,2427.2514627412697
8.74,2427.2514627412697
8.742,2427.2514627412697
8.744,2427.2514627412697
8.746,2427.2514627412697
8.748,2427.2514627412697
8.75,2427.2514627412697
8.752,2427.2514627412697
8.754,2427.2514627412697
8.756,2427.2514627412697
8.758000000000001,2427.2514627412697
8.76,2427.2514627412697
8.762,2427.2514627412697
8.764,2427.2514627412697
8.766,2427.2514627412697
8.768,2427.2514627412697
8.77,2427.2514627412697
8.772,2427.2514627412697
8.774000000000001,2427.2514627412697
8.776,2427.2514627412697
8.778,2427.2514627412697
8.78,2427.2514627412697
8.782,2427.2514627412697
8.784,2427.2514627412697
8.786,2427.2514627412697
8.788,2427.2514627412697
8.790000000000001,2427.2514627412697
8.792,2427.2514627412697
8.794,2427.2514627412697
8.796,2427.2514627412697
8.798,2427.2514627412697
8.8,2427.2514627412697
8.802,2427.2514627412697
8.804,2427.2514627412697
8.806000000000001,2427.2514627412697
8.808,2427.2514627412697
8.81,2427.2514627412697
8.812,2427.2514627412697
8.814,2427.2514627412697
8.816,2427.2514627412697
8.818,2427.2514627412697
8.82,2427.2514627412697
8.822000000000001,2427.2514627412697
8.824,2427.2514627412697
8.826,2427.2514627412697
8.828,2427.2514627412697
8.83,2427.2514627412697
8.832,2427.2514627412697
8.834,2427.2514627412697
8.836,2427.2514627412697
8.838000000000001,2427.2514627412697
8.84,2427.2514627412697
8.842,2427.2514627412697
8.844,2427.2514627412697
8.846,2427.2514627412697
8.848,2427.2514627412697
8.85,2427.2514627412697
8.852,2427.2514627412697
8.854000000000001,2427.2514627412697
8.856,2427.2514627412697
8.858,2427.2514627412697
8.86,2427.2514627412697
8.862,2427.2514627412697
8.864,2427.2514627412697
8.866,2427.2514627412697
8.868,2427.2514627412697
8.870000000000001,2427.2514627412697
8.872,2427.2514627412697
8.874,2427.2514627412697
8.876,2427.2514627412697
8.878,2427.2514627412697
8.88,2427.2514627412697
8.882,2427.2514627412697
8.884,2427.2514627412697
8.886000000000001,2427.2514627412697
8.888,2427.2514627412697
8.89,2427.2514627412697
8.892,2427.2514627412697
8.894,2427.2514627412697
8.896,2427.2514627412697
8.898,2427.2514627412697
8.9,2427.2514627412697
8.902000000000001,2427.2514627412697
8.904,2427.2514627412697
8.906,2427.2514627412697
8.908,2427.2514627412697
8.91,2427.2514627412697
8.912,2427.2514627412697
8.914,2427.2514627412697
8.916,2427.2514627412697
8.918000000000001,2427.2514627412697
8.92,2427.2514627412697
8.922,2427.2514627412697
8.924,2427.2514627412697
8.926,2427.2514627412697
8.928,2427.2514627412697
8.93,2427.2514627412697
8.932,2427.2514627412697
8.934000000000001,2427.2514627412697
8.936,2427.2514627412697
8.938,2427.2514627412697
8.94,2427.2514627412697
8.942,2427.2514627412697
8.944,2427.2514627412697
8.946,2427.2514627412697
8.948,2427.2514627412697
8.950000000000001,2427.2514627412697
8.952,2427.2514627412697
8.954,2427.2514627412697
8.956,2427.2514627412697
8.958,2427.2514627412697
8.96,2427.2514627412697
8.962,2427.2514627412697
8.964,2427.2514627412697
8.966,2427.2514627412697
8.968,2427.2514627412697
8.97,2427.2514627412697
8.972,2427.2514627412697
8.974,2427.2514627412697
8.976,2427.2514627412697
8.978,2427.2514627412697
8.98,2427.2514627412697
8.982,2427.2514627412697
8.984,2427.2514627412697
8.986,2427.2514627412697
8.988,2427.2514627412697
8.99,2427.2514627412697
8.992,2427.2514627412697
8.994,2427.2514627412697
8.996,2427.2514627412697
8.998,2427.2514627412697
9.0,2427.2514627412697
9.002,2427.2514627412697
9.004,2427.2514627412697
9.006,2427.2514627412697
9.008000000000001,2427.2514627412697
9.01,2427.2514627412697
9.012,2427.2514627412697
9.014,2427.2514627412697
9.016,2427.2514627412697
9.018,2427.2514627412697
9.02,2427.2514627412697
9.022,2427.2514627412697
9.024000000000001,2427.2514627412697
9.026,2427.2514627412697
9.028,2427.2514627412697
9.03,2427.2514627412697
9.032,2427.2514627412697
9.034,2427.2514627412697
9.036,2427.2514627412697
9.038,2427.2514627412697
9.040000000000001,2427.2514627412697
9.042,2427.2514627412697
9.044,2427.2514627412697
9.046,2427.2514627412697
9.048,2427.2514627412697
9.05,2427.2514627412697
9.052,2427.2514627412697
9.054,2427.2514627412697
9.056000000000001,2427.2514627412697
9.058,2427.2514627412697
9.06,2427.2514627412697
9.062,2427.2514627412697
9.064,2427.2514627412697
9.066,2427.2514627412697
9.068,2427.2514627412697
9.07,2427.2514627412697
9.072000000000001,2427.2514627412697
9.074,2427.2514627412697
9.076,2427.2514627412697
9.078,2427.2514627412697
9.08,2427.2514627412697
9.082,2427.2514627412697
9.084,2427.2514627412697
9.086,2427.2514627412697
9.088000000000001,2427.2514627412697
9.09,2427.2514627412697
9.092,2427.2514627412697
9.094,2427.2514627412697
9.096,2427.2514627412697
9.098,2427.2514627412697
9.1,2427.2514627412697
9.102,2427.2514627412697
9.104000000000001,2427.2514627412697
9.106,2427.2514627412697
9.108,2427.2514627412697
9.11,2427.2514627412697
9.112,2427.2514627412697
9.114,2427.2514627412697
9.116,2427.2514627412697
9.118,2427.2514627412697
9.120000000000001,2427.2514627412697
9.122,2427.2514627412697
9.124,2427.2514627412697
9.126,2427.2514627412697
9.128,2427.2514627412697
9.13,2427.2514627412697
9.132,2427.2514627412697
9.134,2427.2514627412697
9.136000000000001,2427.2514627412697
9.138,2427.2514627412697
9.14,2427.2514627412697
9.142,2427.2514627412697
9.144,2427.2514627412697
9.146,2427.2514627412697
9.148,2427.2514627412697
9.15,2427.2514627412697
9.152000000000001,2427.2514627412697
9.154,2427.2514627412697
9.156,2427.2514627412697
9.158,2427.2514627412697
9.16,2427.2514627412697
9.162,2427.2514627412697
9.164,2427.2514627412697
9.166,2427.2514627412697
9.168000000000001,2427.2514627412697
9.17,2427.2514627412697
9.172,2427.2514627412697
9.174,2427.2514627412697
9.176,2427.2514627412697
9.178,2427.2514627412697
9.18,2427.2514627412697
9.182,2427.2514627412697
9.184000000000001,2427.2514627412697
9.186,2427.2514627412697
9.188,2427.2514627412697
9.19,2427.2514627412697
9.192,2427.2514627412697
9.194,2427.2514627412697
9.196,2427.2514627412697
9.198,2427.2514627412697
9.200000000000001,2427.2514627412697
9.202,2427.2514627412697
9.204,2427.2514627412697
9.206,2427.2514627412697
9.208,2427.2514627412697
9.21,2427.2514627412697
9.212,2427.2514627412697
9.214,2427.2514627412697
9.216000000000001,2427.2514627412697
9.218,2427.2514627412697
9.22,2427.2514627412697
9.222,2427.2514627412697
9.224,2427.2514627412697
9.226,2427.2514627412697
9.228,2427.2514627412697
9.23,2427.2514627412697
9.232,2427.2514627412697
9.234,2427.2514627412697
9.236,2427.2514627412697
9.238,2427.2514627412697
9.24,2427.2514627412697
9.242,2427.2514627412697
9.244,2427.2514627412697
9.246,2427.2514627412697
9.248,2427.2514627412697
9.25,2427.2514627412697
9.252,2427.2514627412697
9.254,2427.2514627412697
9.256,2427.2514627412697
9.258000000000001,2427.2514627412697
9.26,2427.2514627412697
9.262,2427.2514627412697
9.264,2427.2514627412697
9.266,2427.2514627412697
9.268,2427.2514627412697
9.27,2427.2514627412697
9.272,2427.2514627412697
9.274000000000001,2427.2514627412697
9.276,2427.2514627412697
9.278,2427.2514627412697
9.28,2427.2514627412697
9.282,2427.2514627412697
9.284,2427.2514627412697
9.286,2427.2514627412697
9.288,2427.2514627412697
9.290000000000001,2427.2514627412697
9.292,2427.2514627412697
9.294,2427.2514627412697
9.296,2427.2514627412697
9.298,2427.2514627412697
9.3,2427.2514627412697
9.302,2427.2514627412697
9.304,2427.2514627412697
9.306000000000001,2427.2514627412697
9.308,2427.2514627412697
9.31,2427.2514627412697
9.312,2427.2514627412697
9.314,2427.2514627412697
9.316,2427.2514627412697
9.318,2427.2514627412697
9.32,2427.2514627412697
9.322000000000001,2427.2514627412697
9.324,2427.2514627412697
9.326,2427.2514627412697
9.328,2427.2514627412697
9.33,2427.2514627412697
9.332,2427.2514627412697
9.334,2427.2514627412697
9.336,2427.2514627412697
9.338000000000001,2427.2514627412697
9.34,2427.2514627412697
9.342,2427.2514627412697
9.344,2427.2514627412697
9.346,2427.2514627412697
9.348,2427.2514627412697
9.35,2427.2514627412697
9.352,2427.2514627412697
9.354000000000001,2427.2514627412697
9.356,2427.2514627412697
9.358,2427.428358035136
9.36,2427.4953850147217
9.362,2427.506556096813
9.364,2427.500161050002
9.366,2427.4999587465786
9.368,2427.5180265182807
9.370000000000001,2427.558130757493
9.372,2427.6186233432454
9.374,2427.6943344624024
9.376,2427.7774875250366
9.378,2427.8580599175666
9.38,2427.924112613265
9.382,2427.962437018504
9.384,2427.959565970594
9.386000000000001,2427.9029386486186
9.388,2427.7819214360634
9.39,2427.588495947602
9.392,2427.317638034171
9.394,2426.9675716341017
9.396,2426.540080994624
9.398,2426.0409131559686
9.4,2425.4801050715246
9.402000000000001,2424.871942716339
9.404,2424.2342637922857
9.406,2423.586956559483
9.408,2422.9497488887773
9.41,2422.3396387856646
9.412,2421.768481324205
9.414,2421.241249060138
9.416,2420.7553281362434
9.418000000000001,2420.3009598404055
9.42,2419.862679763043
9.422,2419.4214411017706
9.424,2418.9570812285447
9.426,2418.4508576490525
9.428,2417.8878462701377
9.43,2417.2590012344854
9.432,2416.5626367104846
9.434000000000001,2415.8050674902943
9.436,2415.000196641095
9.438,2414.1679915963405
9.44,2413.3320191390503
9.442,2412.516439532898
9.444,2411.743003564616
9.446,2411.0285964163418
9.448,2410.3837211569808
9.450000000000001,2409.812050875247
9.452,2409.3108791032128
9.454,2408.8720790504094
9.456,2408.4831726857624
9.458,2408.1283405373606
9.46,2407.574248954411
9.462,2407.0661754340754
9.464,2406.555561173957
9.466000000000001,2405.997579220027
9.468,2405.3545621301046
9.47,2404.5968392720065
9.472,2403.70153769194
9.474,2402.6505493210298
9.476,2401.4289855498905
9.478,2400.0249847434534
9.48,2398.4309480564457
9.482,2396.6455521450307
9.484,2394.675546204734
9.486,2392.53647747491
9.488,2390.251971703813
9.49,2387.851756917015
9.492,2385.3689933191777
9.494,2382.837532686863
9.496,2380.2895432801142
9.498,2377.753677972837
9.5,2375.2537879851157
9.502,2372.8081446572323
9.504,2370.4291816527652
9.506,2368.1238175346975
9.508000000000001,2365.894386220955
9.51,2363.7400743885223
9.512,2361.6586000501743
9.514,2359.6477688874875
9.516,2357.706596182139
9.518,2355.8358816332493
9.52,2354.0383747690153
9.522,2352.3188155447483
9.524000000000001,2350.6840578325878
9.526,2349.143209322035
9.528,2347.7074420997437
9.53,2346.389067024954
9.532,2345.199709240389
9.534,2344.1478658036344
9.536,2343.2365380778842
9.538,2342.4617829611225
9.540000000000001,2341.812811231019
9.542,2341.2737447846503
9.544,2340.8265387783185
9.546,2340.454137894349
9.548,2340.1428548973413
9.55,2339.883269430271
9.552,2339.6695245556234
9.554,2339.497530077878
9.556000000000001,2339.363012176004
9.558,2339.260343776527
9.56,2339.1825820703307
9.562,2339.122393014824
9.564,2339.0730416876013
9.566,2339.0286859488165
9.568,2338.9837360742104
9.57,2338.9316768040962
9.572000000000001,2338.8641391574033
9.574,2338.7709637994194
9.576,2338.6415356235116
9.578,2338.4670250142735
9.58,2338.2426868141965
9.582,2337.9693010505844
9.584,2337.6532178845887
9.586,2337.3050850031595
9.588000000000001,2336.937869436586
9.59,2336.564975947936
9.592,2336.199041792553
9.594,2335.8515159458157
9.596,2335.5327059259
9.598,2335.251834066612
9.6,2335.016820336233
9.602,2334.833823367205
9.604000000000001,2334.7067700036155
9.606,2334.63705316437
9.608,2334.6233689548576
9.61,2334.661505704504
9.612,2334.743935248551
9.614,2334.859284533738
9.616,2334.9920351333517
9.618,2335.122900148618
9.620000000000001,2335.2301382103874
9.622,2335.291652098729
9.624,2335.287321740839
9.626,2335.200893459214
9.628,2335.0209816026604
9.63,2334.7411946497296
9.632,2334.359806729811
9.634,2333.8795291443957
9.636000000000001,2333.3077262109373
9.638,2332.6569849337748
9.64,2331.945527890011
9.642,2331.1967927643395
9.644,2330.437709876559
9.646,2329.6957117545107
9.648,2328.9950631491124
9.65,2328.353443662698
9.652000000000001,2327.7797056989375
9.654,2327.273388407725
9.656,2326.8260334872666
9.658,2326.423810772456
9.66,2326.0506237229633
9.662,2325.6908807649884
9.664,2325.3314677899702
9.666,2324.9629149405346
9.668000000000001,2324.5800466735677
9.67,2324.182411456274
9.672,2323.774580004022
9.674,2323.3661731687143
9.676,2322.971397569709
9.678,2322.6079553427435
9.68,2322.295371891551
9.682,2322.0529589237503
9.684000000000001,2321.897732130588
9.686,2321.8425923422865
9.688,2321.894968012608
9.69,2322.055979915087
9.692,2322.320113961163
9.694,2322.6754131190705
9.696,2323.1042859251675
9.698,2323.5850748108146
9.700000000000001,2324.094422748897
9.702,2324.6101932539264
9.704,2325.114352728613
9.706,2325.5950302773817
9.708,2326.0470944187937
9.71,2326.4710266088155
9.712,2326.870459870378
9.714,2327.249234784746
9.716000000000001,2327.6089790991623
9.718,2327.9479629343728
9.72,2328.2614421775766
9.722,2328.5431300765676
9.724,2328.787072827854
9.726,2328.9891701627425
9.728,2329.1478431944206
9.73,2329.263759152056
9.732,2329.338890737241
9.734,2329.3753790516694
9.736,2329.374639272653
9.738,2329.3369463342824
9.74,2329.2614834435612
9.742,2329.146661205698
9.744,2328.9904788155372
9.746,2328.79077354239
9.748,2328.545338432864
9.75,2328.2520266898564
9.752,2327.909031853728
9.754,2327.5154802300094
9.756,2327.0723171363084
9.758000000000001,2326.5833012581656
9.76,2326.0558310879214
9.762,2325.5013398079564
9.764,2324.9350678913934
9.766,2324.375103240901
9.768,2323.8406691533773
9.77,2323.3497901601354
9.772,2322.9166881905194
9.774000000000001,2322.5494747723724
9.776,2322.248762847113
9.778,2322.007618873887
9.78,2321.8128604611734
9.782,2321.647272939409
9.784,2321.4920720959694
9.786,2321.32897474409
9.788,2321.1415240095175
9.790000000000001,2320.9157034104715
9.792,2320.6401546824445
9.794,2320.3063549144263
9.796,2319.9089309743804
9.798,2319.4460245504697
9.8,2318.919417268201
9.802,2318.3340833061143
9.804,2317.696983084871
9.806000000000001,2317.015191994214
9.808,2316.293758265957
9.81,2315.5338702822073
9.812,2314.7318869851138
9.814,2313.87953643262
9.816,2312.9652184269357
9.818,2311.976018789416
9.82,2310.899886916277
9.822000000000001,2309.7274801629296
9.824,2308.453366468839
9.826,2307.076478951593
9.828,2305.5998570877455
9.83,2304.029799364862
9.832,2302.3746398170115
9.834,2300.6434512586616
9.836,2298.8450058558337
9.838000000000001,2296.9872154978552
9.84,2295.077047198481
9.842,2293.1206818921632
9.844,2291.1235987242026
9.846,2289.0903851072962
9.848,2287.0243318430794
9.85,2284.92711608737
9.852,2282.7989553587886
9.854000000000001,2280.639474803246
9.856,2278.449218833359
9.858,2276.231393369727
9.86,2273.9932089896724
9.862,2271.746226685195
9.864,2269.5054000094174
9.866,2267.286950837027
9.868,2265.1056331444415
9.870000000000001,2262.972162414107
9.872,2260.891524581093
9.874,2258.8625605036805
9.876,2256.8787939913277
9.878,2254.9301014358302
9.88,2253.0046301394473
9.882,2251.0904045257043
9.884,2249.1762686053994
9.886000000000001,2247.2520961031337
9.888,2245.3084537524765
9.89,2243.336052018941
9.892,2241.325325473995
9.894,2239.266374767268
9.896,2237.14933889062
9.898,2234.965112106101
9.9,2232.706204363022
9.902000000000001,2230.367473903306
9.904,2227.9464482866183
9.906,2225.4430238479868
9.908,2222.8585102050756
9.91,2220.1942270746567
9.912,2217.4500725469097
9.914,2214.6235666236134
9.916,2211.70977305649
9.918000000000001,2208.7022308321502
9.92,2205.5946851493272
9.922,2202.3831361859557
9.924,2199.0676222813845
9.926,2195.6532458678953
9.928,2192.150189363566
9.93,2188.5727617791595
9.932,2184.937766058424
9.934000000000001,2181.2626168005836
9.936,2177.5636490110933
9.938,2173.8549604647524
9.94,2170.147967122563
9.942,2166.4516666968166
9.944,2162.773430800154
9.946,2159.1200162679547
9.948,2155.4984511724724
9.950000000000001,2151.9165318480973
9.952,2148.382814333189
9.954,2144.906119030269
9.956,2141.494657168488
9.958,2138.1549403644576
9.96,2134.890659422294
9.962,2131.7017207743006
9.964,2128.583621653824
9.966000000000001,2125.527332332519
9.968,2122.519809702018
9.97,2119.54514889208
9.972,2116.586187869484
9.974,2113.626195450521
9.976,2110.650212169411
9.978,2107.6457293420003
9.98,2104.602637058311
9.982000000000001,2101.5126426136235
9.984,2098.3685543331244
9.986,2095.1638769142583
9.988,2091.8930568594715
9.99,2088.552469574435
9.992,2085.141909748905
9.994,2081.6660445394923
9.996,2078.1351556664813
9.998,2074.5646195954932
10.0,2070.9729240031425
10.002,2067.378461918465
10.004,2063.7957236443985
10.006,2060.2317013840247
10.008000000000001,2056.683281673129
10.01,2053.1361524610797
10.012,2049.565397695893
10.014,2045.937637997206
10.016,2042.2144116482418
10.018,2038.356474536065
10.02,2034.3287183581815
10.022,2030.1053355884824
10.024000000000001,2025.6746685208977
10.026,2021.0429540164469
10.028,2016.2360497748816
10.03,2011.2983399536688
10.032,2006.2884691496542
10.034,2001.2723135070692
10.036,1996.3144313077532
10.038,1991.469774122077
10.040000000000001,1986.7773903796083
10.042,1982.257205235288
10.044,1977.910012695689
10.046,1973.7199881210604
10.048,1969.6586149340205
10.05,1965.6889561558
10.052,1961.7695215468889
10.054,1957.8573652827586
10.056000000000001,1953.910346831892
10.058,1949.8886517633741
10.06,1945.755734985366
10.062,1941.4788841637596
10.064,1937.0296500676216
10.066,1932.38444077475
10.068,1927.5255706397231
10.07,1922.442933412654
10.072000000000001,1917.1362099848968
10.074,1911.6171588378018
10.076,1905.9111691551495
10.078,1900.0570446044842
10.08,1894.104133196347
10.082,1888.1065742660824
10.084,1882.1155097832059
10.086,1876.1711758249057
10.088000000000001,1870.2972597797802
10.09,1864.499402645528
10.092,1858.768354035291
10.094,1853.0866160637456
10.096,1847.4361739321046
10.098,1841.804635136145
10.1,1836.1878622517438
10.102,1830.5886112524572
10.104000000000001,1825.0121625816946
10.106,1819.4608862834293
10.108,1813.9298371041232
10.11,1808.4049261836929
10.112,1802.8643093818491
10.114,1797.2827467031595
10.116,1791.6380551732013
10.118,1785.9184204725211
10.120000000000001,1780.1291516853528
10.122,1774.2974057532094
10.124,1768.4735311933196
10.126,1762.7280744586888
10.128,1757.1442074202037
10.13,1751.8063572010042
10.132,1746.7869946292387
10.134,1742.134475954832
10.136000000000001,1737.865017082653
10.138,1733.9610003958608
10.14,1730.3760514717608
10.142,1727.0452978019214
10.144,1723.8976822767968
10.146,1720.866719316989
10.148,1717.8968554004853
10.15,1714.9443789577253
10.152000000000001,1711.9739615820704
10.154,1708.9535766793902
10.156,1705.8510673289206
10.158,1702.6347832396727
10.16,1699.2787859950356
10.162,1695.770913174509
10.164,1692.1204331622125
10.166,1688.3617671429931
10.168000000000001,1684.551885208026
10.17,1680.7610372741033
10.172,1677.0587135985961
10.174,1673.4984162126561
10.176,1670.1054237451956
10.178,1666.8710039700234
10.18,1663.754653354318
10.182,1660.693547783305
10.184000000000001,1657.6162991700971
10.186,1654.4570215084443
10.188,1651.1659722571876
10.19,1647.71453246154
10.192,1644.0943750938438
10.194,1640.3124052295652
10.196,1636.383725765293
10.198,1632.3244413003333
10.200000000000001,1628.1451748224474
10.202,1623.8455609296943
10.204,1619.410141940724
10.206,1614.8067757044862
10.208,1609.989074632144
10.21,1604.9037677999052
10.212,1599.5021056579767
10.214,1593.752305348033
10.216000000000001,1587.6488284985737
10.218,1581.214899306498
10.22,1574.4970674703875
10.222,1567.5537922379895
10.224,1560.4424713224835
10.226,1553.2098126258363
10.228,1545.8886637075257
10.23,1538.50128445475
10.232000000000001,1531.0661684141285
10.234,1523.6042500990388
10.236,1516.1411301468747
10.238,1508.704243209858
10.24,1501.3164601044787
10.242,1493.9891809944747
10.244,1486.4509333198873
10.246,1478.7457515702129
10.248,1470.9204870435908
10.25,1463.0212511221
10.252,1455.0920620416223
10.254,1447.1764564600135
10.256,1439.3212435947507
10.258000000000001,1431.5802472632395
10.26,1424.0154664735749
10.262,1416.6938864577596
10.264,1409.6799338309058
10.266,1403.0255596510142
10.268,1396.7612813414455
10.27,1390.8916101414798
10.272,1385.397031713764
10.274000000000001,1380.2424990521235
10.276,1375.3899973982316
10.278,1370.811057822806
10.28,1366.4949051563228
10.282,1362.4494816304184
10.284,1358.6953531426034
10.286,1355.255305784506
10.288,1352.1440136063393
10.290000000000001,1349.3617693788767
10.292,1346.8941008944485
10.294,1344.71623236056
10.296,1342.7992805359288
10.298,1341.1148669850363
10.3,1339.636481817213
10.302,1338.3383617703491
10.304,1337.1943205643297
10.306000000000001,1336.1788524850638
10.308,1335.2710081740556
10.31,1334.4592054656423
10.312,1333.7438720396758
10.314,1333.1355738910756
10.316,1332.6487161042833
10.318,1332.293554592005
10.32,1332.0704915551016
10.322000000000001,1331.969618519192
10.324,1331.9756767419867
10.326,1332.0755221042716
10.328,1332.2635452804222
10.33,1332.5413068722453
10.332,1332.9105510339505
10.334,1333.3622357432796
10.336,1333.8664481453993
10.338000000000001,1334.3679485981281
10.34,1334.7897207066005
10.342,1335.0435022567588
10.344,1335.0435022567588
10.346,1335.0435022567588
10.348,1335.0435022567588
10.35,1335.0435022567588
10.352,1335.0435022567588
10.354000000000001,1335.0435022567588
10.356,1335.0435022567588
10.358,1335.0435022567588
10.36,1335.0435022567588
10.362,1335.0435022567588
10.364,1335.0435022567588
10.366,1335.0435022567588
10.368,1335.0435022567588
10.370000000000001,1335.0435022567588
10.372,1335.0435022567588
10.374,1335.0435022567588
10.376,1335.0435022567588
10.378,1335.0435022567588
10.38,1335.0435022567588
10.382,1335.0435022567588
10.384,1335.0435022567588
10.386000000000001,1335.0435022567588
10.388,1335.0435022567588
10.39,1335.0435022567588
10.392,1335.0435022567588
10.394,1335.0435022567588
10.396,1335.0435022567588
10.398,1335.0435022567588
10.4,1335.0435022567588
10.402000000000001,1335.0435022567588
10.404,1335.0435022567588
10.406,1335.0435022567588
10.408,1335.0435022567588
10.41,1335.0435022567588
10.412,1335.0435022567588
10.414,1335.0435022567588
10.416,1335.0435022567588
10.418000000000001,1335.0435022567588
10.42,1335.0435022567588
10.422,1335.0435022567588
10.424,1335.0435022567588
10.426,1335.0435022567588
10.428,1335.0435022567588
10.43,1335.0435022567588
10.432,1335.0435022567588
10.434000000000001,1335.0435022567588
10.436,1335.0435022567588
10.438,1335.0435022567588
10.44,1335.0435022567588
10.442,1335.0435022567588
10.444,1335.0435022567588
10.446,1335.0435022567588
10.448,1335.0435022567588
10.450000000000001,1335.0435022567588
10.452,1335.0435022567588
10.454,1335.0435022567588
10.456,1335.0435022567588
10.458,1335.0435022567588
10.46,1335.0435022567588
10.462,1335.0435022567588
10.464,1335.0435022567588
10.466000000000001,1335.0435022567588
10.468,1335.0435022567588
10.47,1335.0435022567588
10.472,1335.0435022567588
10.474,1335.0435022567588
10.476,1335.0435022567588
10.478,1335.0435022567588
10.48,1335.0435022567588
10.482000000000001,1335.0435022567588
10.484,1335.0435022567588
10.486,1335.0435022567588
10.488,1335.0435022567588
10.49,1335.0435022567588
10.492,1335.0435022567588
10.494,1335.0435022567588
10.496,1335.0435022567588
10.498,1335.0435022567588
10.5,1335.0435022567588
10.502,1335.0435022567588
10.504,1335.0435022567588
10.506,1335.0435022567588
10.508000000000001,1335.0435022567588
10.51,1335.0435022567588
10.512,1335.0435022567588
10.514,1335.0435022567588
10.516,1335.0435022567588
10.518,1335.0435022567588
10.52,1335.0435022567588
10.522,1335.0435022567588
10.524000000000001,1335.0435022567588
10.526,1335.0435022567588
10.528,1335.0435022567588
10.53,1335.0435022567588
10.532,1335.0435022567588
10.534,1335.0435022567588
10.536,1335.0435022567588
10.538,1335.0435022567588
10.540000000000001,1335.0435022567588
10.542,1335.0435022567588
10.544,1335.0435022567588
10.546,1335.0435022567897
10.548,1335.0435022567895
10.55,1335.0435022567895
10.552,1335.0435022567895
10.554,1335.0435022567895
10.556000000000001,1335.0435022567895
10.558,1335.0435022567892
10.56,1335.0435022567892
10.562,1335.0435022567892
10.564,1335.0435022567892
10.566,1335.043502256789
10.568,1335.043502256789
10.57,1335.043502256789
10.572000000000001,1335.043502256789
10.574,1335.0435022567888
10.576,1335.0435022567888
10.578,1335.0435022567888
10.58,1335.0435022567888
10.582,1335.0435022567885
10.584,1335.0435022567885
10.586,1335.0435022567885
10.588000000000001,1335.0435022567885
10.59,1335.0435022567883
10.592,1335.0435022567883
10.594,1335.0435022567883
